tag,pred_m1_hot,pred_m1_p3,pred_m1_p7,pred_m1_p15,fc_d1,fc_d2,fc_d3,fc_d4,fc_d5,fc_d6,fc_d7,fc_d8,fc_d9,fc_d10,fc_d11,fc_d12,fc_d13,fc_d14,fc_d15,fc_d16,fc_d17,fc_d18,fc_d19,fc_d20,fc_d21,fc_d22,fc_d23,fc_d24,fc_d25,fc_d26,fc_d27,fc_d28,fc_d29,fc_d30,pred_point,true_m1_hot,true_m1_p3,true_m1_p7,true_m1_p15,split
2021-06-14,35.03331756591797,34.961822509765625,34.57527160644531,33.966796875,33.130027770996094,33.1692008972168,33.335086822509766,33.78594970703125,33.48680114746094,33.216434478759766,33.973052978515625,33.966796875,33.32329559326172,34.30046844482422,33.45039749145508,33.806861877441406,33.66264343261719,34.197410583496094,33.95252990722656,33.78455352783203,34.42034149169922,34.597694396972656,33.94521713256836,33.77283477783203,35.03331756591797,34.641746520996094,34.521331787109375,33.85310363769531,34.28050231933594,34.961822509765625,34.391788482666016,34.659793853759766,34.57527160644531,34.99767303466797,2021-06-13,38.108333333333334,36.84166666666666,36.15833333333333,34.025,test
2021-06-21,34.658172607421875,34.417579650878906,33.94505310058594,33.77614212036133,32.537940979003906,32.547576904296875,32.61900329589844,33.42205047607422,33.67089080810547,33.27793502807617,33.30168151855469,33.3256950378418,33.267391204833984,33.25010681152344,33.8499641418457,33.49281311035156,33.8372802734375,33.555213928222656,33.453060150146484,33.736778259277344,34.08014678955078,34.177978515625,33.93275451660156,33.77614212036133,33.94505310058594,33.888282775878906,34.658172607421875,34.417579650878906,33.44404602050781,34.11573791503906,33.93949890136719,34.43328094482422,33.913047790527344,33.77618408203125,2021-06-20,38.958333333333336,36.95,36.65,35.13333333333333,test
2021-06-28,36.13204574584961,35.196258544921875,34.973751068115234,34.685882568359375,36.13204574584961,34.38359069824219,34.49603271484375,34.07843780517578,33.92045593261719,34.19438934326172,34.06891632080078,34.38544464111328,34.15103530883789,34.78078079223633,34.973751068115234,34.71890640258789,34.44886779785156,34.80455780029297,34.52329635620117,34.470829010009766,34.67646026611328,34.93291091918945,34.48358154296875,34.90867614746094,35.354530334472656,34.08001708984375,35.10120391845703,34.7259407043457,34.72599792480469,35.17328643798828,35.196258544921875,34.685882568359375,35.090576171875,34.618896484375,2021-06-27,38.958333333333336,36.95,36.65,34.791666666666664,test
2021-07-01,36.072174072265625,35.98154830932617,35.50293731689453,35.17818832397461,36.02839660644531,35.44157409667969,35.28349304199219,34.99272155761719,35.24198532104492,34.44129943847656,34.466373443603516,34.80337905883789,34.52046203613281,35.362083435058594,35.397315979003906,34.11634063720703,34.94239807128906,35.286109924316406,35.17818832397461,34.82728576660156,34.817237854003906,35.17084884643555,35.865665435791016,35.50293731689453,35.7354736328125,34.96843719482422,34.1338005065918,36.072174072265625,35.11244201660156,35.91942596435547,34.96155548095703,35.98154830932617,35.11387634277344,35.47036361694336,2021-06-30,38.958333333333336,36.858333333333334,36.01666666666667,34.78333333333333,test
2021-07-07,35.8380012512207,35.5328369140625,35.47141647338867,35.008365631103516,33.357723236083984,34.22285461425781,34.03719711303711,34.62453842163086,34.76320266723633,34.83216857910156,34.3817024230957,35.48204040527344,34.56521987915039,34.53265380859375,34.65137481689453,34.880008697509766,35.80966567993164,34.47369384765625,35.18111038208008,34.90348434448242,35.5328369140625,35.38404083251953,35.008365631103516,34.89385223388672,35.47141647338867,35.08123779296875,35.8380012512207,35.45310974121094,35.16514587402344,35.301910400390625,35.49575424194336,35.5046272277832,35.468505859375,34.898780822753906,2021-07-06,39.833333333333336,38.958333333333336,36.858333333333334,35.13333333333333,test
2021-07-14,35.65863800048828,35.54114532470703,35.32848358154297,34.954200744628906,34.43199157714844,34.92682647705078,34.717674255371094,34.604835510253906,35.54114532470703,34.407798767089844,34.73175811767578,35.10856628417969,34.51657485961914,34.46738815307617,34.14000701904297,34.883995056152344,34.79426574707031,34.601341247558594,34.77732467651367,35.10236358642578,34.83333206176758,34.970176696777344,35.32848358154297,35.37532043457031,35.225189208984375,35.65863800048828,35.2498893737793,35.565242767333984,35.04704284667969,35.386924743652344,35.42966842651367,34.58052062988281,34.954200744628906,35.24300003051758,2021-07-13,40.09166666666666,39.8,37.94166666666667,35.266666666666666,test
2021-07-21,36.26155090332031,35.86488723754883,35.739166259765625,35.49837875366211,35.177001953125,35.81138229370117,35.55004119873047,35.38201141357422,35.86488723754883,35.34294891357422,35.49837875366211,34.783348083496094,35.600494384765625,35.290096282958984,35.295074462890625,35.31950378417969,35.628841400146484,35.35060119628906,35.359886169433594,35.80010223388672,34.92493438720703,35.5914306640625,35.6005859375,35.562965393066406,35.45769500732422,35.9017333984375,36.26155090332031,35.30833435058594,35.668006896972656,35.332115173339844,35.739166259765625,35.75391387939453,35.34391784667969,35.050968170166016,2021-07-20,40.09166666666666,39.8,37.550000000000004,35.025000000000006,test
2021-07-28,35.69506072998047,35.430686950683594,35.347373962402344,35.18510437011719,34.962921142578125,34.84389114379883,34.72093200683594,35.232810974121094,35.425148010253906,35.37505340576172,34.939117431640625,35.33200454711914,34.82669448852539,35.2239990234375,34.993682861328125,35.15559768676758,35.347373962402344,34.886024475097656,35.247283935546875,35.176963806152344,35.324554443359375,35.430686950683594,35.69506072998047,35.03961181640625,34.91181182861328,35.451316833496094,34.9783821105957,35.14060974121094,35.22315979003906,35.272918701171875,35.00398254394531,35.40168762207031,35.18510437011719,34.340476989746094,2021-07-27,40.09166666666666,39.8,37.550000000000004,35.25,test
2021-08-01,35.972740173339844,35.873748779296875,35.75771713256836,35.63106155395508,35.850948333740234,35.63106155395508,35.935218811035156,35.65919494628906,35.69795227050781,35.31407928466797,35.27682113647461,35.17512512207031,35.5262336730957,35.873748779296875,35.717681884765625,35.75124740600586,35.01521301269531,35.21874237060547,35.214332580566406,34.8304443359375,35.26630401611328,35.639739990234375,35.75771713256836,35.11055374145508,35.704673767089844,35.74238586425781,35.972740173339844,35.1064453125,35.82594299316406,35.02972412109375,35.076656341552734,35.80183410644531,35.3273811340332,35.438133239746094,2021-07-31,40.09166666666666,39.8,37.550000000000004,35.266666666666666,test
2021-08-07,38.091773986816406,37.66791534423828,36.488346099853516,36.05573272705078,38.091773986816406,37.72523498535156,37.66791534423828,36.95460510253906,36.586631774902344,36.26126480102539,37.20025634765625,36.3984375,36.23891830444336,36.488346099853516,36.122337341308594,35.88471984863281,36.39832305908203,35.68744659423828,35.64595031738281,36.05573272705078,35.49695587158203,35.977359771728516,35.69881820678711,36.114990234375,35.7432861328125,35.79974365234375,35.35589599609375,35.517234802246094,35.77998352050781,35.52891159057617,36.27592468261719,36.04780197143555,35.14928436279297,35.40275955200195,2021-08-06,40.09166666666666,36.391666666666666,35.55,34.86666666666667,test
2021-08-14,36.76764678955078,36.645565032958984,36.204307556152344,35.69435119628906,36.204307556152344,36.76764678955078,36.40093231201172,36.004966735839844,36.63636779785156,36.645565032958984,36.11835479736328,36.67839813232422,36.03289794921875,35.69435119628906,35.84685516357422,35.91474151611328,35.39299774169922,36.265769958496094,35.784603118896484,35.49259948730469,35.620811462402344,35.72123336791992,35.60142517089844,35.40596008300781,35.21112823486328,34.817047119140625,34.67015838623047,35.29399871826172,35.3353385925293,34.902915954589844,35.446868896484375,34.67335510253906,33.786643981933594,34.587520599365234,2021-08-13,36.391666666666666,35.94166666666667,35.15,33.925,test
2021-08-21,35.717926025390625,35.492027282714844,35.23117446899414,35.13400650024414,35.717926025390625,35.313133239746094,35.22502517700195,35.23117446899414,35.204322814941406,35.18540954589844,35.71381378173828,34.98649215698242,35.19586944580078,35.28106689453125,34.909637451171875,35.13400650024414,35.1013298034668,34.86109161376953,35.492027282714844,35.214195251464844,35.212188720703125,34.934967041015625,35.15577697753906,34.877685546875,35.30672836303711,34.34394073486328,34.36675262451172,34.91205596923828,34.86467742919922,34.1465950012207,33.90534973144531,34.26133728027344,34.538143157958984,33.94023132324219,2021-08-20,36.391666666666666,35.94166666666667,35.15,33.85833333333334,test
2021-08-28,35.93680953979492,35.494415283203125,35.00678253173828,34.6005859375,35.93680953979492,35.585147857666016,35.494415283203125,35.14057159423828,34.785945892333984,35.00678253173828,35.083740234375,34.577449798583984,35.15583419799805,34.61294174194336,34.52263259887695,34.60242462158203,34.93693542480469,34.79917907714844,34.08982467651367,34.6005859375,34.21931838989258,34.50537872314453,34.692901611328125,34.60259246826172,34.100685119628906,34.23430633544922,34.33134078979492,34.111907958984375,33.424800872802734,33.64929962158203,33.76285934448242,33.539756774902344,33.070655822753906,33.55982208251953,2021-08-27,36.00833333333333,35.38333333333333,34.13333333333333,32.85,test
2021-09-01,34.79563903808594,34.698951721191406,34.44868469238281,34.04145431518555,34.12699890136719,34.28157043457031,34.47285461425781,34.42327117919922,34.79563903808594,34.698951721191406,34.52680969238281,34.059349060058594,34.702178955078125,34.44868469238281,34.430511474609375,34.26142120361328,34.4713134765625,33.597496032714844,34.15800476074219,33.79998779296875,34.038818359375,33.61360549926758,33.86468505859375,33.824676513671875,33.49317932128906,34.04145431518555,33.58397674560547,33.3511962890625,33.30185317993164,33.502601623535156,33.082496643066406,33.18882369995117,32.697792053222656,32.501914978027344,2021-08-31,36.00833333333333,34.36666666666667,33.87500000000001,32.11666666666667,test
2021-09-07,34.3522834777832,33.8469352722168,33.717529296875,33.338706970214844,32.56941223144531,33.1965217590332,33.62012481689453,33.18035125732422,33.50399398803711,33.77838134765625,33.822059631347656,33.698875427246094,33.415496826171875,33.817176818847656,34.3522834777832,33.702396392822266,34.09026336669922,33.717529296875,33.49498748779297,33.63450241088867,32.889976501464844,33.338706970214844,33.8469352722168,32.9492073059082,32.421546936035156,33.269100189208984,32.853092193603516,33.023590087890625,33.214080810546875,32.67628479003906,32.33233642578125,31.9376220703125,32.02291488647461,32.81449890136719,2021-09-06,36.00833333333333,34.36666666666667,32.79166666666667,30.33333333333333,test
2021-09-14,35.09294128417969,34.30010223388672,33.47392272949219,32.67036819458008,35.09294128417969,34.312416076660156,33.714080810546875,33.63779830932617,33.54650115966797,34.30010223388672,32.81478500366211,33.152099609375,32.694244384765625,33.47392272949219,33.18562698364258,32.67326354980469,32.902549743652344,32.718841552734375,32.51038360595703,32.53643798828125,32.58355712890625,32.67036819458008,32.447998046875,32.28376770019531,32.376487731933594,32.03439712524414,31.757022857666016,31.97772216796875,31.559160232543945,31.796545028686523,31.655881881713867,31.145919799804688,30.99066162109375,30.62157440185547,2021-09-13,34.36666666666667,34.025000000000006,32.56666666666667,30.33333333333333,test
2021-09-21,33.893470764160156,32.85316467285156,32.54707336425781,31.812170028686523,33.893470764160156,33.20533752441406,32.721946716308594,32.6614990234375,32.85316467285156,32.27515411376953,32.789085388183594,32.265159606933594,32.54707336425781,31.812170028686523,32.04638671875,31.907974243164062,31.96921730041504,31.97354507446289,31.728496551513672,32.169525146484375,31.043643951416016,31.67966079711914,31.30211639404297,30.74443244934082,30.876670837402344,30.82676887512207,30.494857788085938,30.611082077026367,29.534725189208984,30.35691261291504,30.91326904296875,30.055850982666016,30.038164138793945,29.87877655029297,2021-09-20,34.36666666666667,34.025000000000006,30.908333333333335,29.95,test
2021-09-28,31.73647689819336,31.137176513671875,30.87933349609375,30.450958251953125,30.450958251953125,30.18792724609375,30.87933349609375,31.114849090576172,31.137176513671875,30.853778839111328,31.73647689819336,31.052120208740234,30.573509216308594,30.653581619262695,31.169132232666016,30.60019302368164,30.730396270751953,30.526697158813477,30.559768676757812,31.065643310546875,30.173128128051758,29.76116180419922,29.74436378479004,30.36972427368164,29.480632781982422,29.994281768798828,29.576480865478516,29.49740982055664,29.40096664428711,29.22467613220215,29.259977340698242,28.783166885375977,28.597532272338867,28.48516845703125,2021-09-27,34.025000000000006,30.958333333333332,30.516666666666666,28.65833333333333,test
2021-10-01,30.137760162353516,29.85482406616211,29.311016082763672,29.08164405822754,28.897048950195312,29.20277214050293,29.311016082763672,29.48841094970703,28.81534194946289,28.802276611328125,28.91118621826172,28.716663360595703,28.63660430908203,29.08164405822754,28.56759262084961,29.116178512573242,28.7493896484375,29.13460922241211,29.126483917236328,29.143131256103516,28.842689514160156,29.85482406616211,29.600448608398438,30.137760162353516,29.420700073242188,28.823261260986328,28.792062759399414,29.24886703491211,29.03479766845703,29.138748168945312,29.857707977294922,28.903724670410156,28.900917053222656,28.077884674072266,2021-09-30,34.025000000000006,31.150000000000002,30.84166666666667,28.65833333333333,test
2021-10-07,29.439220428466797,29.013439178466797,28.82175636291504,28.47022247314453,28.47022247314453,28.918846130371094,28.533273696899414,28.82175636291504,29.08237075805664,27.395496368408203,28.791465759277344,28.449527740478516,28.69651222229004,28.486846923828125,28.79999542236328,28.43075942993164,28.91001319885254,27.826255798339844,27.777751922607422,28.30345916748047,28.82074546813965,29.439220428466797,28.040393829345703,28.54522705078125,27.242210388183594,28.87982940673828,27.890296936035156,27.915306091308594,28.364580154418945,28.315826416015625,28.06713104248047,28.435077667236328,28.279956817626953,29.013439178466797,2021-10-06,34.025000000000006,31.800000000000008,30.85833333333333,27.84166666666667,test
2021-10-14,30.011882781982422,29.64604949951172,29.27790069580078,28.166046142578125,30.011882781982422,29.93319320678711,29.519241333007812,29.64604949951172,29.218734741210938,29.464141845703125,29.148021697998047,29.396841049194336,29.27790069580078,28.81765365600586,28.497295379638672,28.390289306640625,28.32790756225586,28.166046142578125,28.10598373413086,27.61616325378418,28.317106246948242,27.772615432739258,27.347003936767578,27.620670318603516,26.820270538330078,27.405746459960938,27.1444091796875,26.625761032104492,26.866275787353516,27.535213470458984,25.841350555419922,26.63868522644043,26.015438079833984,26.42854881286621,2021-10-13,31.808333333333334,30.958333333333332,29.874999999999996,27.141666666666666,test
2021-10-21,27.722251892089844,27.355693817138672,27.108661651611328,26.171205520629883,26.171205520629883,27.01001739501953,26.958351135253906,27.034975051879883,27.336606979370117,27.355693817138672,27.722251892089844,26.86602020263672,27.257957458496094,26.88652992248535,27.108661651611328,27.429704666137695,27.163414001464844,26.651935577392578,26.925830841064453,26.005699157714844,25.82515525817871,25.50827407836914,25.89398765563965,26.077346801757812,26.165592193603516,25.1353759765625,25.187864303588867,24.986835479736328,24.596466064453125,24.635622024536133,25.32954216003418,25.412763595581055,25.082164764404297,24.305166244506836,2021-10-20,31.808333333333334,30.116666666666664,29.45833333333333,26.88333333333333,test
2021-10-28,27.217004776000977,27.061784744262695,26.668827056884766,25.120361328125,27.074058532714844,27.217004776000977,26.766408920288086,27.061784744262695,26.76386070251465,26.873428344726562,26.668827056884766,26.441333770751953,26.337203979492188,26.184890747070312,26.50582504272461,24.534038543701172,24.972198486328125,25.341026306152344,25.678394317626953,24.547077178955078,25.114500045776367,25.120361328125,24.46664047241211,25.211353302001953,24.41604995727539,23.669082641601562,24.64226531982422,24.582935333251953,24.13459587097168,24.90361976623535,23.742834091186523,23.983537673950195,23.8753662109375,23.073076248168945,2021-10-27,31.808333333333334,30.116666666666664,29.45833333333333,25.675,test
2021-11-01,27.247705459594727,26.940006256103516,25.968902587890625,23.947139739990234,26.965654373168945,27.247705459594727,26.74829864501953,26.940006256103516,26.370830535888672,26.599903106689453,25.968902587890625,25.43304443359375,25.3197021484375,24.908573150634766,25.48760986328125,24.770471572875977,24.794727325439453,24.397024154663086,23.502506256103516,23.72123146057129,23.947139739990234,23.632225036621094,23.711368560791016,22.856204986572266,23.726369857788086,23.14111328125,23.208599090576172,23.28448486328125,22.763145446777344,22.783222198486328,21.956872940063477,21.745206832885742,21.978347778320312,20.984792709350586,2021-10-31,31.808333333333334,30.116666666666664,29.299999999999997,25.64166666666667,test
2021-11-07,28.08945083618164,27.237266540527344,25.985679626464844,24.16501808166504,28.08945083618164,27.409984588623047,27.237266540527344,27.030319213867188,26.361648559570312,26.016138076782227,25.985679626464844,25.42966079711914,25.614173889160156,25.580020904541016,25.283979415893555,24.26690101623535,24.47766876220703,24.16501808166504,24.444629669189453,23.374666213989258,23.68677520751953,23.19291877746582,23.672718048095703,22.904918670654297,22.9324951171875,23.211475372314453,23.946569442749023,23.468971252441406,22.621963500976562,22.72979736328125,23.23407554626465,23.269895553588867,21.87332534790039,21.574630737304688,2021-11-06,31.5,29.45833333333333,27.141666666666666,23.491666666666664,test
2021-11-14,25.78964614868164,25.023151397705078,24.972057342529297,23.242908477783203,24.998891830444336,24.97309112548828,25.072593688964844,25.023151397705078,25.78964614868164,25.008224487304688,24.972057342529297,24.373760223388672,24.93411636352539,23.737445831298828,24.178176879882812,24.205554962158203,24.02167510986328,23.003192901611328,23.242908477783203,22.881160736083984,23.197608947753906,23.222278594970703,22.92354965209961,23.345205307006836,22.1046142578125,22.12526512145996,22.222434997558594,22.29239273071289,21.21010971069336,22.425867080688477,21.78339195251465,21.66440200805664,21.24321174621582,22.158594131469727,2021-11-13,31.5,29.09166666666667,25.391666666666666,22.683333333333334,test
2021-11-21,23.557697296142578,23.47158432006836,23.118091583251953,22.12561798095703,21.586959838867188,21.53611183166504,22.12561798095703,22.857036590576172,23.546241760253906,23.47158432006836,23.341100692749023,23.202848434448242,23.068660736083984,23.118091583251953,22.65420913696289,23.18865966796875,22.384063720703125,23.071964263916016,22.09124183654785,22.26572036743164,21.408164978027344,22.189067840576172,23.557697296142578,21.00029754638672,21.848403930664062,21.68269920349121,21.21235466003418,20.792518615722656,21.13602638244629,20.534252166748047,20.91717529296875,20.82011604309082,20.210620880126953,19.585224151611328,2021-11-20,31.5,29.09166666666667,23.933333333333337,21.291666666666668,test
2021-11-28,24.31759262084961,23.33627700805664,22.99770736694336,21.556949615478516,24.30523681640625,24.31759262084961,23.015605926513672,23.33627700805664,22.99770736694336,23.29265785217285,22.559810638427734,23.16141128540039,22.070497512817383,22.659809112548828,22.190898895263672,22.759174346923828,22.05003547668457,21.940549850463867,20.65268325805664,21.556949615478516,21.12485694885254,19.688749313354492,19.90036392211914,20.13574981689453,20.72345542907715,20.6386775970459,19.918628692626953,20.445804595947266,19.434118270874023,19.34515380859375,20.230743408203125,20.188297271728516,19.929258346557617,19.562009811401367,2021-11-27,31.5,29.09166666666667,22.100000000000005,19.316666666666666,test
2021-12-01,27.41131019592285,25.365955352783203,23.44795036315918,22.428466796875,27.41131019592285,25.365955352783203,25.86564064025879,23.44795036315918,24.490726470947266,24.302223205566406,23.42218589782715,23.750593185424805,23.375598907470703,22.526275634765625,23.163654327392578,23.240476608276367,22.428466796875,23.188772201538086,21.397188186645508,22.447229385375977,22.241683959960938,21.264883041381836,20.741716384887695,21.155447006225586,20.484607696533203,20.39634895324707,21.462488174438477,21.22786521911621,20.336894989013672,21.705036163330078,20.70528793334961,20.662742614746094,20.382522583007812,21.254985809326172,2021-11-30,25.84166666666667,23.933333333333337,21.291666666666668,18.308333333333337,test
2021-12-07,22.17844009399414,21.947113037109375,21.463157653808594,20.76950454711914,21.174560546875,22.17844009399414,21.754409790039062,21.947113037109375,21.523160934448242,21.463157653808594,22.08819580078125,21.19051742553711,21.809768676757812,21.397296905517578,21.31476402282715,21.319982528686523,20.756105422973633,21.268638610839844,20.76950454711914,20.484272003173828,20.22634506225586,19.94019889831543,19.610742568969727,19.99744415283203,19.47989845275879,20.774160385131836,19.32399559020996,19.927705764770508,19.98590087890625,19.90187644958496,19.325271606445312,19.900543212890625,19.533546447753906,19.467662811279297,2021-12-06,25.84166666666667,23.933333333333337,18.541666666666668,17.141666666666666,test
2021-12-14,23.004362106323242,21.725162506103516,21.325716018676758,20.10515785217285,23.004362106323242,21.799880981445312,21.438167572021484,21.455188751220703,21.725162506103516,21.025508880615234,21.46902084350586,21.011062622070312,21.325716018676758,20.426589965820312,21.290435791015625,20.831981658935547,20.427783966064453,20.10515785217285,20.638721466064453,19.648454666137695,18.8100528717041,18.753589630126953,18.996936798095703,19.140708923339844,18.145038604736328,19.57863998413086,18.88321304321289,19.02174949645996,18.434598922729492,18.858844757080078,18.527135848999023,18.233369827270508,18.436969757080078,18.60599136352539,2021-12-13,21.583333333333332,20.8,18.466666666666665,16.808333333333334,test
2021-12-21,15.835013389587402,15.696610450744629,15.325994491577148,14.573578834533691,13.324883460998535,13.778021812438965,15.478277206420898,15.354442596435547,15.735845565795898,15.012947082519531,14.735979080200195,14.573578834533691,15.142066955566406,14.573387145996094,14.262319564819336,15.325994491577148,14.570375442504883,15.696610450744629,14.90215015411377,15.835013389587402,14.139078140258789,13.594599723815918,15.095271110534668,14.964923858642578,13.030281066894531,13.399116516113281,14.429254531860352,13.267841339111328,13.73119831085205,15.680438995361328,13.683509826660156,13.603830337524414,15.06049919128418,13.530679702758789,2021-12-20,21.583333333333332,20.433333333333334,18.308333333333337,16.616666666666664,test
2021-12-28,19.017454147338867,18.812393188476562,18.59844970703125,18.02672576904297,18.812393188476562,18.56330680847168,18.59844970703125,18.380489349365234,18.65317726135254,18.783279418945312,18.48092269897461,19.017454147338867,18.537921905517578,18.02672576904297,18.93378257751465,18.300579071044922,17.973669052124023,17.925689697265625,18.772695541381836,18.0929012298584,17.780437469482422,18.334495544433594,17.630126953125,16.83526611328125,17.637392044067383,16.856769561767578,16.56407928466797,17.22001075744629,16.571983337402344,16.761276245117188,16.727542877197266,16.67038345336914,16.168153762817383,17.321876525878906,2021-12-27,21.583333333333332,20.433333333333334,18.308333333333337,15.875,test
2022-01-01,19.06829071044922,18.841150283813477,18.54654312133789,18.262638092041016,17.16877555847168,17.749610900878906,17.09630584716797,17.967966079711914,18.679107666015625,18.19890022277832,18.035367965698242,18.62726593017578,17.41478157043457,17.95252227783203,18.451820373535156,18.4274845123291,18.016956329345703,18.0247859954834,18.0194034576416,18.323963165283203,18.054370880126953,18.113494873046875,18.885475158691406,19.06829071044922,18.54654312133789,17.848770141601562,18.262638092041016,18.443164825439453,18.46721649169922,17.90239143371582,18.366771697998047,18.468975067138672,18.841150283813477,18.63986587524414,2021-12-31,21.583333333333332,20.433333333333334,18.091666666666665,15.041666666666664,test
2022-01-07,19.283843994140625,18.584714889526367,18.257369995117188,17.913833618164062,19.283843994140625,18.193357467651367,18.49781608581543,17.600055694580078,17.888723373413086,17.980093002319336,17.65140151977539,17.644824981689453,17.913833618164062,18.718414306640625,18.341796875,17.612102508544922,17.415042877197266,17.922351837158203,18.11969757080078,18.584714889526367,17.389286041259766,17.52663803100586,17.807296752929688,17.270523071289062,17.775787353515625,18.03208351135254,18.288524627685547,17.603845596313477,18.254789352416992,17.820693969726562,18.257369995117188,17.62751007080078,18.02688217163086,17.208003997802734,2022-01-06,21.583333333333332,20.433333333333334,18.283333333333335,14.016666666666666,test
2022-01-14,18.096412658691406,17.926193237304688,17.825244903564453,17.285755157470703,16.811735153198242,16.8603458404541,17.078140258789062,17.55557632446289,17.839088439941406,17.438995361328125,18.096412658691406,17.252758026123047,18.052715301513672,17.692176818847656,17.08397674560547,17.22814178466797,17.285755157470703,17.809064865112305,16.949560165405273,17.926193237304688,17.25771713256836,16.80299949645996,17.066455841064453,17.52594757080078,17.19036865234375,16.86443519592285,17.231834411621094,17.268423080444336,17.637792587280273,17.26215362548828,17.912839889526367,17.825244903564453,17.652549743652344,17.90085220336914,2022-01-13,21.125000000000004,18.85833333333333,16.358333333333334,13.516666666666667,test
2022-01-21,12.777570724487305,12.684815406799316,12.388875961303711,11.998675346374512,10.605517387390137,11.385964393615723,11.578001976013184,12.6797456741333,12.504276275634766,12.684815406799316,12.777570724487305,12.377920150756836,12.671953201293945,12.13598346710205,11.753679275512695,12.22033977508545,12.192095756530762,11.701894760131836,11.053041458129883,12.223400115966797,12.012906074523926,11.378780364990234,10.738858222961426,12.690004348754883,10.809234619140625,12.388875961303711,10.155377388000488,10.245948791503906,12.230430603027344,11.998675346374512,11.296061515808105,11.526176452636719,11.461880683898926,10.08004093170166,2022-01-20,21.125000000000004,19.816666666666663,17.900000000000002,15.4,test
2022-01-28,12.66913890838623,11.829185485839844,11.615938186645508,11.044402122497559,9.851245880126953,10.587089538574219,10.259546279907227,9.95337200164795,10.422782897949219,11.56356430053711,10.72662353515625,10.569145202636719,11.049428939819336,10.953741073608398,10.972587585449219,11.368093490600586,10.599567413330078,11.352218627929688,12.229736328125,11.77747917175293,11.621393203735352,11.071191787719727,11.044402122497559,10.781391143798828,10.673707962036133,10.716279983520508,12.66913890838623,11.308334350585938,11.829185485839844,10.603110313415527,11.615938186645508,11.501762390136719,10.770406723022461,11.616314888000488,2022-01-27,24.633333333333336,21.125,18.85833333333333,16.65,test
2022-02-01,14.171968460083008,13.920300483703613,13.58371353149414,13.092560768127441,13.645889282226562,13.188457489013672,12.920186042785645,13.701279640197754,13.529394149780273,13.56929874420166,13.920300483703613,12.516363143920898,12.703396797180176,13.585177421569824,13.529779434204102,12.88287353515625,13.58371353149414,12.120052337646484,12.282121658325195,12.610551834106445,13.092560768127441,11.36220932006836,12.65432357788086,11.578372955322266,13.360337257385254,14.06403923034668,12.393396377563477,11.940999984741211,12.692708015441895,14.171968460083008,13.107585906982422,13.040958404541016,12.833755493164062,13.099592208862305,2022-01-31,25.116666666666664,21.608333333333334,19.816666666666663,17.900000000000002,test
2022-02-07,16.42831802368164,15.420978546142578,15.073446273803711,14.861637115478516,15.073446273803711,15.038142204284668,15.016209602355957,14.664495468139648,15.057661056518555,14.861637115478516,14.52250862121582,15.334602355957031,14.446717262268066,15.00169563293457,14.673624038696289,14.87449836730957,14.456802368164062,14.470152854919434,14.751510620117188,15.086214065551758,14.301959991455078,14.978858947753906,14.418072700500488,14.54876708984375,16.323448181152344,14.599153518676758,14.41479206085205,14.9945068359375,13.563098907470703,15.420978546142578,14.727808952331543,13.757888793945312,15.30999755859375,16.42831802368164,2022-02-06,27.583333333333332,24.633333333333336,20.716666666666665,18.716666666666665,test
2022-02-14,18.86520004272461,17.824798583984375,17.177448272705078,16.522600173950195,18.86520004272461,18.237329483032227,17.771488189697266,17.012855529785156,17.255104064941406,16.12126350402832,16.432106018066406,16.737701416015625,16.359878540039062,17.824798583984375,16.454368591308594,17.028057098388672,16.50473403930664,16.522600173950195,15.881624221801758,15.240276336669922,17.177448272705078,16.633888244628906,16.807571411132812,17.17897605895996,14.559948921203613,16.074172973632812,16.956270217895508,16.436668395996094,15.950387954711914,16.335386276245117,16.750333786010742,15.980842590332031,16.064571380615234,14.980146408081055,2022-02-13,27.583333333333332,24.633333333333336,20.716666666666665,18.558333333333334,test
2022-02-21,22.546253204345703,20.772380828857422,20.32284164428711,19.11480712890625,15.933457374572754,16.378807067871094,17.08234405517578,17.010576248168945,17.019214630126953,17.888708114624023,17.86981773376465,17.486291885375977,18.37481689453125,17.332759857177734,18.30460548400879,18.20319366455078,18.553071975708008,19.356685638427734,18.965585708618164,19.11480712890625,19.31468391418457,19.31747817993164,19.022319793701172,19.418212890625,19.37540626525879,20.17725944519043,20.427698135375977,19.53521156311035,20.401573181152344,20.32284164428711,20.772380828857422,20.5767822265625,20.888925552368164,22.546253204345703,2022-02-20,27.583333333333332,24.633333333333336,20.716666666666665,18.000000000000004,test
2022-02-28,24.19529151916504,23.100170135498047,22.472665786743164,21.054561614990234,18.88440704345703,18.782203674316406,18.952030181884766,19.51704978942871,18.78725814819336,19.636520385742188,18.849681854248047,20.29621696472168,20.111007690429688,19.647781372070312,19.599266052246094,20.747163772583008,21.414676666259766,22.089813232421875,19.654651641845703,20.847576141357422,20.30777359008789,21.51007080078125,21.159910202026367,21.054561614990234,22.033653259277344,22.448781967163086,22.607484817504883,22.12040138244629,22.67144012451172,23.183900833129883,22.472665786743164,22.52694320678711,23.100170135498047,24.19529151916504,2022-02-27,27.83636363636364,25.116666666666664,20.716666666666665,17.0,test
2022-03-01,24.3102970123291,23.659040451049805,22.59392547607422,21.404396057128906,19.427143096923828,18.17623519897461,18.736230850219727,18.824050903320312,19.004899978637695,19.81995964050293,19.528301239013672,19.608673095703125,20.307228088378906,20.20198631286621,20.721355438232422,21.187952041625977,21.404396057128906,21.127958297729492,20.523738861083984,22.063846588134766,21.99313735961914,21.976091384887695,21.838424682617188,21.20905113220215,22.59392547607422,22.77130126953125,22.228694915771484,21.992698669433594,21.83380126953125,23.659040451049805,23.44519805908203,22.77043914794922,24.3102970123291,24.226322174072266,2022-02-28,27.83636363636364,25.116666666666664,21.40909090909091,17.0,test
2022-03-07,24.844829559326172,24.31964111328125,23.926212310791016,22.388385772705078,23.65041732788086,21.923065185546875,20.372146606445312,19.995101928710938,20.663738250732422,20.138755798339844,21.451602935791016,20.062353134155273,21.6585750579834,21.561214447021484,21.242206573486328,21.852977752685547,21.956195831298828,23.43081283569336,21.95957374572754,22.247142791748047,22.8319091796875,22.388385772705078,24.19525909423828,24.13153839111328,23.12552833557129,23.647315979003906,22.379493713378906,24.456676483154297,23.926212310791016,23.110689163208008,24.844829559326172,24.062469482421875,24.31964111328125,23.625133514404297,2022-03-06,34.31818181818182,32.71818181818182,27.00909090909091,17.87272727272727,test
2022-03-14,24.84524917602539,24.579662322998047,23.316394805908203,21.702945709228516,16.475299835205078,17.63077163696289,18.449901580810547,18.816925048828125,19.27295684814453,18.72895050048828,19.81073760986328,19.952503204345703,20.409780502319336,20.826072692871094,21.502717971801758,21.64742660522461,21.75995635986328,21.382404327392578,22.3359317779541,21.702945709228516,21.697973251342773,21.579570770263672,22.85698890686035,22.232528686523438,22.98748207092285,22.66059112548828,23.742420196533203,24.26598358154297,24.579662322998047,23.316394805908203,23.20403289794922,23.874195098876953,24.621023178100586,24.84524917602539,2022-03-13,35.43636363636364,33.09090909090909,30.39090909090909,21.40909090909091,test
2022-03-21,14.902429580688477,14.641486167907715,14.305573463439941,13.779273986816406,13.904911041259766,14.669893264770508,14.195298194885254,14.641486167907715,14.902429580688477,13.801004409790039,14.305573463439941,13.836860656738281,13.779273986816406,13.850040435791016,14.62495231628418,14.273194313049316,14.543594360351562,14.016088485717773,13.645162582397461,14.595026016235352,12.991754531860352,13.729793548583984,13.195055961608887,13.285993576049805,13.196684837341309,13.42434310913086,13.124839782714844,13.49556827545166,13.095504760742188,12.832084655761719,13.154706954956055,12.131706237792969,12.406803131103516,13.557836532592773,2022-03-20,37.25454545454545,34.99166666666667,30.64545454545454,26.5,test
2022-03-28,17.90802001953125,16.472776412963867,16.07347869873047,15.651151657104492,17.90802001953125,15.871219635009766,16.80803108215332,15.856094360351562,16.235946655273438,16.472776412963867,15.7908935546875,15.651151657104492,15.745494842529297,16.109310150146484,15.414196014404297,14.635986328125,15.407801628112793,16.07347869873047,16.32564353942871,15.442678451538086,14.255815505981445,16.004907608032227,14.321358680725098,15.427671432495117,14.963472366333008,14.568160057067871,15.836430549621582,15.638534545898438,15.785442352294922,14.786764144897461,15.518475532531738,14.349092483520508,15.270009994506836,14.602680206298828,2022-03-27,37.25454545454545,34.99166666666667,31.49166666666667,27.641666666666666,test
2022-04-01,25.576438903808594,20.711795806884766,20.23360824584961,19.493396759033203,25.576438903808594,22.32827377319336,20.711795806884766,19.790361404418945,19.358402252197266,18.802785873413086,19.584142684936523,18.21054458618164,20.115297317504883,18.951740264892578,20.409530639648438,19.527236938476562,19.752904891967773,19.493396759033203,20.542320251464844,19.786380767822266,19.10890769958496,18.547801971435547,19.11404037475586,17.768814086914062,17.988689422607422,20.467979431152344,19.301864624023438,19.013397216796875,20.23360824584961,19.022916793823242,19.43566131591797,19.6453914642334,17.17847442626953,18.084335327148438,2022-03-31,37.25454545454545,35.43636363636364,33.09090909090909,28.59166666666667,test
2022-04-07,35.41395950317383,35.30723571777344,34.08827209472656,33.21076965332031,35.41395950317383,35.17691421508789,34.08827209472656,33.271812438964844,34.45320129394531,33.37053680419922,33.814308166503906,34.26232147216797,33.344024658203125,31.966028213500977,32.022071838378906,32.01592254638672,32.307586669921875,33.4588623046875,32.683448791503906,31.63762855529785,32.689056396484375,31.6774845123291,32.01842498779297,32.88608932495117,33.21076965332031,30.931013107299805,31.72254180908203,35.35761260986328,33.219364166259766,31.566402435302734,31.426034927368164,35.30723571777344,33.378013610839844,31.782320022583008,2022-04-06,37.25454545454545,35.641666666666666,31.49166666666667,27.59166666666667,test
2022-04-14,29.201290130615234,29.051685333251953,28.814876556396484,27.83009910583496,23.47471046447754,24.30313491821289,25.225204467773438,25.388957977294922,25.713375091552734,26.63631820678711,26.750965118408203,27.238773345947266,27.583194732666016,26.103229522705078,27.83009910583496,26.934005737304688,27.386978149414062,26.56287384033203,27.574872970581055,27.983055114746094,27.81417465209961,28.735885620117188,27.984825134277344,28.160781860351562,28.814876556396484,27.98351287841797,29.051685333251953,29.201290130615234,28.413227081298828,28.92510986328125,29.028118133544922,28.800851821899414,29.003841400146484,29.107723236083984,2022-04-13,37.25454545454545,35.641666666666666,32.31666666666667,27.86666666666667,test
2022-04-21,31.308979034423828,30.464618682861328,29.6075439453125,28.397031784057617,23.80071258544922,25.770639419555664,25.7869873046875,26.650388717651367,26.410411834716797,26.124252319335938,26.73630714416504,27.634157180786133,27.841289520263672,27.272615432739258,28.326139450073242,28.397031784057617,27.461442947387695,28.248964309692383,29.60550308227539,29.079479217529297,29.204910278320312,28.13983726501465,28.763160705566406,27.907217025756836,29.802677154541016,29.6075439453125,29.83406639099121,29.38253402709961,30.464618682861328,30.71384048461914,31.308979034423828,30.293161392211914,29.392494201660156,29.537174224853516,2022-04-20,38.22500000000001,35.641666666666666,32.31666666666667,28.49166666666667,test
2022-04-28,32.24303436279297,31.629253387451172,31.363773345947266,30.269100189208984,27.35946273803711,27.478004455566406,28.852745056152344,28.351661682128906,29.440471649169922,28.94908905029297,28.7578182220459,28.777698516845703,30.094655990600586,28.972679138183594,29.436809539794922,30.22970962524414,29.83877182006836,30.72290802001953,30.47795295715332,29.730762481689453,30.3048095703125,30.72492218017578,30.226974487304688,30.269100189208984,31.60383415222168,31.7244930267334,32.24303436279297,30.777420043945312,31.363773345947266,31.48947525024414,31.629253387451172,31.47593116760254,31.181140899658203,30.61119842529297,2022-04-27,38.22500000000001,35.641666666666666,32.599999999999994,30.416666666666668,test
2022-05-01,32.7545051574707,31.983551025390625,31.81382179260254,30.836132049560547,31.835100173950195,29.897785186767578,29.738672256469727,29.60622787475586,29.448699951171875,30.095592498779297,29.275951385498047,29.695388793945312,29.86954116821289,30.48856544494629,29.9627685546875,30.479629516601562,31.479595184326172,30.836132049560547,30.491792678833008,30.3526668548584,31.54816246032715,30.57677459716797,31.55111312866211,31.077974319458008,30.753620147705078,31.3970947265625,31.983551025390625,31.23079490661621,31.756874084472656,31.81382179260254,32.7545051574707,31.884157180786133,32.61790466308594,31.935977935791016,2022-04-30,38.22500000000001,35.37272727272727,32.599999999999994,30.666666666666668,test
2022-05-07,33.05796813964844,32.59803009033203,31.575359344482422,30.634784698486328,24.931638717651367,26.476654052734375,27.435806274414062,27.141828536987305,27.76240348815918,28.214282989501953,29.213451385498047,28.52298355102539,29.652292251586914,30.294361114501953,28.944255828857422,29.663360595703125,30.671077728271484,30.842273712158203,29.64285659790039,30.634784698486328,30.883792877197266,30.587932586669922,31.06275177001953,31.110000610351562,31.19258689880371,30.359041213989258,31.457107543945312,31.575359344482422,32.26695251464844,31.98406982421875,32.73551940917969,32.591041564941406,32.59803009033203,33.05796813964844,2022-05-06,38.22500000000001,34.83636363636364,33.625,31.483333333333338,test
2022-05-14,33.77798080444336,33.07495880126953,32.929832458496094,31.66779327392578,31.690044403076172,29.995546340942383,30.68170928955078,29.896944046020508,30.187618255615234,30.921371459960938,30.598793029785156,30.471168518066406,30.958786010742188,30.510969161987305,31.01649284362793,31.136859893798828,31.511220932006836,30.988807678222656,31.66779327392578,31.93628692626953,32.0172004699707,31.305553436279297,32.3161506652832,32.56536865234375,31.581890106201172,32.257362365722656,32.222618103027344,33.042640686035156,33.07495880126953,33.11360168457031,32.934173583984375,32.94206237792969,32.929832458496094,33.77798080444336,2022-05-13,39.075,36.49999999999999,34.79090909090908,32.75454545454546,test
2022-05-21,34.347312927246094,34.06595993041992,33.63797378540039,33.11737823486328,33.3109130859375,32.16545104980469,32.29295349121094,31.325374603271484,32.13062286376953,31.530597686767578,31.602096557617188,31.082874298095703,31.53772735595703,31.15302085876465,32.388893127441406,32.934814453125,33.12284851074219,32.8349723815918,33.11737823486328,32.982383728027344,32.54936981201172,32.99989318847656,33.285980224609375,33.63797378540039,33.984527587890625,33.38124084472656,34.165252685546875,33.367088317871094,33.81336212158203,34.347312927246094,33.730491638183594,34.06595993041992,33.557220458984375,33.44108581542969,2022-05-20,39.075,36.18333333333333,33.85454545454546,32.583333333333336,test
2022-05-28,35.20257568359375,34.655433654785156,34.361324310302734,33.64410400390625,32.47300720214844,33.0504150390625,33.295982360839844,32.50618362426758,33.34748077392578,32.666114807128906,33.09368133544922,33.10157775878906,33.31794738769531,34.361324310302734,32.651206970214844,33.07682800292969,33.39921569824219,33.3992919921875,32.67585754394531,33.672691345214844,32.73200988769531,34.58875274658203,33.681663513183594,33.702171325683594,34.655433654785156,33.697444915771484,34.91378402709961,33.64410400390625,34.087623596191406,35.20257568359375,34.360107421875,34.58885955810547,34.08743667602539,34.64332962036133,2022-05-27,39.075,36.18333333333333,34.66666666666667,32.75454545454546,test
2022-06-01,35.04636001586914,34.572845458984375,34.07500457763672,33.59883117675781,32.816837310791016,32.85047149658203,32.85137176513672,32.223121643066406,33.2198486328125,31.98246192932129,33.417930603027344,33.007442474365234,32.5628662109375,33.59883117675781,33.89398956298828,32.96142578125,33.006561279296875,33.417816162109375,33.735374450683594,33.36378479003906,33.27728271484375,33.39247131347656,33.68698501586914,34.33355712890625,33.93359375,33.622440338134766,33.8856201171875,34.572845458984375,34.00538635253906,35.04636001586914,34.462562561035156,34.438720703125,34.07500457763672,34.74757766723633,2022-05-31,39.075,36.18333333333333,33.791666666666664,32.75454545454546,test
2022-06-07,35.61126708984375,35.31711196899414,34.97010803222656,34.37672424316406,32.79718017578125,32.909912109375,33.42018127441406,33.493133544921875,33.42755889892578,34.218894958496094,32.802452087402344,33.34348678588867,34.242652893066406,33.79535675048828,34.234352111816406,34.23125457763672,33.810386657714844,35.322174072265625,34.728965759277344,34.63603973388672,34.37672424316406,34.53007507324219,35.133514404296875,34.303253173828125,35.31711196899414,34.124916076660156,34.53508758544922,34.934024810791016,34.97010803222656,34.84037780761719,35.61126708984375,34.542938232421875,35.18791961669922,35.209861755371094,2022-06-06,39.075,36.18333333333333,33.791666666666664,33.11666666666667,test
2022-06-14,35.76809310913086,35.71143341064453,35.25157928466797,34.70800018310547,31.75957679748535,33.09063720703125,32.96889877319336,32.97996139526367,33.18161392211914,33.78013610839844,33.961219787597656,34.39038848876953,34.09872055053711,34.75235366821289,33.56620407104492,33.87995147705078,34.17538070678711,34.27824401855469,35.76809310913086,34.93864440917969,34.854148864746094,35.346961975097656,34.70800018310547,35.20318603515625,34.53459548950195,35.71646499633789,34.64814758300781,35.20915985107422,35.20542907714844,35.71143341064453,34.8936767578125,35.25157928466797,35.27153015136719,35.36137390136719,2022-06-13,34.725,34.66666666666667,33.75000000000001,33.12500000000001,test
2022-06-21,35.91912078857422,35.38554382324219,35.13672637939453,34.736656188964844,33.0062255859375,33.572662353515625,33.37063980102539,33.91442108154297,34.74240493774414,34.053565979003906,34.14501953125,34.04981231689453,33.891563415527344,34.83222198486328,34.951744079589844,34.181861877441406,34.677520751953125,34.784156799316406,34.44841766357422,34.749168395996094,34.4964485168457,34.556846618652344,34.381874084472656,35.658538818359375,34.92300796508789,34.736656188964844,35.38554382324219,35.328025817871094,35.91912078857422,35.26964569091797,34.21956253051758,35.11114501953125,35.162349700927734,35.13672637939453,2022-06-20,36.87500000000001,35.45,33.80833333333333,33.333333333333336,test
2022-06-28,35.65925979614258,35.537269592285156,35.17778015136719,34.768943786621094,34.17350387573242,34.08976745605469,34.031166076660156,34.768943786621094,34.00331115722656,34.487579345703125,33.94878387451172,35.04070281982422,34.28837585449219,34.20311737060547,35.17778015136719,34.872520446777344,33.92450714111328,34.39714050292969,34.462127685546875,34.54437255859375,34.47167205810547,35.07975387573242,34.986083984375,35.42690658569336,34.596099853515625,34.91992950439453,35.598388671875,35.372291564941406,35.537269592285156,35.383914947509766,35.16631317138672,35.65925979614258,34.54850769042969,35.135986328125,2022-06-27,36.87500000000001,35.84166666666666,34.725,33.45,test
2022-07-01,35.803253173828125,35.64147186279297,35.386474609375,34.926544189453125,34.02955627441406,34.09440994262695,33.707969665527344,34.41215896606445,34.347496032714844,34.30790710449219,34.03617858886719,34.137176513671875,33.77393341064453,34.64336395263672,34.60490036010742,33.76567840576172,34.94071960449219,34.809688568115234,35.386474609375,34.80740737915039,35.105995178222656,35.67390823364258,35.151214599609375,35.128780364990234,34.954002380371094,35.5330810546875,35.5723991394043,35.42571258544922,35.64147186279297,34.926544189453125,34.94641876220703,35.803253173828125,34.902870178222656,35.277870178222656,2022-06-30,37.28333333333333,36.39166666666667,35.45,33.791666666666664,test
2022-07-07,35.22752380371094,35.16386032104492,34.91203308105469,34.76536560058594,33.543357849121094,34.063663482666016,34.05815887451172,34.09230041503906,33.8564453125,34.716514587402344,34.466156005859375,35.16386032104492,34.597450256347656,34.4525146484375,34.818702697753906,34.20722961425781,34.66557312011719,34.979888916015625,34.62733840942383,34.995155334472656,34.77747344970703,34.54591369628906,34.843017578125,35.185028076171875,34.5355224609375,34.880088806152344,35.22752380371094,34.76536560058594,34.91203308105469,34.953590393066406,34.90574645996094,34.85430145263672,34.692466735839844,34.79795837402344,2022-07-06,37.28333333333333,36.39166666666667,35.99999999999999,34.725,test
2022-07-14,35.12846374511719,34.77948760986328,34.678428649902344,34.49114227294922,33.704627990722656,34.06871032714844,33.893898010253906,34.325225830078125,34.22167205810547,34.541717529296875,34.77948760986328,34.49114227294922,34.51716613769531,34.678428649902344,34.34681701660156,34.118690490722656,34.33584976196289,34.690433502197266,34.58355712890625,34.90525817871094,33.90559768676758,34.55978775024414,34.69092559814453,34.38050842285156,34.45591735839844,34.123008728027344,34.62553787231445,35.12846374511719,34.63933563232422,34.76074981689453,34.210426330566406,34.574615478515625,34.18547058105469,34.48619079589844,2022-07-13,37.28333333333333,36.39166666666667,35.99999999999999,34.85833333333334,test
2022-07-21,36.03937911987305,35.421417236328125,35.19871520996094,34.96717834472656,35.381317138671875,34.98870086669922,35.475372314453125,35.00731658935547,34.910125732421875,35.21955108642578,34.93700408935547,35.19871520996094,35.15727996826172,36.03937911987305,34.96717834472656,34.8720703125,35.16106033325195,34.533817291259766,35.020233154296875,34.172569274902344,35.15513610839844,35.421417236328125,34.823402404785156,34.96514892578125,34.890499114990234,34.74981689453125,34.714603424072266,35.23455047607422,35.06101989746094,34.745567321777344,34.941429138183594,34.361183166503906,34.262962341308594,34.25794982910156,2022-07-20,37.28333333333333,36.38333333333333,35.90833333333334,34.325,test
2022-07-28,36.023902893066406,35.78466033935547,35.63264083862305,35.239837646484375,35.78466033935547,36.023902893066406,35.69152069091797,35.73854064941406,36.015499114990234,35.63264083862305,35.38603973388672,35.239837646484375,35.46062469482422,35.76737976074219,35.22798156738281,35.12639236450195,35.171234130859375,35.39301300048828,34.897789001464844,34.620025634765625,35.274593353271484,35.26344299316406,35.30718231201172,34.91405487060547,35.313026428222656,34.878700256347656,35.126861572265625,35.17420196533203,34.96295166015625,34.753753662109375,34.85346984863281,34.97871017456055,33.78155517578125,34.95386505126953,2022-07-27,37.28333333333333,36.74166666666667,35.99999999999999,34.49166666666667,test
2022-08-01,35.18248748779297,34.971107482910156,34.91974639892578,34.680301666259766,34.35464859008789,34.49065399169922,34.91974639892578,34.680301666259766,34.9622802734375,35.04139709472656,34.600311279296875,34.971107482910156,34.56044387817383,34.91792297363281,34.86125564575195,34.43006896972656,35.18248748779297,34.1997184753418,34.81102752685547,34.847164154052734,34.9327392578125,34.680572509765625,34.26165008544922,34.6829833984375,34.39992141723633,34.927146911621094,34.697425842285156,34.5018310546875,34.6162223815918,33.914894104003906,34.181640625,34.28523254394531,34.54191589355469,34.080841064453125,2022-07-31,37.88333333333333,37.199999999999996,36.06666666666667,34.71666666666667,test
2022-08-07,35.241783142089844,35.1068229675293,34.96418762207031,34.60917282104492,35.241783142089844,35.04652404785156,34.910194396972656,35.21690368652344,35.029205322265625,35.10440444946289,34.96418762207031,34.76991271972656,34.958106994628906,34.65107727050781,35.1068229675293,34.816646575927734,34.755126953125,34.596763610839844,34.391136169433594,34.77565383911133,34.1959114074707,34.542015075683594,34.46438217163086,33.944183349609375,34.1845703125,34.23988342285156,34.497310638427734,34.479591369628906,34.60917282104492,34.23759841918945,34.441314697265625,33.952552795410156,33.97272872924805,34.52362823486328,2022-08-06,37.88333333333333,37.199999999999996,35.475,34.300000000000004,test
2022-08-14,34.559226989746094,34.468475341796875,34.19016647338867,34.00814437866211,33.87382507324219,34.1458740234375,34.078147888183594,33.979164123535156,33.84917449951172,34.086700439453125,33.90754699707031,33.89642333984375,34.27739334106445,34.360939025878906,34.559226989746094,34.10870361328125,34.468475341796875,34.09611129760742,34.00358963012695,34.00814437866211,34.19016647338867,33.682857513427734,33.67332458496094,33.86850357055664,34.33283996582031,34.51655578613281,34.07172393798828,33.558982849121094,33.44857406616211,33.33751678466797,34.150428771972656,33.904685974121094,33.81785583496094,33.457313537597656,2022-08-13,37.88333333333333,37.199999999999996,35.475,34.09166666666667,test
2022-08-21,34.870033264160156,34.64996337890625,34.02490234375,33.72504425048828,34.870033264160156,34.82476043701172,33.78816223144531,34.28003692626953,34.64996337890625,34.225914001464844,33.91864776611328,34.35027313232422,33.635032653808594,33.85844421386719,33.854801177978516,33.95658493041992,33.72504425048828,33.68265914916992,33.49718475341797,33.833763122558594,34.02490234375,33.83119201660156,33.67323303222656,33.70627975463867,33.66593933105469,33.70356750488281,33.194190979003906,32.91682434082031,33.272151947021484,33.08085632324219,32.941734313964844,33.23381042480469,33.646766662597656,32.82124328613281,2022-08-20,37.88333333333333,37.199999999999996,35.475,33.74999999999999,test
2022-08-28,35.058006286621094,34.768402099609375,34.47264099121094,33.855690002441406,35.058006286621094,34.4677734375,34.63038635253906,34.820518493652344,34.679595947265625,34.49842834472656,34.1523323059082,34.768402099609375,34.47264099121094,34.191734313964844,34.23869705200195,34.24273681640625,33.59941864013672,33.855690002441406,33.90692138671875,33.637962341308594,33.555274963378906,33.419593811035156,33.51233673095703,33.952999114990234,33.4384765625,33.75395584106445,33.06727600097656,32.19309997558594,32.92053985595703,33.233375549316406,33.21893310546875,32.53944778442383,32.787208557128906,32.211090087890625,2022-08-27,37.88333333333333,37.199999999999996,34.65,33.30833333333333,test
2022-09-01,34.9111442565918,34.805870056152344,34.49073028564453,33.61001205444336,34.9111442565918,34.8569221496582,34.805870056152344,34.49073028564453,34.602821350097656,34.28778839111328,34.528480529785156,34.72990417480469,34.29137420654297,33.709564208984375,33.70018005371094,33.64958190917969,33.90529251098633,34.161468505859375,33.475341796875,33.34687042236328,33.25598907470703,33.61001205444336,33.302791595458984,33.052066802978516,32.97666931152344,33.333316802978516,32.73655700683594,32.84605407714844,32.390357971191406,32.49985885620117,32.535438537597656,32.365509033203125,32.55385971069336,32.46063995361328,2022-08-31,35.166666666666664,34.71666666666666,34.40833333333334,33.24166666666667,test
2022-09-07,33.62104034423828,33.37611389160156,33.202613830566406,32.65888977050781,32.8038444519043,33.37611389160156,33.62104034423828,33.01069641113281,33.294105529785156,33.43341064453125,33.202613830566406,32.809364318847656,33.339073181152344,33.26752471923828,32.65888977050781,32.56166076660156,32.68980407714844,32.90583801269531,32.36290740966797,32.59447479248047,32.693058013916016,32.94549560546875,32.072235107421875,32.26382827758789,31.88376808166504,32.09136962890625,31.960948944091797,31.57056427001953,31.6138916015625,31.9975643157959,31.43222427368164,31.558801651000977,31.212675094604492,31.066162109375,2022-09-06,35.166666666666664,34.71666666666666,33.96666666666666,32.74999999999999,test
2022-09-14,33.41624069213867,33.20873260498047,33.013572692871094,32.395423889160156,32.64275360107422,33.06878662109375,33.40398406982422,33.20873260498047,32.93531036376953,33.41624069213867,33.013572692871094,33.110694885253906,33.160499572753906,32.64312744140625,32.97186279296875,32.583824157714844,32.395423889160156,32.576759338378906,31.956951141357422,32.828590393066406,31.666893005371094,31.772865295410156,31.55895233154297,31.186477661132812,31.58648681640625,31.08972930908203,31.396575927734375,31.599746704101562,31.467941284179688,30.604053497314453,30.563526153564453,30.82740020751953,30.510032653808594,30.332860946655273,2022-09-13,35.166666666666664,34.71666666666666,33.583333333333336,31.191666666666666,test
2022-09-21,31.163227081298828,31.0654239654541,31.027746200561523,30.53380584716797,30.525041580200195,31.163227081298828,31.0654239654541,31.033069610595703,30.719154357910156,31.060989379882812,31.031776428222656,31.027746200561523,30.78151512145996,31.090017318725586,30.815093994140625,31.003459930419922,31.01856803894043,30.53380584716797,30.72466468811035,30.420259475708008,30.180980682373047,29.905704498291016,30.685232162475586,29.78443145751953,30.063968658447266,29.925922393798828,29.571563720703125,30.003944396972656,29.80048370361328,29.332744598388672,29.3110408782959,28.957382202148438,29.375823974609375,28.645187377929688,2022-09-20,35.166666666666664,34.71666666666666,33.583333333333336,30.808333333333334,test
2022-09-28,33.70827865600586,33.12955093383789,32.104156494140625,30.824748992919922,33.70827865600586,33.631202697753906,33.12955093383789,32.55755615234375,32.523704528808594,31.9046630859375,31.775390625,32.188636779785156,31.816884994506836,32.104156494140625,31.309154510498047,31.258804321289062,31.284282684326172,30.824748992919922,31.095619201660156,30.793659210205078,30.565275192260742,29.91827964782715,30.14288330078125,30.47559928894043,29.9093017578125,29.574186325073242,30.196582794189453,29.904356002807617,29.025218963623047,29.62560272216797,29.556764602661133,28.970483779907227,28.492687225341797,28.49645233154297,2022-09-27,34.71666666666666,33.583333333333336,32.300000000000004,28.433333333333334,test
2022-10-01,33.72679901123047,32.86735534667969,31.951845169067383,30.746923446655273,33.72679901123047,32.86735534667969,33.162803649902344,32.54210662841797,32.42932891845703,32.44877624511719,31.487079620361328,31.951845169067383,31.81421661376953,31.921422958374023,31.942371368408203,30.608999252319336,31.036521911621094,30.868995666503906,30.746923446655273,31.03350067138672,29.841846466064453,30.622526168823242,30.24810791015625,30.031766891479492,30.238086700439453,29.514907836914062,29.227096557617188,30.38936996459961,29.303077697753906,29.312725067138672,29.667823791503906,28.153724670410156,29.092838287353516,28.3897762298584,2022-09-30,34.49166666666667,32.88333333333333,30.808333333333334,27.649999999999995,test
2022-10-07,30.96542739868164,30.956510543823242,30.425508499145508,29.262435913085938,30.534265518188477,30.87274932861328,30.96280860900879,30.96542739868164,30.956510543823242,30.476118087768555,30.425508499145508,29.777721405029297,30.289325714111328,30.288562774658203,29.557266235351562,29.818817138671875,29.866397857666016,29.761363983154297,29.16939926147461,29.262435913085938,28.568096160888672,28.61661148071289,28.71432113647461,28.496747970581055,28.14043426513672,28.027339935302734,28.021196365356445,27.824745178222656,27.373544692993164,27.308683395385742,27.214252471923828,27.179996490478516,27.054546356201172,27.1314697265625,2022-10-06,31.858333333333334,28.783333333333335,28.433333333333334,27.191666666666663,test
2022-10-14,28.61225128173828,28.568925857543945,28.379379272460938,27.723005294799805,27.726444244384766,27.78484535217285,28.24124526977539,28.599172592163086,28.466209411621094,28.316713333129883,28.61225128173828,28.486663818359375,28.568925857543945,28.201034545898438,28.22808074951172,28.24385643005371,28.473655700683594,28.379379272460938,27.448110580444336,27.723005294799805,27.483505249023438,27.15835189819336,27.388507843017578,26.558914184570312,26.269027709960938,26.4508056640625,27.326892852783203,26.908235549926758,25.939002990722656,25.63986587524414,25.809993743896484,25.564918518066406,25.92070770263672,26.11792755126953,2022-10-13,31.858333333333334,28.716666666666665,27.633333333333336,26.441666666666666,test
2022-10-21,28.131690979003906,28.063325881958008,27.8992862701416,27.001422882080078,27.765701293945312,27.8992862701416,28.063325881958008,27.997257232666016,28.031299591064453,28.100191116333008,27.628929138183594,28.131690979003906,27.942359924316406,27.28913116455078,27.34111213684082,27.001422882080078,27.24734115600586,26.941862106323242,27.08271026611328,27.185283660888672,25.761974334716797,25.93626594543457,26.04998016357422,25.778541564941406,26.067489624023438,25.31203842163086,25.877788543701172,25.506378173828125,25.121429443359375,25.159231185913086,24.022541046142578,25.033580780029297,24.97873306274414,24.29330062866211,2022-10-20,29.108333333333334,27.641666666666666,26.70909090909091,25.224999999999998,test
2022-10-28,27.13021469116211,26.77872085571289,26.557361602783203,25.258499145507812,26.64942169189453,26.77872085571289,26.8630428314209,26.767826080322266,27.13021469116211,26.718666076660156,26.441936492919922,26.474285125732422,25.959211349487305,26.557361602783203,25.798324584960938,25.72440528869629,25.602218627929688,25.439289093017578,25.063919067382812,24.831689834594727,25.258499145507812,24.78155517578125,24.442426681518555,24.682815551757812,24.31399917602539,24.793359756469727,24.706607818603516,24.420452117919922,24.14537811279297,23.14206314086914,23.687284469604492,23.293994903564453,22.49527359008789,23.481428146362305,2022-10-27,28.466666666666665,27.633333333333336,25.733333333333334,24.391666666666666,test
2022-11-01,26.859432220458984,26.478059768676758,26.118213653564453,25.390810012817383,26.18368911743164,26.478059768676758,26.30112075805664,26.093826293945312,26.54180145263672,26.859432220458984,25.505367279052734,26.118213653564453,26.125720977783203,25.830589294433594,26.00849151611328,25.88064193725586,25.390810012817383,25.56494903564453,25.046985626220703,24.85942840576172,25.62181854248047,24.429969787597656,24.41217613220215,24.877796173095703,24.321773529052734,24.317340850830078,23.896066665649414,23.6458740234375,23.53999137878418,23.179824829101562,23.27637481689453,23.96909523010254,23.008647918701172,22.586551666259766,2022-10-31,28.008333333333336,25.766666666666666,25.224999999999998,23.975000000000005,test
2022-11-07,26.097623825073242,25.613962173461914,25.187204360961914,23.954193115234375,25.406280517578125,25.546470642089844,24.72148895263672,26.097623825073242,25.646881103515625,25.187204360961914,25.42718505859375,25.613962173461914,24.554153442382812,24.68179702758789,24.537845611572266,24.811416625976562,23.735063552856445,24.837955474853516,24.491985321044922,23.470367431640625,23.954193115234375,23.70718765258789,23.55280303955078,23.877765655517578,23.001699447631836,22.827152252197266,23.255264282226562,22.911563873291016,22.35197639465332,22.005537033081055,22.83131217956543,22.524309158325195,22.769649505615234,21.152076721191406,2022-11-06,28.008333333333336,25.483333333333334,24.25833333333333,22.749999999999996,test
2022-11-14,25.05734634399414,24.727991104125977,24.384822845458984,22.3761043548584,25.05734634399414,24.507160186767578,25.017627716064453,24.705419540405273,24.384822845458984,24.727991104125977,24.481643676757812,23.931608200073242,23.815387725830078,23.22045135498047,23.817466735839844,22.875144958496094,21.883590698242188,23.14068603515625,22.317493438720703,22.26053237915039,22.700307846069336,22.089000701904297,21.88401985168457,21.831052780151367,21.223573684692383,21.451019287109375,21.702899932861328,22.3761043548584,21.305583953857422,21.500980377197266,21.33014488220215,21.491470336914062,21.038612365722656,21.27831268310547,2022-11-13,28.008333333333336,25.25,23.275000000000002,22.03333333333333,test
2022-11-21,24.953777313232422,24.17318344116211,23.387100219726562,22.12774085998535,24.953777313232422,24.201337814331055,24.17318344116211,23.78085708618164,23.387100219726562,23.554025650024414,23.277847290039062,23.059423446655273,22.708606719970703,24.161190032958984,22.934696197509766,22.267967224121094,22.452926635742188,22.12774085998535,22.37139129638672,21.815338134765625,21.657133102416992,21.279773712158203,20.957443237304688,20.658119201660156,21.292572021484375,21.23064422607422,20.628063201904297,21.124454498291016,20.836181640625,21.18067169189453,20.8814754486084,20.038780212402344,20.40755844116211,19.66459083557129,2022-11-20,28.008333333333336,23.275000000000002,23.07272727272727,22.03333333333333,test
2022-11-28,21.859333038330078,21.607460021972656,21.26593780517578,20.845712661743164,20.830039978027344,21.26593780517578,21.206510543823242,21.587841033935547,21.607460021972656,21.462501525878906,21.648475646972656,21.104890823364258,21.35961151123047,21.859333038330078,21.02222442626953,20.91484832763672,21.076820373535156,21.07648468017578,20.335561752319336,20.19849395751953,20.333398818969727,20.845712661743164,20.97933578491211,20.076950073242188,20.532379150390625,20.528270721435547,19.845870971679688,19.912067413330078,20.280323028564453,19.03335952758789,19.760961532592773,19.208818435668945,19.06676483154297,19.172019958496094,2022-11-27,23.24166666666667,23.191666666666663,22.636363636363637,21.40833333333333,test
2022-12-01,22.558429718017578,22.154361724853516,21.82166290283203,19.962017059326172,21.636837005615234,22.09439468383789,22.195384979248047,21.82166290283203,22.558429718017578,22.154361724853516,21.464784622192383,21.991626739501953,21.479589462280273,21.98532485961914,21.62063217163086,20.903532028198242,20.98764419555664,20.736581802368164,19.859912872314453,19.707563400268555,19.731033325195312,19.962017059326172,19.84576416015625,19.792049407958984,18.86412811279297,18.863252639770508,19.60519027709961,19.906696319580078,18.464221954345703,19.671215057373047,19.074743270874023,18.52124786376953,19.058183670043945,18.631725311279297,2022-11-30,23.24166666666667,23.191666666666663,22.549999999999997,20.758333333333333,test
2022-12-07,21.020545959472656,20.886150360107422,20.365720748901367,19.538639068603516,20.270557403564453,20.56883430480957,20.894424438476562,20.26388931274414,20.79168701171875,21.020545959472656,20.886150360107422,20.410472869873047,20.365720748901367,19.818017959594727,20.143531799316406,20.17384910583496,19.05226707458496,19.805919647216797,19.277652740478516,19.164859771728516,18.50140380859375,19.345439910888672,19.774314880371094,19.162872314453125,18.5030517578125,19.26904296875,18.006959915161133,19.538639068603516,18.48543357849121,19.196128845214844,18.7332820892334,18.22971534729004,17.436765670776367,17.73600196838379,2022-12-06,23.24166666666667,23.07272727272727,22.233333333333334,19.34166666666667,test
2022-12-14,21.459312438964844,21.18193817138672,20.694255828857422,19.267688751220703,20.745338439941406,21.459312438964844,20.78852081298828,20.563997268676758,21.18193817138672,20.694255828857422,21.45924949645996,20.825637817382812,19.977764129638672,19.91444969177246,19.565536499023438,20.106441497802734,19.811742782592773,18.413747787475586,19.102373123168945,19.267688751220703,18.849084854125977,19.321619033813477,18.49907875061035,17.952590942382812,19.160236358642578,18.50615692138672,19.055891036987305,18.618009567260742,18.641368865966797,19.05615234375,18.34554672241211,18.057689666748047,17.55411148071289,17.935665130615234,2022-12-13,23.241666666666664,22.636363636363637,19.908333333333335,17.208333333333336,test
2022-12-21,20.184879302978516,19.787254333496094,19.27259063720703,18.46084213256836,19.235443115234375,19.644201278686523,20.184879302978516,19.728626251220703,19.787254333496094,19.873451232910156,19.27259063720703,19.260478973388672,19.36768341064453,19.198522567749023,18.46084213256836,19.08263397216797,18.569318771362305,17.6966552734375,18.427692413330078,18.261192321777344,18.266727447509766,18.66165542602539,17.595046997070312,18.797515869140625,17.507343292236328,18.17789077758789,16.632951736450195,17.64728546142578,17.43203353881836,17.6789493560791,16.735599517822266,17.277395248413086,17.934036254882812,17.34613037109375,2022-12-20,19.724999999999998,19.34166666666667,17.833333333333332,16.816666666666666,test
2022-12-28,18.471416473388672,18.28164291381836,18.010635375976562,17.501264572143555,15.98419189453125,16.647912979125977,17.03571128845215,17.63619041442871,17.063732147216797,17.223859786987305,18.010635375976562,18.250431060791016,18.471416473388672,17.730125427246094,18.447078704833984,18.055526733398438,18.227436065673828,17.81344223022461,17.645931243896484,16.926237106323242,17.501264572143555,17.210613250732422,18.28164291381836,17.050708770751953,17.550281524658203,17.077510833740234,17.669143676757812,17.515214920043945,17.118000030517578,16.95586395263672,16.637226104736328,16.582706451416016,16.480121612548828,17.477291107177734,2022-12-27,22.058333333333334,20.816666666666666,19.26666666666667,17.216666666666665,test
2023-01-01,17.88227653503418,17.761608123779297,17.46674156188965,16.929941177368164,16.347774505615234,16.479726791381836,17.034427642822266,16.919031143188477,17.52585220336914,17.46674156188965,17.614416122436523,17.23900032043457,17.018383026123047,17.819610595703125,17.48015594482422,17.88227653503418,16.656543731689453,17.761608123779297,17.30928611755371,17.333789825439453,16.775421142578125,16.507829666137695,16.929941177368164,17.180274963378906,16.325130462646484,15.952451705932617,16.54302978515625,16.577362060546875,15.698781967163086,17.34280776977539,16.872806549072266,16.725505828857422,15.502443313598633,16.488235473632812,2022-12-31,25.866666666666664,22.058333333333334,19.724999999999998,17.933333333333334,test
2023-01-07,17.66480827331543,17.52631378173828,17.2416934967041,16.78657341003418,16.78657341003418,17.2416934967041,17.511533737182617,16.8023738861084,17.28744125366211,16.798471450805664,17.66480827331543,16.765100479125977,16.848526000976562,17.233539581298828,17.40628433227539,17.59333038330078,16.96652603149414,17.52631378173828,15.96597957611084,16.83565330505371,16.502113342285156,16.18145751953125,15.918048858642578,16.974998474121094,16.42345428466797,16.299217224121094,16.322315216064453,16.16534423828125,16.47547721862793,16.40019989013672,16.191490173339844,16.73447036743164,16.28669548034668,16.537715911865234,2023-01-06,25.866666666666664,22.058333333333334,19.724999999999998,17.933333333333334,test
2023-01-14,17.056039810180664,16.84389305114746,16.509235382080078,16.253698348999023,15.798518180847168,16.01668357849121,16.509235382080078,16.492626190185547,16.834125518798828,17.056039810180664,16.333864212036133,16.970251083374023,16.036026000976562,16.435848236083984,15.717052459716797,15.849843978881836,16.59676742553711,16.44651222229004,16.148090362548828,15.903631210327148,15.887796401977539,15.946745872497559,15.78661060333252,16.325725555419922,15.813169479370117,16.125049591064453,15.385687828063965,16.253698348999023,16.395660400390625,16.768787384033203,15.792490005493164,16.84389305114746,15.9522705078125,16.40975570678711,2023-01-13,25.866666666666664,22.058333333333334,19.724999999999998,17.833333333333332,test
2023-01-21,20.273487091064453,18.578868865966797,17.72116470336914,17.093597412109375,20.273487091064453,18.547801971435547,19.139835357666016,18.578868865966797,17.72116470336914,17.50591278076172,18.354190826416016,17.093597412109375,16.882488250732422,16.477262496948242,17.425498962402344,18.20926284790039,17.1624755859375,17.020706176757812,16.46843147277832,17.263708114624023,17.54899024963379,16.6966552734375,16.566890716552734,16.95073890686035,15.281599044799805,16.86334991455078,17.10435676574707,16.331127166748047,15.780770301818848,16.84946060180664,16.975753784179688,16.048625946044922,17.323753356933594,16.52263641357422,2023-01-20,25.866666666666664,20.941666666666666,19.641666666666666,15.674999999999999,test
2023-01-28,20.477558135986328,19.194747924804688,18.926433563232422,18.268150329589844,20.477558135986328,19.194747924804688,18.926433563232422,18.511760711669922,17.85959243774414,18.48786163330078,18.93979263305664,18.268150329589844,17.816600799560547,19.208026885986328,18.397804260253906,18.309099197387695,17.984939575195312,17.996986389160156,18.041357040405273,17.89679718017578,18.048587799072266,17.57845687866211,17.478618621826172,17.968915939331055,18.263427734375,19.002777099609375,18.797119140625,17.68004035949707,18.238693237304688,19.00029182434082,18.053150177001953,18.415063858032227,18.35552215576172,18.235010147094727,2023-01-27,25.866666666666664,20.125,18.308333333333334,15.674999999999999,test
2023-02-01,18.80134391784668,18.38716697692871,17.749618530273438,17.261566162109375,14.315868377685547,15.500662803649902,15.778787612915039,16.521026611328125,16.744081497192383,16.98696517944336,17.069820404052734,16.202421188354492,16.80280303955078,16.49772834777832,16.79460906982422,16.73649787902832,17.540023803710938,17.749618530273438,16.819244384765625,17.111265182495117,17.618022918701172,16.949424743652344,17.41861915588379,17.53209114074707,17.261566162109375,17.497194290161133,17.409278869628906,18.38716697692871,17.583019256591797,18.250450134277344,17.90357208251953,18.80134391784668,18.032913208007812,18.723506927490234,2023-01-31,30.474999999999998,26.933333333333334,18.491666666666667,16.958333333333332,test
2023-02-07,18.689863204956055,18.509475708007812,17.962947845458984,17.250225067138672,14.366086959838867,14.540862083435059,14.741304397583008,14.985186576843262,16.165836334228516,15.847007751464844,16.01131248474121,16.443561553955078,15.869617462158203,16.607769012451172,17.366382598876953,16.689590454101562,16.31673812866211,17.182296752929688,16.703657150268555,17.832748413085938,17.334991455078125,17.578466415405273,17.498737335205078,17.250225067138672,17.592700958251953,17.86254119873047,16.79192543029785,17.962947845458984,18.689863204956055,18.319564819335938,18.49754524230957,18.598567962646484,18.47259521484375,18.509475708007812,2023-02-06,33.25833333333333,28.75,25.150000000000002,18.25,test
2023-02-14,19.352182388305664,18.851470947265625,18.385671615600586,17.70764923095703,14.812414169311523,15.276870727539062,15.288614273071289,15.843778610229492,16.58249282836914,15.999034881591797,16.160568237304688,16.16375160217285,16.564678192138672,17.408096313476562,16.35038185119629,16.309240341186523,17.231801986694336,17.150592803955078,17.932350158691406,18.247222900390625,16.7244873046875,18.385671615600586,17.70764923095703,18.536693572998047,18.851470947265625,18.370800018310547,18.080326080322266,18.12847328186035,18.31950569152832,18.649818420410156,19.17990493774414,19.352182388305664,18.423049926757812,18.13791275024414,2023-02-13,33.25833333333333,28.75,26.383333333333336,19.99166666666667,test
2023-02-21,21.398460388183594,20.288908004760742,19.954622268676758,18.802404403686523,17.501914978027344,17.365764617919922,17.06427001953125,16.848796844482422,17.611621856689453,17.47005844116211,17.918201446533203,17.41176986694336,17.542757034301758,18.38008689880371,17.843778610229492,18.365966796875,18.3592529296875,17.753496170043945,18.995811462402344,18.55001449584961,18.802404403686523,19.303985595703125,20.025766372680664,19.954622268676758,19.578298568725586,19.16291046142578,20.16548728942871,19.402931213378906,20.288908004760742,20.03830337524414,19.390216827392578,21.398460388183594,20.524641036987305,19.846406936645508,2023-02-20,33.25833333333333,28.75,26.383333333333336,20.508333333333336,test
2023-02-28,23.659942626953125,23.2232666015625,22.661727905273438,21.62390899658203,22.9565486907959,22.086748123168945,20.91421890258789,20.988494873046875,20.176618576049805,20.295921325683594,20.610456466674805,20.3203125,20.324905395507812,19.347476959228516,21.117368698120117,20.607227325439453,21.389719009399414,20.76102066040039,21.814722061157227,21.431434631347656,21.223247528076172,21.543123245239258,21.62390899658203,22.799564361572266,22.661727905273438,21.977584838867188,21.727691650390625,22.330080032348633,22.433979034423828,23.2232666015625,23.659942626953125,22.191383361816406,22.876319885253906,23.338581085205078,2023-02-27,33.25833333333333,28.75,26.799999999999997,22.900000000000002,test
2023-03-01,23.93374252319336,23.757923126220703,23.107776641845703,21.78811264038086,23.757923126220703,22.029621124267578,21.374378204345703,21.27703857421875,21.188919067382812,20.07143783569336,20.663433074951172,19.77313995361328,20.08354949951172,20.11278533935547,21.281475067138672,20.010543823242188,20.76415252685547,20.725414276123047,21.06344223022461,21.647438049316406,21.78811264038086,21.084653854370117,23.168840408325195,21.929187774658203,23.60738754272461,22.49311065673828,22.278907775878906,22.394824981689453,23.039810180664062,22.499706268310547,23.107776641845703,23.200366973876953,23.758434295654297,23.93374252319336,2023-02-28,33.25833333333333,28.75,26.383333333333336,22.175,test
2023-03-07,23.861948013305664,23.73178482055664,23.452564239501953,22.742921829223633,21.651206970214844,21.343048095703125,22.496017456054688,21.763004302978516,21.419017791748047,21.85909652709961,22.39225196838379,22.742921829223633,21.237979888916016,23.48165512084961,22.146671295166016,21.972427368164062,22.688657760620117,23.054386138916016,22.704769134521484,23.014129638671875,22.169315338134766,22.868440628051758,22.930099487304688,23.612884521484375,23.73178482055664,22.113327026367188,23.35501480102539,23.861948013305664,23.428171157836914,23.74916648864746,23.19420623779297,23.452564239501953,23.554515838623047,22.57346534729004,2023-03-06,31.71666666666667,27.724999999999998,24.400000000000002,21.23333333333333,test
2023-03-14,26.490482330322266,26.01467514038086,25.45543670654297,24.931987762451172,23.767505645751953,24.534360885620117,23.781105041503906,23.737327575683594,24.174314498901367,24.35899543762207,24.028493881225586,24.076353073120117,23.646686553955078,24.598081588745117,24.931987762451172,24.75054168701172,24.94571876525879,24.597314834594727,25.00975799560547,24.62702751159668,25.108142852783203,25.45543670654297,23.970861434936523,25.192419052124023,25.777040481567383,24.848896026611328,24.96875762939453,25.686080932617188,25.394317626953125,26.07162094116211,25.236026763916016,25.47833251953125,26.01467514038086,26.490482330322266,2023-03-13,34.59166666666667,32.49166666666667,27.724999999999998,21.675,test
2023-03-21,21.339473724365234,20.66196060180664,20.22235870361328,17.82662582397461,14.32217788696289,14.281421661376953,16.017986297607422,14.936037063598633,16.462322235107422,16.052875518798828,16.247791290283203,15.332904815673828,16.49367904663086,17.357826232910156,17.06607437133789,15.820051193237305,17.82662582397461,17.21029281616211,18.234683990478516,19.36832046508789,20.66196060180664,18.253503799438477,19.939800262451172,20.253662109375,18.93158721923828,17.759403228759766,19.44528579711914,17.438247680664062,20.517948150634766,20.478981018066406,21.079923629760742,21.339473724365234,18.918701171875,20.22235870361328,2023-03-20,34.59166666666667,32.833333333333336,31.41666666666666,23.625,test
2023-03-28,27.376283645629883,26.54339599609375,26.197158813476562,25.391660690307617,22.492042541503906,22.23487663269043,22.450538635253906,22.896583557128906,23.733760833740234,23.51186180114746,23.55965805053711,24.713924407958984,23.50733184814453,24.187118530273438,24.60723114013672,25.09423065185547,25.81844711303711,24.75102996826172,24.564472198486328,25.4078369140625,24.656112670898438,25.579883575439453,26.14065170288086,25.853696823120117,25.416118621826172,25.94194793701172,25.391660690307617,26.47085189819336,26.38892364501953,26.306875228881836,26.54339599609375,27.09687042236328,26.197158813476562,27.376283645629883,2023-03-27,34.59166666666667,32.833333333333336,31.41666666666666,25.358333333333334,test
2023-04-01,28.708620071411133,28.02710723876953,27.115001678466797,25.940837860107422,20.308774948120117,21.155105590820312,22.455718994140625,23.372018814086914,23.03562355041504,23.266887664794922,23.840768814086914,23.876060485839844,24.33477783203125,24.494766235351562,25.252159118652344,24.812162399291992,25.693899154663086,25.70702362060547,24.875587463378906,26.667890548706055,25.940837860107422,26.671279907226562,26.455322265625,27.030487060546875,26.320823669433594,26.816577911376953,27.115001678466797,28.02710723876953,26.732254028320312,27.253376007080078,27.608814239501953,28.708620071411133,28.61309051513672,27.92017364501953,2023-03-31,34.59166666666667,32.833333333333336,31.41666666666666,25.666666666666668,test
2023-04-07,29.023773193359375,28.698246002197266,28.345111846923828,27.195167541503906,23.983318328857422,24.505645751953125,24.82154083251953,23.760080337524414,24.24528694152832,24.854400634765625,25.286067962646484,26.138883590698242,26.075279235839844,26.354175567626953,26.012126922607422,27.195167541503906,26.71136474609375,26.16044807434082,25.8839168548584,27.248214721679688,26.31308937072754,27.76678466796875,27.679439544677734,27.597869873046875,27.59325408935547,28.49678611755371,28.361005783081055,28.7750244140625,28.5604248046875,29.023773193359375,28.345111846923828,27.47947120666504,28.308692932128906,28.698246002197266,2023-04-06,36.93333333333334,34.449999999999996,32.49166666666667,26.466666666666665,test
2023-04-14,23.910860061645508,22.391311645507812,21.668004989624023,20.81855010986328,20.588146209716797,21.477930068969727,20.840293884277344,20.467296600341797,20.35163116455078,18.906169891357422,21.195720672607422,21.016193389892578,21.54781723022461,20.460601806640625,20.559070587158203,19.35052490234375,19.713808059692383,19.702390670776367,20.064163208007812,20.81855010986328,23.910860061645508,20.59233856201172,22.0191650390625,19.59232521057129,21.668004989624023,21.47447967529297,20.337900161743164,21.213211059570312,23.015682220458984,22.391311645507812,22.122695922851562,22.384498596191406,20.52522087097168,19.609004974365234,2023-04-13,36.93333333333334,34.40833333333333,31.058333333333334,26.416666666666668,test
2023-04-21,30.41535186767578,29.408023834228516,28.866283416748047,28.001174926757812,24.537580490112305,25.113264083862305,26.113603591918945,26.207782745361328,25.632183074951172,26.801273345947266,26.526185989379883,27.943744659423828,26.85782241821289,26.8934268951416,27.235122680664062,27.458057403564453,28.108196258544922,28.03323745727539,27.179012298583984,27.652812957763672,28.37776756286621,27.09457778930664,28.29961585998535,28.097471237182617,28.913206100463867,28.24721336364746,29.116432189941406,28.866283416748047,29.408023834228516,28.001174926757812,30.41535186767578,28.573701858520508,29.58533477783203,28.884700775146484,2023-04-20,37.46666666666666,35.76666666666667,31.53333333333333,26.416666666666668,test
2023-04-28,31.354917526245117,31.12728500366211,30.780109405517578,29.47254180908203,27.059904098510742,27.48508071899414,27.790813446044922,27.755599975585938,28.29190444946289,29.307619094848633,28.96094512939453,27.828012466430664,28.7452392578125,28.588626861572266,29.122711181640625,29.289058685302734,29.36176872253418,29.48894500732422,29.7476806640625,28.828563690185547,30.311199188232422,29.409637451171875,29.706310272216797,30.780109405517578,30.872127532958984,29.47254180908203,29.850404739379883,30.196699142456055,30.224834442138672,30.78489875793457,31.128864288330078,31.354917526245117,31.12728500366211,30.832500457763672,2023-04-27,37.46666666666666,35.76666666666667,33.95833333333333,30.033333333333335,test
2023-05-01,30.411623001098633,29.901445388793945,29.259510040283203,28.617095947265625,23.46891975402832,25.40126609802246,25.547422409057617,25.371253967285156,25.195167541503906,27.067157745361328,26.68439292907715,26.155181884765625,26.86826515197754,28.750717163085938,27.58872413635254,28.02642822265625,28.34122085571289,27.65314483642578,28.617095947265625,28.72982406616211,28.825008392333984,29.144662857055664,28.51303482055664,28.463943481445312,30.411623001098633,29.060176849365234,29.32154083251953,30.360008239746094,29.901445388793945,29.255481719970703,29.259510040283203,29.534912109375,29.02515411376953,29.576251983642578,2023-04-30,37.46666666666666,35.76666666666667,33.95833333333333,30.525000000000002,test
2023-05-07,32.17755126953125,31.22719955444336,31.10224723815918,30.023479461669922,25.575008392333984,26.977441787719727,26.433170318603516,28.488094329833984,28.342979431152344,29.141616821289062,28.33916473388672,28.492366790771484,29.135231018066406,29.2513427734375,29.902223587036133,29.763141632080078,30.023479461669922,29.938018798828125,30.594955444335938,29.845260620117188,29.87643051147461,30.164283752441406,31.22719955444336,31.13776397705078,30.884750366210938,30.623046875,30.97722625732422,30.310523986816406,31.22954750061035,31.175722122192383,30.523025512695312,31.10224723815918,31.15485954284668,32.17755126953125,2023-05-06,41.050000000000004,37.449999999999996,34.13333333333333,30.933333333333334,test
2023-05-14,32.972747802734375,32.576072692871094,32.169368743896484,31.526683807373047,27.54141616821289,28.429277420043945,28.533573150634766,28.434722900390625,29.481101989746094,30.29657554626465,29.42013931274414,29.826906204223633,30.495620727539062,31.379331588745117,30.916704177856445,31.526683807373047,30.591903686523438,31.975299835205078,31.51473617553711,30.98046112060547,32.5662956237793,31.895435333251953,31.406864166259766,31.58966064453125,32.576072692871094,32.72513198852539,32.20442581176758,32.00804138183594,31.899372100830078,31.919715881347656,32.169368743896484,32.41858673095703,31.73987579345703,32.972747802734375,2023-05-13,41.050000000000004,37.449999999999996,34.800000000000004,31.53333333333333,test
2023-05-21,33.02898406982422,32.681400299072266,32.51512145996094,31.554180145263672,27.862323760986328,28.86052703857422,29.711572647094727,29.780397415161133,29.80162811279297,30.569168090820312,30.455209732055664,30.461837768554688,30.581008911132812,30.42723846435547,30.717220306396484,31.207351684570312,30.87737274169922,30.430862426757812,31.425317764282227,32.51512145996094,32.378082275390625,31.662904739379883,32.549495697021484,31.554180145263672,32.45722961425781,32.4332275390625,32.334774017333984,32.249053955078125,32.806373596191406,32.681400299072266,32.63837814331055,32.65446472167969,32.439781188964844,33.02898406982422,2023-05-20,41.050000000000004,37.449999999999996,34.13333333333333,31.40833333333333,test
2023-05-28,34.1428108215332,34.05460739135742,33.600433349609375,32.813087463378906,33.10485076904297,32.414390563964844,32.10247802734375,31.324003219604492,31.853530883789062,31.582717895507812,31.65774154663086,31.446964263916016,32.21794128417969,33.10287094116211,31.793193817138672,32.813087463378906,32.1221923828125,31.402114868164062,33.91502380371094,32.309974670410156,32.75981140136719,32.07787322998047,33.00932693481445,33.00572967529297,34.05460739135742,33.274742126464844,33.25732421875,33.41242980957031,33.83034896850586,33.64515686035156,34.1428108215332,33.600433349609375,34.07878875732422,32.61670684814453,2023-05-27,41.050000000000004,37.449999999999996,34.05833333333333,31.90833333333333,test
2023-06-01,34.442626953125,33.70658874511719,33.37507247924805,33.00958251953125,31.688365936279297,31.806291580200195,31.551254272460938,32.54583740234375,31.04080581665039,31.379230499267578,32.86370849609375,32.44559860229492,33.02837371826172,32.931854248046875,32.379573822021484,32.956756591796875,33.16998291015625,32.75339889526367,33.235137939453125,32.672607421875,33.213035583496094,32.9339599609375,33.00958251953125,33.37507247924805,33.42919921875,32.91580581665039,33.70658874511719,33.68077850341797,33.32162857055664,34.442626953125,33.24185562133789,33.15125274658203,33.512664794921875,34.40113067626953,2023-05-31,41.050000000000004,37.449999999999996,34.05833333333333,32.3,test
2023-06-07,35.15269470214844,34.81089401245117,34.503936767578125,34.04615783691406,32.93650817871094,32.344200134277344,32.91459655761719,32.31866455078125,32.4157600402832,32.935577392578125,32.59766387939453,32.542362213134766,32.816001892089844,33.41166305541992,33.11822509765625,33.81099319458008,33.448814392089844,34.11472702026367,35.01429748535156,33.950382232666016,34.04615783691406,34.44122314453125,34.206764221191406,33.99829864501953,34.46684265136719,34.76530456542969,34.44281768798828,34.18643569946289,34.434356689453125,34.735801696777344,34.81089401245117,34.503936767578125,34.80198669433594,35.15269470214844,2023-06-06,38.300000000000004,35.708333333333336,34.266666666666666,32.875,test
2023-06-14,34.83612823486328,34.57835388183594,34.2980842590332,33.8827018737793,31.208003997802734,31.379005432128906,32.36717987060547,32.87232208251953,32.49787521362305,32.92384719848633,32.11048889160156,32.660194396972656,32.8515625,34.3783073425293,34.13857650756836,33.42274475097656,34.2227668762207,33.42481231689453,33.609161376953125,34.19525909423828,34.355690002441406,33.82173538208008,34.64375305175781,33.8827018737793,34.050315856933594,34.34977722167969,34.07471466064453,34.83612823486328,33.78266906738281,34.01335144042969,33.95842742919922,34.57835388183594,33.6434326171875,34.2980842590332,2023-06-13,38.300000000000004,36.791666666666664,34.266666666666666,33.00833333333333,test
2023-06-21,34.89994430541992,34.68097686767578,34.383140563964844,33.947776794433594,31.321510314941406,32.11701965332031,32.52699661254883,32.63237762451172,33.594085693359375,33.7821044921875,33.55302429199219,33.345333099365234,33.189762115478516,33.59307861328125,33.14521789550781,34.68097686767578,33.58729934692383,34.573604583740234,33.551387786865234,34.5140266418457,34.02631378173828,34.052268981933594,33.74293899536133,34.383140563964844,33.81840896606445,34.749900817871094,34.255210876464844,34.89994430541992,34.296241760253906,34.32407760620117,34.127288818359375,34.011985778808594,33.947776794433594,34.506004333496094,2023-06-20,39.075,37.86666666666666,37.0,33.641666666666666,test
2023-06-28,35.17362976074219,34.795406341552734,34.65009307861328,34.21973419189453,33.77546691894531,33.44121551513672,34.317989349365234,33.708251953125,33.97187805175781,33.55270004272461,33.18780517578125,33.42154312133789,33.68407440185547,34.06916046142578,34.3646240234375,33.97051239013672,34.21973419189453,33.69992446899414,34.62416076660156,34.20653533935547,34.68754577636719,34.419044494628906,33.833770751953125,34.65009307861328,34.62777328491211,34.869850158691406,34.795406341552734,33.8868408203125,33.79627990722656,35.17362976074219,34.417625427246094,34.669647216796875,34.750762939453125,34.41069793701172,2023-06-27,39.53333333333334,38.86666666666667,38.325,36.791666666666664,test
2023-07-01,35.29585266113281,35.02006530761719,34.82355499267578,34.27454376220703,32.840232849121094,33.47008514404297,32.818519592285156,33.22066116333008,33.57963562011719,33.46167755126953,34.08713150024414,33.439842224121094,33.65971755981445,33.870487213134766,34.53376770019531,34.22206115722656,34.595863342285156,33.597389221191406,34.27454376220703,34.098236083984375,35.093902587890625,34.640594482421875,34.0848388671875,34.52626037597656,34.93110656738281,35.018741607666016,34.68097686767578,34.2130126953125,35.02006530761719,34.59491729736328,34.34231948852539,34.82355499267578,35.29585266113281,34.849754333496094,2023-06-30,39.53333333333334,38.86666666666667,38.44166666666667,36.87500000000001,test
2023-07-07,35.043033599853516,34.68537521362305,34.503177642822266,34.27054977416992,33.415496826171875,33.68861770629883,34.046539306640625,34.13612747192383,33.79680633544922,34.5152473449707,33.674560546875,34.16441345214844,34.33420181274414,34.488067626953125,34.204124450683594,34.182918548583984,34.27212905883789,33.735931396484375,34.300872802734375,34.394935607910156,34.314720153808594,34.50936508178711,34.68537521362305,33.868438720703125,34.549434661865234,34.09192657470703,35.043033599853516,34.2037353515625,34.72087097167969,34.399620056152344,33.89765930175781,34.27054977416992,34.503177642822266,34.08087921142578,2023-07-06,39.53333333333334,38.86666666666667,38.44166666666667,37.0,test
2023-07-14,35.53437805175781,35.30564880371094,34.869869232177734,34.683624267578125,35.53437805175781,34.930152893066406,34.818058013916016,34.86469268798828,35.3421630859375,34.75940704345703,34.24431610107422,35.30564880371094,34.76255798339844,34.529869079589844,35.030311584472656,34.65167999267578,34.65770721435547,34.575279235839844,34.48656463623047,34.683624267578125,34.80699920654297,34.56726837158203,34.625701904296875,34.05481719970703,34.683815002441406,34.536773681640625,34.048004150390625,34.869869232177734,34.68799591064453,33.869789123535156,35.17519760131836,34.406005859375,34.304603576660156,34.53459930419922,2023-07-13,39.53333333333334,38.86666666666667,38.44166666666667,37.06666666666667,test
2023-07-21,37.15061569213867,36.15095520019531,35.89405822753906,35.33599090576172,37.15061569213867,36.229652404785156,35.663299560546875,36.15095520019531,35.33599090576172,35.89405822753906,35.96613311767578,35.43672561645508,35.30725860595703,34.97467803955078,35.02674102783203,35.646942138671875,35.75634765625,35.297969818115234,35.934295654296875,35.39397048950195,35.438720703125,35.040122985839844,35.150001525878906,35.29393005371094,35.31897735595703,35.51902389526367,35.32828903198242,36.10273361206055,35.23125457763672,34.5366096496582,35.17111587524414,35.19623565673828,34.7560920715332,35.29814910888672,2023-07-20,39.53333333333334,38.62499999999999,37.78333333333333,36.10833333333333,test
2023-07-28,37.98970031738281,36.977237701416016,36.147335052490234,35.56446838378906,37.98970031738281,37.95490264892578,36.977237701416016,36.21540832519531,36.082763671875,36.321258544921875,36.190406799316406,36.147335052490234,35.66412353515625,36.096282958984375,35.462974548339844,35.69390106201172,35.67193603515625,35.21978759765625,35.51323699951172,35.78105163574219,35.56446838378906,35.04670333862305,35.873329162597656,35.12638473510742,35.15960693359375,35.454742431640625,35.45741271972656,35.13101577758789,34.94808578491211,34.92680358886719,35.032936096191406,35.40630340576172,34.773643493652344,35.1923828125,2023-07-27,38.62499999999999,37.56666666666667,36.225,34.90833333333334,test
2023-08-01,35.89506912231445,35.887916564941406,35.509521484375,35.25507354736328,35.8880500793457,35.89506912231445,35.43636703491211,35.25507354736328,35.50364685058594,35.021018981933594,35.887916564941406,35.42401123046875,35.65559005737305,35.43335723876953,35.4066276550293,35.19677734375,35.325599670410156,35.52861022949219,35.191864013671875,35.509521484375,35.25342559814453,34.98106384277344,35.58815383911133,35.31538391113281,34.960792541503906,35.12169647216797,34.82398986816406,34.843597412109375,34.98583221435547,34.63962173461914,34.882423400878906,34.73199462890625,34.610992431640625,34.911224365234375,2023-07-31,37.78333333333333,37.06666666666667,35.73333333333333,34.833333333333336,test
2023-08-07,35.91120910644531,35.875892639160156,35.46259689331055,35.20228576660156,35.81427001953125,35.68646240234375,35.898681640625,35.91120910644531,35.875892639160156,35.20228576660156,35.33418273925781,35.17234802246094,35.300506591796875,35.13427734375,35.30508041381836,35.416873931884766,35.045372009277344,35.46259689331055,35.04948806762695,35.17194366455078,34.589473724365234,35.184730529785156,35.55577087402344,35.23683547973633,35.029388427734375,34.853843688964844,35.24049758911133,35.32732391357422,34.99207305908203,34.83436584472656,34.36061096191406,34.99031066894531,34.64575958251953,34.520362854003906,2023-08-06,37.78333333333333,36.891666666666666,35.391666666666666,34.766666666666666,test
2023-08-14,37.017822265625,36.909698486328125,36.73065185546875,36.550018310546875,36.481571197509766,36.26283264160156,36.61992645263672,36.67655944824219,36.74897003173828,36.35227966308594,37.017822265625,35.57447052001953,36.68151092529297,36.34199523925781,36.73065185546875,36.730308532714844,36.49909973144531,36.72991943359375,36.80030822753906,36.28196716308594,35.831783294677734,36.47704315185547,36.36167907714844,36.611976623535156,36.14966583251953,36.0277099609375,36.13922119140625,36.391563415527344,36.95055389404297,36.59930419921875,36.83702087402344,36.909698486328125,35.98059844970703,36.550018310546875,2023-08-13,41.36666666666667,37.525,35.73333333333333,34.775,test
2023-08-21,35.207820892333984,34.7359619140625,34.57432174682617,34.303550720214844,34.01683807373047,34.43254852294922,34.47999572753906,34.24198913574219,34.221736907958984,34.909637451171875,34.582759857177734,35.207820892333984,34.7359619140625,33.984214782714844,34.58404541015625,34.475074768066406,34.42860412597656,34.57432174682617,34.303550720214844,33.88738250732422,34.22056579589844,34.329811096191406,34.37205505371094,33.91773223876953,33.58289337158203,34.45868682861328,34.58185958862305,33.58660888671875,33.200225830078125,33.57286071777344,33.426612854003906,32.80640411376953,32.94251251220703,33.259422302246094,2023-08-20,41.36666666666667,37.525,35.73333333333333,34.03333333333333,test
2023-08-28,34.679569244384766,34.42683029174805,34.22547149658203,33.75082778930664,34.313941955566406,34.3465461730957,34.458839416503906,34.42683029174805,34.679569244384766,34.22547149658203,34.08851623535156,34.0050163269043,33.71940612792969,34.114131927490234,34.340267181396484,33.75082778930664,34.00559997558594,33.53302764892578,33.86383056640625,34.023353576660156,33.368995666503906,33.53204345703125,33.44737243652344,33.634605407714844,33.90430450439453,33.5965576171875,33.104705810546875,32.83721923828125,33.11908721923828,32.691673278808594,33.126747131347656,32.80764389038086,32.74774169921875,32.801334381103516,2023-08-27,41.36666666666667,37.525,35.475,33.283333333333324,test
2023-09-01,35.556068420410156,34.55175018310547,34.0810432434082,33.37532043457031,35.556068420410156,34.94173049926758,34.26579284667969,34.55175018310547,34.0810432434082,34.127891540527344,34.28523254394531,33.78422164916992,33.448875427246094,33.47888946533203,33.67488098144531,33.56385040283203,33.58482360839844,33.12841033935547,33.687950134277344,33.37532043457031,33.026222229003906,32.83137512207031,33.27530288696289,32.816532135009766,32.49396514892578,32.528465270996094,32.86027526855469,32.39313507080078,32.05657196044922,31.911842346191406,32.094383239746094,32.233367919921875,31.765949249267578,32.08595275878906,2023-08-31,41.36666666666667,37.525,35.291666666666664,33.291666666666664,test
2023-09-07,35.70379638671875,34.493431091308594,33.739837646484375,33.03131103515625,35.65301513671875,35.70379638671875,34.493431091308594,34.145992279052734,33.8979377746582,34.31288528442383,33.739837646484375,33.58346939086914,33.03131103515625,33.347660064697266,33.69859313964844,33.33976364135742,33.57026672363281,33.58116912841797,33.45027160644531,32.65138626098633,32.542724609375,32.34564208984375,32.86465072631836,32.74726104736328,31.927688598632812,32.6069221496582,31.953092575073242,31.84764862060547,31.39504623413086,32.14995193481445,31.2996826171875,31.71245574951172,31.322010040283203,31.593570709228516,2023-09-06,41.36666666666667,36.81666666666666,34.50833333333333,32.74166666666667,test
2023-09-14,33.69948959350586,32.97405242919922,32.82378387451172,31.9288330078125,30.681921005249023,31.76442527770996,32.92280960083008,33.067138671875,32.70904541015625,33.69948959350586,32.776123046875,32.88663101196289,32.90830993652344,32.59257888793945,32.463783264160156,32.77347946166992,32.97405242919922,32.4224967956543,32.365562438964844,32.82378387451172,31.9288330078125,31.246036529541016,31.844066619873047,31.578540802001953,31.295446395874023,30.398916244506836,31.105621337890625,30.790508270263672,31.34603500366211,30.729022979736328,31.069087982177734,30.92211151123047,30.71697998046875,30.245559692382812,2023-09-13,35.225,33.875,33.225,31.63333333333333,test
2023-09-21,32.19129943847656,32.02183151245117,31.725460052490234,31.188034057617188,31.188034057617188,31.294166564941406,31.75311851501465,32.19129943847656,31.374351501464844,31.863025665283203,32.02183151245117,31.725460052490234,31.63245964050293,31.46529769897461,32.025962829589844,31.481943130493164,31.899669647216797,31.421375274658203,31.71274185180664,31.169811248779297,30.71307373046875,30.4727783203125,30.75800323486328,30.28038215637207,30.60982894897461,30.63925552368164,30.141666412353516,30.373992919921875,29.879547119140625,29.96524429321289,28.85348892211914,29.808258056640625,29.345970153808594,29.486129760742188,2023-09-20,35.225,33.875,32.975,29.09166666666667,test
2023-09-28,32.8628044128418,32.431800842285156,31.70034408569336,30.934612274169922,32.8628044128418,32.849700927734375,31.934661865234375,31.969993591308594,31.457242965698242,32.431800842285156,31.67176055908203,31.637653350830078,31.78026580810547,31.482772827148438,31.223901748657227,31.16452980041504,30.48203468322754,31.70034408569336,30.41207504272461,30.934612274169922,31.474445343017578,30.133146286010742,29.934864044189453,30.457395553588867,30.074970245361328,29.587472915649414,30.59255599975586,29.903018951416016,29.4243106842041,29.857990264892578,29.39394760131836,29.062061309814453,29.101871490478516,28.35285186767578,2023-09-27,35.225,35.04166666666667,31.683333333333326,29.09166666666667,test
2023-10-01,31.938377380371094,31.52737808227539,30.974346160888672,30.217533111572266,31.938377380371094,31.54928970336914,31.047195434570312,31.52737808227539,30.81905746459961,30.702606201171875,31.356868743896484,30.803869247436523,30.66999053955078,31.03215789794922,30.974346160888672,30.61311149597168,30.217533111572266,30.252315521240234,29.849275588989258,30.251895904541016,29.450618743896484,29.92290687561035,29.93336296081543,29.094627380371094,28.94701385498047,29.58395004272461,29.30643081665039,29.12136459350586,29.299766540527344,29.002246856689453,28.490737915039062,28.45000457763672,28.258228302001953,28.460180282592773,2023-09-30,35.21818181818182,32.75454545454546,30.8,28.775000000000002,test
2023-10-07,30.112464904785156,29.998592376708984,29.756256103515625,29.190166473388672,29.388206481933594,29.995697021484375,29.939083099365234,29.6256160736084,29.756256103515625,29.998592376708984,29.779132843017578,30.112464904785156,29.70336151123047,30.041194915771484,29.399744033813477,29.190166473388672,29.523469924926758,29.462905883789062,29.452381134033203,28.972904205322266,28.797645568847656,28.117679595947266,28.063575744628906,28.345458984375,28.188228607177734,28.530879974365234,27.688552856445312,27.900794982910156,27.427881240844727,27.4681396484375,27.826416015625,27.2593994140625,27.069889068603516,26.369470596313477,2023-10-06,35.21818181818182,32.75454545454546,30.8,29.266666666666666,test
2023-10-14,29.230173110961914,29.009801864624023,28.526630401611328,27.92329978942871,29.04851531982422,29.230173110961914,29.009801864624023,28.526630401611328,28.732593536376953,29.009281158447266,28.522689819335938,27.927024841308594,28.43840789794922,28.59856605529785,28.34729766845703,28.329795837402344,27.92329978942871,28.39898681640625,27.850933074951172,28.12705421447754,27.104387283325195,27.48114013671875,27.333332061767578,26.552392959594727,26.80840301513672,26.693099975585938,26.565277099609375,26.62200164794922,25.808582305908203,25.718862533569336,26.102466583251953,25.763986587524414,25.598526000976562,25.33136558532715,2023-10-13,35.21818181818182,32.75454545454546,30.036363636363635,29.318181818181817,test
2023-10-21,28.09685516357422,27.99215316772461,27.66482925415039,26.958660125732422,27.99215316772461,28.09685516357422,28.01614761352539,27.818408966064453,27.66482925415039,27.323720932006836,27.580652236938477,27.711929321289062,27.561193466186523,27.342140197753906,27.967025756835938,27.579248428344727,27.05612564086914,27.311466217041016,26.584346771240234,26.477428436279297,26.958660125732422,26.14556312561035,25.943214416503906,25.91810417175293,26.29749298095703,26.017513275146484,25.890422821044922,25.090415954589844,24.841230392456055,25.582897186279297,25.223278045654297,24.976993560791016,24.919811248779297,24.886653900146484,2023-10-20,35.21818181818182,32.75454545454546,30.363636363636363,29.527272727272724,test
2023-10-28,30.79843521118164,28.641494750976562,27.625892639160156,26.165363311767578,30.79843521118164,29.702220916748047,28.641494750976562,28.611881256103516,28.50350570678711,28.043655395507812,27.625892639160156,27.31753158569336,27.57176399230957,26.762550354003906,27.17650032043457,26.562274932861328,26.636024475097656,26.165363311767578,25.114450454711914,25.808246612548828,25.636249542236328,26.182950973510742,25.81116485595703,25.200668334960938,24.97089385986328,24.663854598999023,24.902137756347656,25.352880477905273,24.306482315063477,24.955127716064453,24.062360763549805,23.646032333374023,23.61429214477539,23.876663208007812,2023-10-27,31.818181818181817,30.363636363636363,29.63636363636363,28.563636363636363,test
2023-11-01,29.190980911254883,28.204397201538086,27.26186752319336,26.368988037109375,29.190980911254883,28.752845764160156,27.7069091796875,28.204397201538086,27.234073638916016,27.69599151611328,27.26186752319336,26.814794540405273,27.45582389831543,27.094615936279297,27.05562973022461,26.84202003479004,26.191909790039062,26.247589111328125,26.62910270690918,26.368988037109375,26.57061195373535,25.185434341430664,25.456323623657227,25.15469741821289,25.39714813232422,25.443069458007812,24.830167770385742,25.313232421875,24.094158172607422,24.67166519165039,24.68777847290039,24.104568481445312,24.905773162841797,24.086883544921875,2023-10-31,31.818181818181817,29.845454545454547,29.527272727272724,25.027272727272727,test
2023-11-07,28.814228057861328,27.938886642456055,27.215396881103516,25.69860076904297,28.814228057861328,28.30109977722168,27.938886642456055,27.342971801757812,27.299358367919922,27.295108795166016,27.215396881103516,26.77520179748535,26.326677322387695,26.477201461791992,26.860530853271484,25.897031784057617,26.024253845214844,26.719778060913086,25.69860076904297,25.56732940673828,25.44790267944336,24.813034057617188,25.113727569580078,24.811269760131836,25.24955940246582,25.573402404785156,24.41510009765625,24.281814575195312,24.674823760986328,24.490524291992188,24.129234313964844,23.745763778686523,24.101165771484375,23.67291831970215,2023-11-06,30.363636363636363,29.527272727272724,27.599999999999998,24.245454545454546,test
2023-11-14,29.15888214111328,27.658309936523438,26.4725399017334,25.202747344970703,29.15888214111328,27.865177154541016,27.658309936523438,26.69668197631836,27.100900650024414,26.728919982910156,26.4725399017334,26.3908748626709,26.283294677734375,26.308269500732422,25.282726287841797,25.534372329711914,25.739992141723633,25.202747344970703,25.105886459350586,25.507888793945312,25.0384521484375,24.551738739013672,25.19904327392578,24.60094451904297,24.204360961914062,24.135480880737305,23.728744506835938,24.265928268432617,23.678512573242188,24.313602447509766,23.833133697509766,22.679481506347656,23.025802612304688,22.99241828918457,2023-11-13,28.336363636363636,25.689999999999998,24.37272727272727,22.672727272727272,test
2023-11-21,24.779865264892578,23.819759368896484,23.45624542236328,22.984386444091797,19.985198974609375,21.822114944458008,22.413042068481445,23.47976303100586,23.819759368896484,23.127376556396484,23.760833740234375,24.779865264892578,23.189285278320312,23.344554901123047,23.45624542236328,23.934467315673828,23.159461975097656,23.634328842163086,23.321502685546875,23.44287872314453,22.272823333740234,22.792953491210938,22.706878662109375,22.29141616821289,22.302589416503906,21.65221405029297,21.247573852539062,22.24385643005371,22.984386444091797,23.10030746459961,22.210538864135742,21.8866024017334,22.227615356445312,21.675556182861328,2023-11-20,28.336363636363636,25.027272727272727,22.972727272727273,21.57272727272727,test
2023-11-28,23.59459686279297,23.438989639282227,22.92070770263672,22.01084327697754,20.92034912109375,21.788555145263672,21.936561584472656,22.01084327697754,23.464332580566406,23.438989639282227,23.59459686279297,23.146339416503906,22.92070770263672,23.35292625427246,23.144329071044922,22.609642028808594,22.10773468017578,22.027549743652344,22.231399536132812,22.066341400146484,20.963947296142578,21.137725830078125,21.472339630126953,21.166025161743164,21.713539123535156,21.662294387817383,22.219249725341797,21.804759979248047,21.941617965698242,21.392715454101562,21.990459442138672,22.04533576965332,21.415828704833984,21.080474853515625,2023-11-27,28.336363636363636,23.7,22.40909090909091,20.600000000000005,test
2023-12-01,23.280805587768555,22.814857482910156,22.61890411376953,21.274822235107422,22.645984649658203,22.61890411376953,22.814857482910156,23.280805587768555,22.635581970214844,22.54583168029785,22.262481689453125,22.85724639892578,22.402591705322266,22.362642288208008,22.652652740478516,22.1591796875,21.274822235107422,21.529521942138672,20.842214584350586,21.12294578552246,21.31372833251953,20.269115447998047,20.709980010986328,20.96890640258789,20.914384841918945,21.04366683959961,20.304983139038086,20.412582397460938,20.27688980102539,21.205141067504883,20.540557861328125,20.724796295166016,20.12656593322754,19.69961166381836,2023-11-30,28.336363636363636,23.7,22.40909090909091,20.572727272727274,test
2023-12-07,23.177894592285156,22.837024688720703,22.438514709472656,21.635160446166992,19.625396728515625,21.785194396972656,21.67998504638672,22.348066329956055,22.438514709472656,22.922780990600586,22.448474884033203,23.177894592285156,22.837024688720703,22.45431137084961,22.55438804626465,21.91466522216797,21.645675659179688,21.81698989868164,21.065387725830078,21.807849884033203,21.096153259277344,21.143936157226562,21.274559020996094,20.55237579345703,21.635160446166992,21.392595291137695,20.986576080322266,21.452383041381836,20.53531265258789,20.757997512817383,21.422714233398438,21.290054321289062,20.864116668701172,21.02429962158203,2023-12-06,23.7,22.754545454545454,21.154545454545453,19.81666666666667,test
2023-12-14,22.204620361328125,21.73175048828125,20.978900909423828,20.656368255615234,18.898164749145508,19.80455780029297,20.842208862304688,20.609390258789062,21.001476287841797,20.92331314086914,20.968955993652344,21.155475616455078,22.204620361328125,21.73175048828125,21.740760803222656,21.673004150390625,20.727947235107422,20.656368255615234,20.891016006469727,20.90673065185547,20.01437759399414,20.807533264160156,20.144336700439453,20.1342716217041,20.24678611755371,20.978900909423828,19.239545822143555,20.320781707763672,20.377370834350586,20.129308700561523,20.283248901367188,19.300113677978516,19.78567123413086,19.940418243408203,2023-12-13,24.408333333333335,23.375,21.191666666666666,19.78333333333333,test
2023-12-21,20.842979431152344,20.693859100341797,20.49851417541504,19.79662322998047,20.693859100341797,20.039161682128906,19.81719970703125,20.424161911010742,19.50137710571289,20.62676429748535,20.79949188232422,20.64143943786621,20.572635650634766,20.4956111907959,20.842979431152344,20.44625473022461,20.49851417541504,20.36752700805664,20.32806396484375,19.79662322998047,19.292728424072266,18.67400360107422,18.943510055541992,19.225711822509766,18.462718963623047,19.08106231689453,19.225215911865234,19.130207061767578,19.261043548583984,19.58837127685547,18.98632049560547,19.350894927978516,19.445423126220703,18.892452239990234,2023-12-20,24.408333333333335,21.46666666666667,20.889999999999997,19.341666666666665,test
2023-12-28,21.094257354736328,20.759658813476562,20.55603790283203,19.85532569885254,21.094257354736328,21.092029571533203,20.753501892089844,20.567981719970703,20.151134490966797,20.117706298828125,19.90139389038086,20.57221031188965,20.759658813476562,20.23982810974121,20.360092163085938,20.55603790283203,19.85532569885254,20.508182525634766,19.99015235900879,19.28992462158203,19.28771209716797,19.538782119750977,19.450618743896484,18.911602020263672,18.240150451660156,19.006406784057617,19.402725219726562,18.33159065246582,19.027708053588867,19.238285064697266,19.2501163482666,19.27124786376953,18.46851921081543,18.81425666809082,2023-12-27,24.408333333333335,23.639999999999997,21.05,19.083333333333332,test
2024-01-01,20.37336540222168,19.968151092529297,19.759950637817383,19.120628356933594,19.82522964477539,19.364913940429688,19.641887664794922,19.607271194458008,19.399377822875977,19.759950637817383,19.886890411376953,20.37336540222168,20.041950225830078,19.857986450195312,19.58864402770996,19.448219299316406,19.968151092529297,19.338537216186523,19.120628356933594,18.726402282714844,18.353126525878906,19.02695083618164,18.203819274902344,18.23711585998535,18.524887084960938,19.02130889892578,18.08222007751465,18.65261459350586,19.01287269592285,18.338647842407227,18.299577713012695,18.109054565429688,18.524564743041992,17.901199340820312,2023-12-31,24.408333333333335,23.639999999999997,21.05,18.208333333333332,test
2024-01-07,20.31485939025879,19.729633331298828,19.274978637695312,18.76838493347168,20.31485939025879,19.726295471191406,19.274978637695312,19.273887634277344,19.729633331298828,19.630178451538086,18.987567901611328,18.665857315063477,18.436351776123047,18.50472068786621,18.20267105102539,19.026466369628906,18.41692352294922,18.39929962158203,18.114517211914062,18.845659255981445,19.076961517333984,18.887117385864258,19.98375701904297,18.60251235961914,17.901710510253906,18.76838493347168,18.64958953857422,18.222505569458008,19.291278839111328,19.048133850097656,18.759578704833984,18.566715240478516,18.739652633666992,18.72869873046875,2024-01-06,24.408333333333335,23.639999999999997,20.889999999999997,16.95,test
2024-01-14,19.44448471069336,19.060367584228516,18.73712730407715,18.594085693359375,18.631092071533203,17.67523765563965,18.020004272460938,18.292695999145508,18.602394104003906,18.87512969970703,18.716848373413086,18.73712730407715,19.060367584228516,18.709915161132812,19.44448471069336,18.720293045043945,19.13345718383789,18.652997970581055,18.826696395874023,18.507631301879883,17.92648696899414,18.594085693359375,18.062429428100586,18.354951858520508,17.62799835205078,18.122356414794922,17.503219604492188,18.165050506591797,18.58087158203125,18.93047332763672,18.640209197998047,18.38315773010254,18.092525482177734,18.435070037841797,2024-01-13,23.82,22.8,20.37272727272727,17.1,test
2024-01-21,20.530601501464844,19.94869041442871,19.562063217163086,19.173660278320312,20.530601501464844,19.36981773376465,19.45856475830078,19.177490234375,19.400339126586914,18.491214752197266,19.20459747314453,19.182893753051758,18.658863067626953,18.616254806518555,19.664060592651367,19.173660278320312,20.047611236572266,19.624950408935547,17.92652130126953,19.316709518432617,18.811656951904297,18.102436065673828,18.21196174621582,18.30547332763672,18.780609130859375,18.39950180053711,19.94869041442871,19.04595947265625,19.562063217163086,18.752824783325195,18.739267349243164,19.588119506835938,19.014446258544922,18.906234741210938,2024-01-20,23.82,23.518181818181823,19.418181818181818,16.44545454545454,test
2024-01-28,20.07123565673828,19.931812286376953,19.36063003540039,18.765520095825195,14.712169647216797,15.955625534057617,16.843290328979492,17.17884635925293,17.262298583984375,17.735422134399414,18.28915786743164,18.210203170776367,18.952146530151367,18.66301727294922,18.313081741333008,18.4859676361084,18.61467170715332,18.243486404418945,19.239742279052734,19.538471221923828,19.36063003540039,18.940675735473633,18.892473220825195,18.722009658813477,19.931812286376953,18.765520095825195,18.882221221923828,19.068328857421875,18.67364501953125,18.955432891845703,19.473636627197266,20.07123565673828,19.737146377563477,20.018001556396484,2024-01-27,23.518181818181823,21.963636363636365,19.418181818181818,17.563636363636366,test
2024-02-01,15.260724067687988,15.058425903320312,14.718575477600098,14.165209770202637,14.076866149902344,14.530807495117188,14.464750289916992,14.718575477600098,14.041803359985352,14.642624855041504,15.260724067687988,14.13902759552002,14.703521728515625,14.934480667114258,13.889890670776367,15.014995574951172,15.058425903320312,14.224006652832031,14.165209770202637,14.86225700378418,15.255675315856934,14.6624755859375,14.087882995605469,13.590287208557129,13.984153747558594,14.295007705688477,12.465572357177734,12.38856315612793,13.648040771484375,13.488065719604492,14.060051918029785,13.527729034423828,12.964975357055664,13.40336799621582,2024-01-31,23.708333333333332,22.40909090909091,20.400000000000002,18.563636363636363,test
2024-02-07,19.890655517578125,19.090749740600586,18.75027847290039,18.294960021972656,16.471363067626953,16.832626342773438,16.89729118347168,16.65597915649414,17.419662475585938,18.294960021972656,17.848438262939453,17.664892196655273,17.744422912597656,18.655887603759766,18.43942642211914,18.729022979736328,18.129104614257812,18.24603271484375,17.954294204711914,18.01439094543457,18.686006546020508,18.785112380981445,18.738140106201172,18.710466384887695,18.75027847290039,17.950641632080078,18.912982940673828,18.747453689575195,18.217193603515625,18.989091873168945,18.206912994384766,19.335712432861328,19.090749740600586,19.890655517578125,2024-02-06,24.433333333333334,23.518181818181823,21.963636363636365,19.31666666666667,test
2024-02-14,22.171356201171875,21.65361976623535,21.135677337646484,20.29822540283203,21.799400329589844,20.12885284423828,20.18241310119629,19.746049880981445,19.11266326904297,18.491010665893555,19.242877960205078,19.92941665649414,19.89038848876953,20.576879501342773,20.29822540283203,20.78383445739746,19.876550674438477,20.17597007751465,20.124725341796875,20.008975982666016,21.500085830688477,20.067729949951172,20.645601272583008,19.67191505432129,21.081871032714844,21.19236183166504,21.135677337646484,21.035202026367188,20.150611877441406,21.346141815185547,21.045673370361328,22.171356201171875,20.726516723632812,21.65361976623535,2024-02-13,27.28333333333333,24.433333333333334,21.963636363636365,19.658333333333335,test
2024-02-21,21.864917755126953,21.582035064697266,21.10293960571289,19.75094223022461,17.554183959960938,17.28270721435547,18.042123794555664,18.400049209594727,18.51270866394043,18.58856201171875,18.59010124206543,18.226367950439453,19.243602752685547,19.061710357666016,18.558250427246094,18.519412994384766,19.626270294189453,19.65620231628418,19.451698303222656,20.670177459716797,19.75094223022461,20.800994873046875,20.543472290039062,21.643814086914062,21.864917755126953,21.10293960571289,20.546173095703125,20.673606872558594,21.044586181640625,21.554534912109375,21.021696090698242,21.360740661621094,21.582035064697266,21.239727020263672,2024-02-20,27.28333333333333,26.275000000000002,23.016666666666666,20.73333333333333,test
2024-02-28,23.0255126953125,22.553430557250977,22.2063045501709,21.304075241088867,18.38960838317871,19.270566940307617,19.192398071289062,19.30534553527832,19.768938064575195,19.142257690429688,19.48395538330078,19.960493087768555,19.73208999633789,20.259876251220703,19.41179656982422,20.81938934326172,20.543968200683594,21.22311019897461,21.45125961303711,20.56080436706543,21.306163787841797,22.553430557250977,21.87926483154297,22.2063045501709,21.304075241088867,21.83515167236328,21.812734603881836,21.841245651245117,22.849082946777344,22.377105712890625,21.76093292236328,22.27666473388672,22.274391174316406,23.0255126953125,2024-02-27,32.34166666666667,27.28333333333333,24.433333333333334,21.03333333333333,test
2024-03-01,23.552776336669922,23.164548873901367,22.69628143310547,21.85369873046875,20.522502899169922,20.71349334716797,20.94548797607422,20.831787109375,20.417922973632812,21.017656326293945,20.64780044555664,20.21039581298828,20.714237213134766,21.239524841308594,21.212942123413086,20.807632446289062,21.784299850463867,21.12738800048828,21.85369873046875,21.871746063232422,22.366342544555664,21.377296447753906,22.653182983398438,21.90029525756836,22.334632873535156,22.1948184967041,22.160900115966797,23.39090919494629,23.552776336669922,22.857913970947266,22.90164566040039,22.879487991333008,22.69628143310547,23.164548873901367,2024-02-29,32.34166666666667,28.483333333333334,26.275000000000002,21.03333333333334,test
2024-03-07,24.422616958618164,23.71587562561035,23.511728286743164,22.567758560180664,20.63219451904297,19.704042434692383,21.617027282714844,20.036670684814453,20.906002044677734,20.877662658691406,21.552562713623047,21.540447235107422,21.13599967956543,21.223344802856445,21.44088363647461,21.705636978149414,22.37822151184082,21.886768341064453,22.669904708862305,22.58230972290039,21.95511245727539,23.05282211303711,23.075332641601562,22.567758560180664,23.516036987304688,23.09351348876953,23.622222900390625,23.093257904052734,23.604202270507812,23.511728286743164,24.31288719177246,23.71587562561035,24.422616958618164,23.47831153869629,2024-03-06,32.34166666666667,30.975000000000005,29.3,23.750000000000004,test
2024-03-14,25.256546020507812,24.87870216369629,24.191417694091797,23.543231964111328,23.16977310180664,22.043500900268555,22.005382537841797,21.927104949951172,21.19873046875,22.13349723815918,22.873008728027344,22.37795639038086,22.357282638549805,22.603721618652344,22.53289794921875,22.665363311767578,22.864017486572266,21.889511108398438,23.733196258544922,23.677221298217773,23.89605712890625,23.034122467041016,23.543231964111328,24.194143295288086,24.182083129882812,23.838462829589844,24.028953552246094,24.255691528320312,24.26589584350586,24.117136001586914,25.248197555541992,24.191417694091797,24.87870216369629,25.256546020507812,2024-03-13,32.34166666666667,30.975000000000005,29.3,24.38333333333333,test
2024-03-21,26.432262420654297,25.919273376464844,25.757890701293945,24.72629165649414,22.270296096801758,22.803640365600586,22.463590621948242,23.41872787475586,23.139188766479492,22.78486442565918,23.09905242919922,23.71332550048828,22.946924209594727,24.397987365722656,24.306743621826172,24.635971069335938,23.945056915283203,24.675708770751953,25.01995086669922,25.07620620727539,25.212570190429688,25.757890701293945,24.933460235595703,24.72629165649414,24.280031204223633,25.919273376464844,25.32172966003418,25.88483428955078,25.831401824951172,25.415515899658203,25.747753143310547,26.432262420654297,26.172231674194336,25.775920867919922,2024-03-20,34.16666666666667,31.941666666666666,29.625,26.275000000000002,test
2024-03-28,26.30850601196289,25.958694458007812,25.338699340820312,24.520795822143555,25.679277420043945,24.521160125732422,23.137264251708984,23.836143493652344,23.384719848632812,22.794864654541016,23.289752960205078,23.609386444091797,23.41103744506836,23.769882202148438,23.37523651123047,23.742515563964844,23.865644454956055,24.92638397216797,24.367298126220703,24.466350555419922,24.227825164794922,24.601947784423828,25.166994094848633,24.812414169311523,25.12177276611328,24.520795822143555,24.354259490966797,25.740097045898438,26.30850601196289,25.958694458007812,25.236906051635742,25.338699340820312,25.72228240966797,26.07184600830078,2024-03-27,39.25833333333333,34.4,30.975000000000005,28.483333333333334,test
2024-04-01,27.634233474731445,26.980152130126953,26.50857162475586,25.663494110107422,26.117464065551758,25.81681251525879,24.865161895751953,24.146718978881836,24.58083724975586,24.74609375,24.81324005126953,25.10009002685547,24.61408805847168,24.45354461669922,24.64487075805664,25.27817726135254,25.658933639526367,25.545793533325195,25.519983291625977,25.663494110107422,25.445133209228516,25.980375289916992,25.72650718688965,25.2253360748291,27.0616455078125,26.192222595214844,26.50857162475586,26.61087417602539,26.541654586791992,25.713218688964844,26.980152130126953,26.18071746826172,26.693540573120117,27.634233474731445,2024-03-31,39.25833333333333,34.4,30.025000000000006,27.96666666666667,test
2024-04-07,28.549474716186523,28.096904754638672,27.850587844848633,27.343727111816406,23.29435157775879,25.594261169433594,25.52620506286621,25.497291564941406,25.34691047668457,25.445335388183594,25.886409759521484,26.341310501098633,27.18950653076172,26.208717346191406,26.83543586730957,27.49492835998535,27.355316162109375,26.03953742980957,27.57192611694336,27.433147430419922,26.671560287475586,27.314041137695312,27.858264923095703,27.126981735229492,27.343727111816406,28.21253204345703,27.716262817382812,27.765487670898438,28.008739471435547,27.94843864440918,27.63272476196289,28.096904754638672,27.850587844848633,28.549474716186523,2024-04-06,39.25833333333333,34.4,29.041666666666668,26.924999999999997,test
2024-04-14,28.257915496826172,28.089599609375,27.87580108642578,27.203514099121094,25.424715042114258,25.498306274414062,25.93928337097168,26.047096252441406,25.0773983001709,25.694278717041016,26.049301147460938,27.00048828125,26.720279693603516,26.47627830505371,26.307109832763672,26.695201873779297,26.729164123535156,26.429473876953125,27.203514099121094,27.402339935302734,26.599802017211914,27.87580108642578,27.698646545410156,27.64752197265625,28.089599609375,28.257915496826172,28.229503631591797,27.732486724853516,27.849929809570312,27.38720703125,27.381542205810547,28.069446563720703,27.983436584472656,27.87932777404785,2024-04-13,39.25833333333333,37.38333333333333,29.625,28.15833333333333,test
2024-04-21,30.655357360839844,29.592082977294922,29.18124771118164,28.321109771728516,28.28955841064453,27.697063446044922,26.84393882751465,26.731060028076172,27.839506149291992,26.90860366821289,27.95642852783203,26.858591079711914,28.321109771728516,27.346176147460938,27.814102172851562,29.18124771118164,28.479598999023438,28.17340087890625,28.276870727539062,28.311294555664062,27.974529266357422,29.284652709960938,29.178667068481445,27.674997329711914,28.559406280517578,28.726791381835938,28.65067481994629,28.611825942993164,30.084596633911133,29.592082977294922,29.293582916259766,29.172103881835938,30.655357360839844,29.41993522644043,2024-04-20,39.25833333333333,37.38333333333333,34.4,28.15833333333333,test
2024-04-28,31.445110321044922,30.88619041442871,30.704242706298828,29.1315975189209,27.312297821044922,28.49761199951172,28.194766998291016,28.94539451599121,28.42116928100586,28.88011932373047,28.083770751953125,30.077470779418945,30.202774047851562,31.42599868774414,29.77519989013672,30.85501480102539,30.704242706298828,28.607755661010742,28.1883544921875,29.130287170410156,29.968950271606445,28.86389923095703,29.502605438232422,29.046966552734375,28.84490966796875,29.758708953857422,28.149717330932617,30.731670379638672,31.445110321044922,29.276226043701172,29.1315975189209,30.88619041442871,27.880340576171875,30.734573364257812,2024-04-27,38.25833333333333,36.966666666666676,34.61666666666667,28.66666666666667,test
2024-05-01,31.271499633789062,31.18154525756836,30.859046936035156,30.154115676879883,27.787111282348633,27.595531463623047,29.219318389892578,27.881778717041016,29.429983139038086,29.40986442565918,29.02448272705078,29.608924865722656,30.154115676879883,29.997333526611328,29.47974395751953,30.322656631469727,29.676942825317383,30.205463409423828,30.401945114135742,30.137969970703125,29.42317008972168,29.75580596923828,29.89461326599121,30.859046936035156,30.36393165588379,31.028682708740234,30.748043060302734,31.095247268676758,31.271499633789062,30.820453643798828,30.490291595458984,31.18154525756836,31.16402816772461,31.227691650390625,2024-04-30,38.25833333333333,36.966666666666676,34.61666666666667,28.675,test
2024-05-07,31.690509796142578,31.38648796081543,30.71375274658203,29.747482299804688,24.848146438598633,26.231990814208984,26.673511505126953,28.35527801513672,27.678855895996094,28.552120208740234,28.149234771728516,27.86652946472168,28.32403564453125,29.290966033935547,29.24062728881836,29.747482299804688,29.063417434692383,29.339282989501953,28.84918975830078,29.329605102539062,30.317920684814453,30.43447494506836,31.103675842285156,30.056514739990234,30.431499481201172,30.625877380371094,30.71375274658203,30.63039779663086,30.71106719970703,31.574552536010742,31.22634506225586,31.0231876373291,31.38648796081543,31.690509796142578,2024-05-06,38.25833333333333,36.966666666666676,35.800000000000004,31.89166666666667,test
2024-05-14,32.053462982177734,31.815998077392578,31.393150329589844,30.92330551147461,26.0924072265625,27.59696388244629,27.58426284790039,28.963890075683594,28.40896987915039,28.614835739135742,29.088600158691406,29.635446548461914,29.164508819580078,29.69780731201172,30.114288330078125,30.821510314941406,30.897249221801758,30.294845581054688,30.646453857421875,31.344776153564453,31.257831573486328,30.92330551147461,30.96142578125,31.847312927246094,31.102619171142578,31.393150329589844,31.117427825927734,32.053462982177734,31.366592407226562,31.11886215209961,31.511754989624023,31.54338836669922,31.739120483398438,31.815998077392578,2024-05-13,39.608333333333334,38.07500000000001,36.32727272727273,33.85454545454545,test
2024-05-21,33.71678924560547,33.485565185546875,32.705902099609375,32.06586837768555,33.71678924560547,31.679439544677734,31.6470947265625,32.00006866455078,31.07056427001953,31.192764282226562,32.0179443359375,30.555335998535156,30.59890365600586,31.075725555419922,32.063411712646484,32.26722717285156,32.233795166015625,31.12895965576172,31.512283325195312,32.27796936035156,31.871601104736328,31.541059494018555,31.878583908081055,32.811279296875,33.00251770019531,32.083560943603516,32.31405258178711,32.06586837768555,32.705902099609375,32.55976486206055,32.58481979370117,33.66419982910156,33.485565185546875,33.04113006591797,2024-05-20,41.00909090909091,40.60909090909092,37.90833333333334,35.800000000000004,test
2024-05-28,35.18404006958008,33.09187316894531,32.647953033447266,32.09098815917969,35.18404006958008,32.330360412597656,32.0971794128418,31.639190673828125,30.296926498413086,29.956722259521484,31.21689224243164,31.01641273498535,30.997180938720703,31.322547912597656,31.16875457763672,32.03192138671875,32.27295684814453,31.710350036621094,31.19220733642578,31.422019958496094,32.33802032470703,32.6897087097168,32.09098815917969,33.18873596191406,32.20895767211914,32.65657043457031,32.15118408203125,33.09187316894531,32.647953033447266,31.680898666381836,31.655405044555664,31.32276153564453,32.890289306640625,32.38378143310547,2024-05-27,41.00909090909091,40.60909090909092,37.07272727272727,36.13636363636363,test
2024-06-01,33.419742584228516,33.27860641479492,33.03521728515625,32.353233337402344,30.382415771484375,30.93968963623047,31.358253479003906,31.5487117767334,31.87027931213379,32.188594818115234,31.92958641052246,30.888004302978516,32.19977951049805,32.461402893066406,32.111366271972656,32.603878021240234,32.316368103027344,31.905746459960938,30.95020294189453,32.409095764160156,32.353233337402344,32.11680603027344,33.05727005004883,33.370460510253906,32.30833053588867,33.233604431152344,33.23537063598633,33.27860641479492,33.03521728515625,32.733097076416016,32.557861328125,32.98902130126953,33.419742584228516,32.951438903808594,2024-05-31,41.00909090909091,40.60909090909092,37.17272727272727,36.475,test
2024-06-07,35.908477783203125,34.732513427734375,34.1960563659668,33.781402587890625,35.908477783203125,33.54502868652344,34.442359924316406,32.76892852783203,33.781402587890625,32.711402893066406,33.457393646240234,34.01057815551758,33.5881462097168,33.32899856567383,33.78129959106445,34.03580093383789,32.96092987060547,32.81460952758789,34.17565155029297,33.341007232666016,32.852840423583984,34.12602233886719,33.776065826416016,33.94578552246094,33.54682540893555,34.12343978881836,33.721656799316406,33.5137939453125,34.040008544921875,34.1960563659668,34.6416130065918,35.08856964111328,34.64808654785156,34.732513427734375,2024-06-06,41.00909090909091,40.60909090909092,37.17272727272727,36.5,test
2024-06-14,37.060874938964844,35.499420166015625,35.27326202392578,34.80902862548828,37.060874938964844,36.62535858154297,35.44366455078125,34.624820709228516,33.69026184082031,33.656070709228516,34.124507904052734,33.57350158691406,33.73583221435547,34.50011444091797,33.596275329589844,34.58374786376953,35.209136962890625,34.52674865722656,35.27326202392578,34.809906005859375,35.19664001464844,34.80902862548828,34.36494445800781,34.7851448059082,34.256309509277344,34.075233459472656,34.85340881347656,34.975257873535156,34.72191619873047,35.38081359863281,35.24615478515625,34.925193786621094,35.499420166015625,35.28357696533203,2024-06-13,41.00909090909091,39.22727272727272,37.45454545454545,36.50909090909091,test
2024-06-21,36.573944091796875,36.39453125,36.18151092529297,36.025699615478516,36.15807342529297,36.18151092529297,35.518192291259766,35.10729217529297,35.624324798583984,34.745201110839844,36.484832763671875,35.67171096801758,36.04057693481445,35.54589080810547,35.394737243652344,36.00286865234375,35.995094299316406,35.064125061035156,35.315460205078125,35.1888427734375,36.39453125,36.16041564941406,34.951416015625,35.960941314697266,36.10668182373047,36.193607330322266,36.23491668701172,36.573944091796875,36.025699615478516,35.67058181762695,36.14741516113281,36.26294708251953,36.09789276123047,36.09267044067383,2024-06-20,39.22727272727272,39.15454545454545,37.40833333333334,36.5,test
2024-06-28,36.924007415771484,36.752967834472656,36.41359329223633,36.048316955566406,36.75580596923828,36.42578125,35.75060272216797,35.78899383544922,36.18370819091797,36.41359329223633,36.208763122558594,36.34916687011719,36.048316955566406,36.66612243652344,35.73780059814453,35.166526794433594,36.32829666137695,35.8200798034668,35.84589767456055,36.15778350830078,35.97395324707031,35.72362518310547,35.92118453979492,35.64774703979492,36.70435333251953,35.72467803955078,35.395362854003906,36.924007415771484,35.57859802246094,35.81005096435547,36.752967834472656,36.080684661865234,36.22967529296875,35.947296142578125,2024-06-27,39.22727272727272,39.15454545454545,37.45454545454545,36.654545454545456,test
2024-07-01,36.526832580566406,36.45710754394531,36.348487854003906,35.93648910522461,34.658329010009766,35.28852844238281,35.67924499511719,35.541290283203125,35.77240753173828,35.86970520019531,35.813697814941406,35.93648910522461,35.762054443359375,35.665435791015625,35.8136100769043,35.978607177734375,36.107398986816406,35.524169921875,35.78882598876953,35.74238586425781,35.37970733642578,36.526832580566406,36.01776123046875,36.4515380859375,36.26453399658203,36.41613006591797,36.48973083496094,36.348487854003906,36.13624954223633,36.45710754394531,36.41176986694336,36.12165451049805,36.02063751220703,35.816436767578125,2024-06-30,39.22727272727272,39.15454545454545,37.45454545454545,36.43636363636363,test
2024-07-07,36.84202194213867,36.567481994628906,36.31401824951172,36.14202880859375,34.20619201660156,34.6226806640625,34.72366714477539,35.52206802368164,35.129295349121094,36.1395378112793,36.29634475708008,35.770294189453125,36.19514465332031,35.32991409301758,35.71711730957031,35.09529113769531,35.94563293457031,36.24085235595703,36.05768585205078,36.22517395019531,36.25248718261719,36.47804260253906,36.31401824951172,36.611907958984375,36.84202194213867,36.42082595825195,36.567481994628906,35.611698150634766,36.0010986328125,36.198028564453125,36.04347229003906,36.14202880859375,36.41631317138672,36.285888671875,2024-07-06,39.22727272727272,39.15454545454545,37.40833333333334,36.43333333333334,test
2024-07-14,37.01053237915039,36.76788330078125,36.61505889892578,36.345359802246094,35.95854187011719,36.558197021484375,36.207679748535156,36.76788330078125,36.61505889892578,37.01053237915039,36.99959945678711,36.568443298339844,36.25263595581055,36.0496826171875,36.682334899902344,36.508018493652344,35.978904724121094,36.63809585571289,36.68304443359375,36.01551055908203,36.239532470703125,36.0455436706543,36.325687408447266,36.479671478271484,35.953495025634766,36.37018585205078,36.345359802246094,36.392677307128906,36.23513412475586,36.065696716308594,35.785186767578125,36.102622985839844,36.31269073486328,36.38008499145508,2024-07-13,37.75833333333333,37.40833333333334,36.875,35.84166666666666,test
2024-07-21,37.26431655883789,36.96269226074219,36.73302459716797,36.603370666503906,37.26431655883789,36.60633850097656,36.67133331298828,36.96269226074219,36.63492202758789,36.790367126464844,36.69843673706055,35.97713088989258,36.2994270324707,36.50984573364258,36.64708709716797,36.23979949951172,36.26334762573242,36.15935516357422,36.840675354003906,37.00921630859375,36.603370666503906,36.52865219116211,36.9155158996582,36.73302459716797,36.62630081176758,36.52308654785156,36.682979583740234,36.37391662597656,35.929542541503906,36.146419525146484,36.12066650390625,36.42012023925781,36.49488067626953,36.07319259643555,2024-07-20,37.78181818181818,37.36666666666667,36.78333333333333,35.68181818181818,test
2024-07-28,36.9142951965332,36.593082427978516,36.366573333740234,36.04820251464844,35.71686935424805,35.90435028076172,36.51015090942383,36.04820251464844,36.9142951965332,36.767127990722656,36.16184997558594,35.82093811035156,36.366573333740234,36.248069763183594,36.21400451660156,36.501380920410156,36.593082427978516,36.211692810058594,35.893768310546875,35.920257568359375,36.24898147583008,36.303001403808594,36.45746612548828,35.407188415527344,35.6002311706543,35.919761657714844,35.50621795654297,36.1185302734375,35.53699493408203,34.76183319091797,35.631752014160156,35.670387268066406,35.15302276611328,35.27722930908203,2024-07-27,37.89090909090908,37.36666666666667,36.291666666666664,35.53636363636363,test
2024-08-01,36.81761932373047,36.733238220214844,36.24175262451172,35.81390380859375,36.427772521972656,36.320030212402344,36.733238220214844,36.74424362182617,35.84483337402344,35.74484634399414,36.81761932373047,36.24175262451172,35.35802459716797,36.021568298339844,36.22480010986328,36.11883544921875,35.970802307128906,35.620079040527344,35.65705108642578,35.81390380859375,35.884944915771484,35.309913635253906,36.43532943725586,35.849876403808594,35.711891174316406,35.65382385253906,35.34434509277344,35.25315475463867,35.280670166015625,35.34284210205078,34.982337951660156,35.43744659423828,35.774818420410156,35.10299301147461,2024-07-31,37.89090909090908,37.36666666666667,36.291666666666664,35.50833333333333,test
2024-08-07,36.31382751464844,36.12334060668945,35.7936897277832,35.504356384277344,35.827293395996094,36.10432052612305,35.54344177246094,36.31382751464844,35.55593490600586,36.1907958984375,35.78855514526367,36.12334060668945,35.61143112182617,35.72764587402344,35.16350555419922,35.72697448730469,35.62833786010742,35.83840560913086,35.433197021484375,35.199851989746094,35.484466552734375,35.7936897277832,35.398380279541016,35.504356384277344,34.93415069580078,34.55988311767578,34.984649658203125,34.39961242675781,35.293846130371094,35.23358154296875,34.826332092285156,34.526554107666016,34.55961608886719,35.11621856689453,2024-08-06,37.89090909090908,36.8909090909091,35.72727272727273,35.13636363636363,test
2024-08-14,36.02796173095703,35.83567810058594,35.75697326660156,35.16157150268555,35.83567810058594,36.02796173095703,35.81999969482422,35.77516174316406,35.78515625,35.54438400268555,35.35846710205078,35.88030242919922,35.3990478515625,35.49214172363281,34.98558044433594,35.29167938232422,35.261661529541016,35.51258850097656,34.63348388671875,35.073143005371094,35.16157150268555,35.75697326660156,34.88175964355469,34.96710205078125,34.56767272949219,34.478267669677734,34.339332580566406,33.898948669433594,34.433563232421875,34.39720916748047,34.650177001953125,33.785560607910156,34.236698150634766,33.32209014892578,2024-08-13,37.89090909090908,37.475,35.63636363636363,34.86363636363636,test
2024-08-21,36.11656188964844,35.67850112915039,35.429725646972656,34.64005661010742,35.139442443847656,36.08176803588867,35.61683654785156,35.429725646972656,35.302146911621094,35.478736877441406,35.67850112915039,36.11656188964844,35.240928649902344,35.53887176513672,34.174407958984375,34.733734130859375,34.81935119628906,34.5697021484375,34.852657318115234,34.406593322753906,34.196414947509766,34.424049377441406,34.64005661010742,34.16017150878906,34.667850494384766,34.24281311035156,34.005821228027344,34.54713439941406,34.19022750854492,33.78370666503906,34.08134841918945,33.40270233154297,33.71949005126953,33.55354309082031,2024-08-20,37.89090909090908,36.89090909090909,35.13636363636363,33.78181818181818,test
2024-08-28,35.87615966796875,35.61696243286133,34.8638916015625,34.138702392578125,35.76556396484375,35.87615966796875,35.61696243286133,35.53295135498047,35.27448272705078,34.69520950317383,34.95775604248047,34.841888427734375,34.648895263671875,34.396240234375,34.82066345214844,34.8638916015625,34.52508544921875,34.20232391357422,34.138702392578125,33.939598083496094,33.93226623535156,34.03543472290039,33.507450103759766,33.534793853759766,33.41642761230469,33.40673828125,32.597206115722656,33.29132080078125,33.248748779296875,33.14559555053711,32.93560028076172,32.17082214355469,32.25324249267578,32.62564468383789,2024-08-27,37.475,35.00000000000001,34.518181818181816,32.75454545454546,test
2024-09-01,34.390235900878906,34.234947204589844,33.90896987915039,33.567161560058594,33.76445007324219,33.83015441894531,33.79307556152344,34.33020782470703,34.192718505859375,34.390235900878906,34.234947204589844,34.16241455078125,34.010902404785156,33.90896987915039,33.65061569213867,33.567161560058594,33.86595153808594,33.836448669433594,33.74897766113281,33.246849060058594,33.32823944091797,33.130615234375,32.42899703979492,32.75739288330078,32.207550048828125,32.84888458251953,31.863534927368164,32.07652282714844,32.347869873046875,32.50821304321289,32.58785629272461,31.165409088134766,31.46666717529297,31.811264038085938,2024-08-31,37.475,35.00000000000001,34.518181818181816,32.50000000000001,test
2024-09-07,33.8560676574707,33.608009338378906,33.446170806884766,33.01935577392578,33.18553924560547,33.8560676574707,33.09490203857422,33.615455627441406,33.608009338378906,33.313270568847656,33.47148895263672,33.54298400878906,33.314247131347656,33.589454650878906,33.446170806884766,33.29298782348633,32.669395446777344,33.173057556152344,33.280189514160156,32.33892059326172,32.62859344482422,32.40532684326172,31.970748901367188,33.01935577392578,31.497900009155273,32.33134460449219,32.341697692871094,32.003204345703125,31.668367385864258,31.818302154541016,31.534353256225586,30.869827270507812,31.45962142944336,31.247472763061523,2024-09-06,37.475,35.00000000000001,34.47272727272727,31.391666666666666,test
2024-09-14,34.751991271972656,34.01638412475586,33.52302551269531,32.409454345703125,34.751991271972656,34.357933044433594,34.01638412475586,33.849205017089844,33.97672653198242,33.52302551269531,33.60544204711914,33.31370544433594,33.081260681152344,33.094329833984375,32.6036376953125,32.81922149658203,32.79991912841797,33.18196487426758,31.919708251953125,32.19894790649414,31.930011749267578,32.409454345703125,32.24201202392578,32.248138427734375,31.862411499023438,31.862638473510742,31.648670196533203,31.80998992919922,31.524635314941406,31.024799346923828,30.56174087524414,30.718626022338867,30.54558563232422,30.677114486694336,2024-09-13,34.699999999999996,32.6,31.518181818181816,30.45,test
2024-09-21,33.62230682373047,32.659549713134766,32.290618896484375,31.329221725463867,33.62230682373047,33.461204528808594,32.613529205322266,32.659549713134766,32.176753997802734,31.985361099243164,32.400543212890625,32.072452545166016,32.290618896484375,32.41636657714844,31.747390747070312,32.140132904052734,31.73050308227539,31.329221725463867,30.8459529876709,31.000076293945312,31.175901412963867,31.35021209716797,30.722267150878906,30.300121307373047,31.227672576904297,29.947566986083984,30.057466506958008,30.262956619262695,30.454856872558594,30.000720977783203,30.426593780517578,30.505111694335938,29.604825973510742,29.546340942382812,2024-09-20,32.65,31.816666666666666,30.76666666666667,30.049999999999997,test
2024-09-28,31.95288848876953,31.458110809326172,30.988037109375,30.035240173339844,31.95288848876953,31.442840576171875,30.83661460876465,31.854713439941406,31.123210906982422,31.004846572875977,31.458110809326172,30.988037109375,30.454151153564453,30.394336700439453,30.822919845581055,30.875873565673828,30.3085994720459,30.078838348388672,30.035240173339844,29.94091796875,29.93886947631836,29.273136138916016,28.94705581665039,29.073007583618164,28.86727523803711,29.39023208618164,29.383808135986328,28.805126190185547,28.608945846557617,28.583595275878906,28.577091217041016,28.76366424560547,28.03952407836914,27.611488342285156,2024-09-27,32.6,30.76666666666667,30.383333333333336,29.366666666666664,test
2024-10-01,30.88896942138672,30.252685546875,29.935749053955078,29.169553756713867,30.124019622802734,30.213924407958984,30.88896942138672,29.85791015625,30.195037841796875,30.252685546875,29.935749053955078,29.774368286132812,30.25489044189453,29.901477813720703,29.576732635498047,29.30826759338379,29.51355743408203,29.505956649780273,28.890544891357422,29.047653198242188,28.920063018798828,28.438926696777344,28.609691619873047,27.98907470703125,27.500511169433594,29.169553756713867,27.888694763183594,27.974903106689453,27.376483917236328,27.1888427734375,27.539365768432617,27.982662200927734,27.202194213867188,26.716211318969727,2024-09-30,31.525000000000006,30.658333333333335,30.25,28.974999999999998,test
2024-10-07,30.243820190429688,30.038557052612305,29.786190032958984,28.881427764892578,29.786190032958984,30.054977416992188,29.815244674682617,30.038557052612305,30.243820190429688,29.995471954345703,29.24428939819336,29.711109161376953,29.28915786743164,29.74694061279297,29.613466262817383,29.910327911376953,29.50025177001953,29.743932723999023,28.881427764892578,28.53009796142578,27.54039764404297,28.06433868408203,27.178699493408203,27.81264877319336,27.672866821289062,28.004703521728516,27.537429809570312,27.623371124267578,27.22364616394043,26.866548538208008,27.325117111206055,26.994720458984375,26.64443588256836,26.570690155029297,2024-10-06,31.525000000000006,30.491666666666664,29.41666666666666,27.86666666666667,test
2024-10-14,29.882205963134766,29.503177642822266,29.205698013305664,27.923084259033203,29.882205963134766,29.503177642822266,29.564342498779297,29.261133193969727,29.267303466796875,29.130146026611328,29.265851974487305,28.483203887939453,29.205698013305664,28.6319580078125,28.765653610229492,28.243858337402344,27.923084259033203,28.051240921020508,27.986513137817383,27.818950653076172,27.37125587463379,27.23086166381836,26.64496612548828,27.522411346435547,26.908397674560547,26.446914672851562,26.31667137145996,26.662525177001953,26.236997604370117,27.081274032592773,26.674787521362305,25.78114128112793,25.46739959716797,26.422283172607422,2024-10-13,31.525000000000006,29.041666666666668,28.024999999999995,25.933333333333334,test
2024-10-21,28.40725326538086,28.154464721679688,27.881689071655273,27.05585479736328,28.40725326538086,28.077823638916016,28.222305297851562,27.881689071655273,28.154464721679688,27.890254974365234,27.89147186279297,27.630062103271484,27.300315856933594,27.813018798828125,27.55373764038086,27.493717193603516,26.652856826782227,27.057186126708984,27.054391860961914,26.561664581298828,27.260940551757812,26.466835021972656,26.44332504272461,27.05585479736328,25.85159683227539,26.184022903442383,26.39739990234375,25.700660705566406,25.939434051513672,25.485179901123047,25.528635025024414,25.48731803894043,25.627918243408203,25.52350616455078,2024-10-20,28.974999999999998,27.725000000000005,26.425,24.391666666666666,test
2024-10-28,27.4877986907959,27.403268814086914,26.805179595947266,25.429119110107422,27.403268814086914,27.440078735351562,27.28223419189453,27.1894474029541,27.4877986907959,26.805179595947266,26.863100051879883,26.627315521240234,26.23255157470703,25.87057876586914,26.17092514038086,26.28771209716797,25.9631290435791,25.290889739990234,25.34408950805664,25.95850944519043,25.429119110107422,25.133642196655273,24.797897338867188,24.97936248779297,25.2833251953125,25.233783721923828,24.802215576171875,24.53806495666504,24.662771224975586,24.98528289794922,23.880800247192383,24.219215393066406,24.10428237915039,23.049097061157227,2024-10-27,28.974999999999998,26.583333333333332,25.3,24.375,test
2024-11-01,26.27090835571289,25.880756378173828,25.61593246459961,24.823760986328125,25.05061912536621,25.243383407592773,25.82437515258789,25.869598388671875,25.880756378173828,26.27090835571289,25.583444595336914,25.117321014404297,25.826547622680664,25.61593246459961,25.337677001953125,24.562206268310547,25.53470230102539,26.114639282226562,24.40898895263672,24.070785522460938,24.733890533447266,24.823760986328125,24.934818267822266,24.33482551574707,24.28422737121582,23.363956451416016,24.24188232421875,24.338733673095703,23.905784606933594,24.33786392211914,24.555776596069336,23.889801025390625,23.763092041015625,23.519256591796875,2024-10-31,27.725000000000005,25.883333333333336,25.133333333333336,23.96666666666667,test
2024-11-07,27.045089721679688,25.923255920410156,24.881847381591797,23.94379425048828,27.045089721679688,26.125377655029297,25.875667572021484,25.923255920410156,25.10511589050293,24.696773529052734,25.18532943725586,24.308273315429688,24.521347045898438,24.596723556518555,24.881847381591797,24.295989990234375,24.52517318725586,24.41722297668457,23.94379425048828,23.87350845336914,23.412174224853516,23.612329483032227,23.242572784423828,23.290117263793945,22.97504425048828,23.23922348022461,23.00691795349121,22.625347137451172,22.530208587646484,22.21759796142578,22.320066452026367,22.824207305908203,22.88457679748535,22.019275665283203,2024-11-06,26.425,25.25833333333333,24.375,22.708333333333332,test
2024-11-14,24.688961029052734,24.669189453125,24.390155792236328,23.16280174255371,24.68707275390625,24.4591121673584,24.390155792236328,24.669189453125,24.410064697265625,24.040159225463867,24.162887573242188,24.688961029052734,24.017553329467773,24.605487823486328,23.930625915527344,23.694869995117188,23.93528938293457,23.61469268798828,22.767457962036133,23.13721466064453,22.579147338867188,23.16280174255371,22.69404411315918,22.703126907348633,22.68407440185547,22.555877685546875,21.831512451171875,22.156272888183594,22.603961944580078,22.393125534057617,22.325897216796875,21.891284942626953,21.42669677734375,21.186233520507812,2024-11-13,25.133333333333336,24.391666666666666,23.10833333333333,21.008333333333333,test
2024-11-21,23.73294448852539,23.511234283447266,23.090744018554688,22.683191299438477,22.98284912109375,23.1064453125,23.73294448852539,23.090744018554688,23.511234283447266,22.812707901000977,23.380218505859375,23.5592098236084,23.006282806396484,23.25653076171875,22.845317840576172,23.0002498626709,22.683191299438477,23.031978607177734,22.3050537109375,22.866281509399414,21.986820220947266,21.67808723449707,21.609159469604492,21.53059196472168,22.302648544311523,21.239791870117188,22.425392150878906,21.741390228271484,21.450164794921875,21.177663803100586,21.669147491455078,21.350128173828125,21.31727409362793,21.1868896484375,2024-11-20,25.133333333333336,23.574999999999992,21.825,19.750000000000004,test
2024-11-28,20.12401580810547,19.875595092773438,19.659191131591797,19.16245460510254,17.580778121948242,18.149749755859375,18.58445930480957,18.27652359008789,18.61339569091797,18.597030639648438,18.444528579711914,18.714082717895508,19.16245460510254,18.454357147216797,18.783184051513672,18.96217155456543,19.320951461791992,19.784704208374023,19.374732971191406,19.916099548339844,19.659191131591797,18.51805305480957,19.68561363220215,18.876663208007812,19.301151275634766,19.4845027923584,19.797679901123047,19.585674285888672,19.035808563232422,20.12401580810547,19.648029327392578,19.495973587036133,19.143177032470703,19.875595092773438,2024-11-27,22.708333333333332,22.075,20.88333333333333,19.39166666666667,test
2024-12-01,20.852497100830078,20.431095123291016,19.941516876220703,19.646602630615234,19.646602630615234,19.627779006958008,18.735057830810547,19.540054321289062,18.79517364501953,19.890323638916016,19.71368408203125,19.792221069335938,19.941516876220703,19.025814056396484,19.07708168029785,19.326080322265625,19.34935760498047,20.522430419921875,19.70015525817871,19.684022903442383,20.027427673339844,20.852497100830078,19.47677993774414,18.24749183654785,20.067546844482422,19.500404357910156,19.214651107788086,20.431095123291016,19.43267822265625,20.17691421508789,19.150474548339844,19.840301513671875,19.904436111450195,19.560012817382812,2024-11-30,22.708333333333332,22.075,20.88333333333333,19.383333333333336,test
2024-12-07,22.020523071289062,21.133995056152344,20.10668182373047,19.67316436767578,22.020523071289062,21.47097396850586,21.133995056152344,21.005807876586914,20.59825897216797,20.10668182373047,19.595947265625,20.231260299682617,19.658594131469727,19.941375732421875,19.67316436767578,19.81757926940918,19.384294509887695,19.867862701416016,20.079788208007812,19.707958221435547,19.918638229370117,19.64978790283203,19.956371307373047,19.380615234375,19.431015014648438,19.043033599853516,19.54764175415039,19.407609939575195,19.28670883178711,19.021465301513672,19.54698944091797,19.055517196655273,19.023971557617188,19.378902435302734,2024-12-06,22.358333333333334,21.866666666666664,20.88333333333333,18.983333333333334,test
2024-12-14,20.176586151123047,20.08820343017578,19.900684356689453,19.565555572509766,19.86126136779785,20.176586151123047,19.79490852355957,20.08820343017578,19.853534698486328,19.900684356689453,19.793556213378906,19.886539459228516,20.097551345825195,19.992794036865234,19.9136962890625,20.011526107788086,19.710792541503906,19.565555572509766,19.611770629882812,19.346797943115234,19.270156860351562,18.60005760192871,19.48554039001465,18.603130340576172,18.73995018005371,19.158838272094727,18.48930549621582,19.179656982421875,18.5963191986084,19.221797943115234,19.077571868896484,19.13003158569336,19.21172523498535,18.631864547729492,2024-12-13,21.866666666666664,20.88333333333333,19.39166666666667,18.566666666666666,test
2024-12-21,23.003353118896484,22.768657684326172,22.277841567993164,20.89019775390625,17.953645706176758,18.13545799255371,18.46295166015625,19.319055557250977,17.884674072265625,19.92304039001465,19.08895492553711,19.136564254760742,19.81714630126953,19.5997257232666,19.851932525634766,21.358308792114258,20.508756637573242,20.738224029541016,20.931604385375977,20.003833770751953,21.118200302124023,20.89019775390625,20.589763641357422,21.716827392578125,21.140531539916992,21.60697364807129,22.10525131225586,22.994407653808594,22.659713745117188,22.582416534423828,22.768657684326172,23.003353118896484,22.416305541992188,22.277841567993164,2024-12-20,21.866666666666664,21.150000000000002,19.65833333333333,18.566666666666666,test
2024-12-28,18.886777877807617,18.41680145263672,18.069149017333984,17.83038330078125,16.173341751098633,16.162384033203125,17.306285858154297,17.297086715698242,18.013731002807617,17.631988525390625,18.551773071289062,17.67617416381836,17.23244857788086,18.199729919433594,17.955219268798828,18.1531925201416,17.83038330078125,17.344392776489258,18.886777877807617,18.029361724853516,18.02783203125,17.656227111816406,17.59944725036621,17.922039031982422,18.069149017333984,17.732437133789062,17.621299743652344,17.921607971191406,17.668697357177734,17.9219970703125,17.694828033447266,18.41680145263672,17.54397201538086,18.167829513549805,2024-12-27,21.866666666666664,21.150000000000002,19.65833333333333,18.366666666666667,test
2025-01-01,18.645267486572266,18.541711807250977,18.152690887451172,17.831584930419922,15.349740982055664,16.759742736816406,17.491527557373047,17.649145126342773,17.794883728027344,18.021141052246094,17.420879364013672,17.652278900146484,18.00474739074707,17.830408096313477,18.444881439208984,17.976255416870117,18.645267486572266,18.152690887451172,18.10736083984375,18.287214279174805,17.689491271972656,17.831584930419922,18.31788444519043,17.702171325683594,17.639179229736328,17.695350646972656,18.541711807250977,18.112964630126953,17.727420806884766,18.152359008789062,17.801807403564453,17.332361221313477,18.562713623046875,17.9843692779541,2024-12-31,21.866666666666664,21.59166666666667,19.941666666666666,18.48333333333333,test
2025-01-07,18.99310302734375,18.58991813659668,18.48821449279785,18.09819793701172,17.3739070892334,17.368608474731445,17.05939292907715,17.738590240478516,17.93654441833496,18.58991813659668,18.302648544311523,18.00066375732422,17.914424896240234,18.512779235839844,18.178930282592773,18.08167839050293,17.85222053527832,17.679702758789062,18.48821449279785,18.312458038330078,18.312480926513672,18.52280044555664,17.749122619628906,17.27520179748535,18.099483489990234,18.09819793701172,17.900108337402344,17.31326675415039,18.138153076171875,18.669076919555664,17.686141967773438,18.99310302734375,18.529775619506836,18.147525787353516,2025-01-06,21.608333333333334,21.208333333333336,19.941666666666666,18.583333333333332,test
2025-01-14,19.076000213623047,18.647380828857422,18.410898208618164,18.105018615722656,19.076000213623047,18.328262329101562,17.650455474853516,18.133132934570312,18.13192367553711,18.28417205810547,18.02395248413086,18.02204704284668,18.48302459716797,18.53817367553711,18.13016128540039,17.987442016601562,18.004928588867188,17.88553237915039,18.410898208618164,17.87141990661621,17.7431697845459,18.00958251953125,18.2303409576416,18.19546127319336,17.56129264831543,17.705320358276367,17.837949752807617,17.991146087646484,18.105018615722656,17.992443084716797,17.730173110961914,18.474884033203125,18.759387969970703,18.647380828857422,2025-01-13,21.608333333333334,21.208333333333336,19.71666666666667,18.341666666666665,test
2025-01-21,20.568988800048828,20.18865203857422,19.7899169921875,18.805015563964844,18.38008689880371,17.954120635986328,17.898239135742188,17.942869186401367,18.43886947631836,17.796504974365234,18.457904815673828,18.07986831665039,18.436080932617188,18.320905685424805,18.33123779296875,18.570480346679688,18.803081512451172,18.86171531677246,19.258852005004883,18.417827606201172,18.805015563964844,19.0283145904541,19.216001510620117,19.296850204467773,18.976093292236328,20.108760833740234,18.96482276916504,18.708925247192383,20.55141830444336,19.7899169921875,20.023160934448242,20.18865203857422,20.568988800048828,19.949787139892578,2025-01-20,21.608333333333334,21.208333333333336,19.791666666666668,18.325,test
2025-01-28,20.324100494384766,19.937732696533203,19.199691772460938,18.73611068725586,17.844640731811523,17.877788543701172,17.962684631347656,17.866207122802734,17.772708892822266,17.909259796142578,18.73611068725586,18.23509407043457,18.944515228271484,18.831716537475586,18.718992233276367,18.987960815429688,19.055173873901367,18.50869369506836,18.325748443603516,18.586698532104492,18.538442611694336,18.36056900024414,18.93326187133789,18.605222702026367,18.93692398071289,19.207103729248047,18.602052688598633,19.12277603149414,19.500389099121094,19.949737548828125,19.199691772460938,19.937732696533203,19.697040557861328,20.324100494384766,2025-01-27,21.608333333333334,21.208333333333336,19.71666666666667,15.733333333333333,test
2025-02-01,20.047855377197266,19.933673858642578,19.510562896728516,19.123668670654297,18.454998016357422,18.41696548461914,18.049741744995117,18.658891677856445,18.633026123046875,18.656532287597656,19.156261444091797,19.19158172607422,18.631942749023438,18.848556518554688,18.947446823120117,19.071556091308594,18.612537384033203,19.082908630371094,18.942554473876953,18.55057716369629,19.229793548583984,19.02139663696289,19.14205551147461,19.510562896728516,19.34930419921875,19.44976806640625,19.123668670654297,19.684120178222656,19.324159622192383,20.047855377197266,19.703922271728516,19.933673858642578,19.99689483642578,19.82415199279785,2025-01-31,21.283333333333335,20.316666666666666,19.525000000000002,15.733333333333333,test
2025-02-07,22.755592346191406,22.330833435058594,21.748001098632812,20.127246856689453,14.991192817687988,16.46897315979004,18.179195404052734,18.38665199279785,18.444507598876953,18.832542419433594,18.51665496826172,19.63247299194336,18.942737579345703,19.372108459472656,19.214744567871094,20.114521026611328,19.653060913085938,20.159019470214844,19.616249084472656,20.127246856689453,20.028398513793945,20.52306365966797,20.35631561279297,21.941852569580078,20.810503005981445,21.220115661621094,21.300134658813477,20.935245513916016,21.748001098632812,22.448909759521484,22.330833435058594,22.23943519592285,22.319610595703125,22.755592346191406,2025-02-06,21.833333333333332,20.316666666666666,19.483333333333334,15.733333333333333,test
2025-02-14,14.798295974731445,14.732178688049316,14.501633644104004,14.142356872558594,14.329912185668945,14.501633644104004,14.416009902954102,14.743897438049316,14.798295974731445,14.41295337677002,14.714601516723633,14.651321411132812,14.33356761932373,14.732178688049316,14.677145957946777,14.142356872558594,13.789487838745117,13.47857666015625,13.68097972869873,13.988639831542969,14.31857681274414,13.638772010803223,13.28973388671875,13.85066032409668,14.206456184387207,13.875365257263184,14.056856155395508,14.446844100952148,13.26779556274414,13.636600494384766,13.739150047302246,12.848062515258789,13.696029663085938,13.051569938659668,2025-02-13,29.191666666666666,28.541666666666668,21.283333333333335,18.90833333333333,test
2025-02-21,17.406953811645508,16.932050704956055,16.769184112548828,16.521610260009766,16.79888153076172,16.323070526123047,16.521610260009766,16.179576873779297,16.678245544433594,16.60818099975586,16.769184112548828,16.298492431640625,16.774599075317383,16.896984100341797,15.81922435760498,17.406953811645508,16.50673484802246,16.055814743041992,16.689380645751953,16.735435485839844,16.235042572021484,16.495567321777344,16.648670196533203,17.252864837646484,16.932050704956055,16.750465393066406,16.090164184570312,16.16891860961914,15.96484375,16.76707649230957,14.907211303710938,16.38835906982422,16.323652267456055,15.24086856842041,2025-02-20,31.816666666666663,29.191666666666666,25.866666666666664,19.483333333333334,test
2025-02-28,16.64358901977539,16.374618530273438,15.911449432373047,14.863799095153809,16.606788635253906,16.64358901977539,16.374618530273438,16.354490280151367,15.806427001953125,15.338737487792969,16.154964447021484,16.2216739654541,15.911449432373047,15.881685256958008,15.140434265136719,14.519878387451172,15.297155380249023,14.801519393920898,14.33139705657959,14.934656143188477,14.26119613647461,14.11335277557373,14.792938232421875,14.513818740844727,14.863799095153809,15.243122100830078,13.950088500976562,14.583377838134766,13.992164611816406,14.268257141113281,13.90994644165039,13.444361686706543,14.82559871673584,14.57758903503418,2025-02-27,34.55,31.816666666666663,28.849999999999998,21.291666666666668,test
2025-03-01,16.847990036010742,16.72061538696289,16.10531234741211,15.199068069458008,16.72061538696289,16.847990036010742,16.733383178710938,16.410247802734375,16.221050262451172,16.085575103759766,16.24264907836914,16.10531234741211,15.983203887939453,15.199068069458008,15.000009536743164,15.73508071899414,15.795442581176758,14.926023483276367,14.864242553710938,15.116929054260254,14.13420295715332,15.378395080566406,14.914154052734375,15.347694396972656,14.210965156555176,14.33492660522461,14.951969146728516,15.475273132324219,14.72095775604248,14.834965705871582,14.273041725158691,14.272619247436523,14.30588150024414,14.666748046875,2025-02-28,34.55,31.816666666666663,28.849999999999998,21.833333333333332,test
2025-03-07,18.189594268798828,17.914735794067383,17.63251495361328,16.954256057739258,18.07032012939453,17.692697525024414,17.655529022216797,17.63251495361328,17.561296463012695,17.617935180664062,17.012672424316406,17.34749984741211,17.367630004882812,17.192291259765625,17.914735794067383,16.50408935546875,16.954256057739258,16.601280212402344,17.099061965942383,16.126953125,16.465375900268555,18.189594268798828,17.682104110717773,16.312274932861328,15.349275588989258,15.901237487792969,16.1475887298584,16.672142028808594,16.5653076171875,15.880390167236328,16.160263061523438,15.95313549041748,16.680883407592773,15.475329399108887,2025-03-06,34.55,31.816666666666663,28.974999999999994,24.966666666666665,test
2025-03-14,25.384246826171875,25.291397094726562,24.875457763671875,23.614091873168945,23.407657623291016,22.697399139404297,22.342792510986328,22.385225296020508,21.910480499267578,22.31589126586914,21.613828659057617,22.52569580078125,22.161970138549805,22.53419303894043,23.465360641479492,22.81744956970215,22.51949691772461,22.949121475219727,23.614091873168945,23.096378326416016,23.88747215270996,23.874326705932617,24.453134536743164,24.29747772216797,24.568687438964844,24.48285675048828,25.09748077392578,24.875457763671875,23.870132446289062,25.291397094726562,24.89055633544922,24.96399688720703,25.361473083496094,25.384246826171875,2025-03-13,35.09166666666666,33.275,29.46666666666667,26.141666666666666,test
2025-03-21,20.981061935424805,20.296985626220703,19.86450958251953,19.384889602661133,17.096820831298828,18.324262619018555,18.446537017822266,18.877960205078125,19.174259185791016,20.296985626220703,20.463565826416016,19.223506927490234,18.06570816040039,19.54573631286621,20.981061935424805,18.888214111328125,19.813297271728516,19.762996673583984,19.95644760131836,19.186141967773438,19.266395568847656,20.1604061126709,19.033939361572266,19.384889602661133,19.99890899658203,19.702281951904297,18.839683532714844,17.687545776367188,19.412982940673828,19.86450958251953,19.00973892211914,19.709869384765625,19.026962280273438,19.763641357421875,2025-03-20,35.09166666666666,33.275,29.46666666666667,24.966666666666665,test
2025-03-28,29.387054443359375,27.584537506103516,26.667095184326172,26.129108428955078,29.387054443359375,27.584537506103516,25.320110321044922,25.68915557861328,24.891206741333008,23.645721435546875,24.558303833007812,24.992752075195312,24.617721557617188,25.389541625976562,25.593732833862305,24.7156925201416,24.316551208496094,25.84662628173828,26.129108428955078,25.75905990600586,26.409408569335938,26.635845184326172,26.62206268310547,26.602405548095703,26.248149871826172,26.461620330810547,26.956981658935547,27.071239471435547,26.008594512939453,26.76995086669922,28.026512145996094,26.667095184326172,26.613224029541016,25.49237060546875,2025-03-27,39.45833333333333,35.09166666666666,30.54545454545455,26.78333333333333,test
2025-04-01,28.399635314941406,28.1420955657959,27.388458251953125,26.549640655517578,26.56711196899414,25.385173797607422,25.995899200439453,26.413028717041016,25.794849395751953,24.409271240234375,25.29067611694336,25.42583465576172,26.32415771484375,26.56018829345703,26.91402816772461,26.7338924407959,26.123023986816406,26.52874183654785,25.82825469970703,26.522106170654297,25.701940536499023,25.744140625,26.639652252197266,26.549640655517578,26.22559356689453,27.279268264770508,28.1420955657959,26.676822662353516,27.57020378112793,28.396202087402344,27.589588165283203,28.399635314941406,27.395313262939453,27.388458251953125,2025-03-31,39.45833333333333,35.50833333333333,30.54545454545455,27.049999999999997,test
2025-04-07,29.394481658935547,28.582260131835938,28.265274047851562,27.69597625732422,28.943923950195312,26.26217269897461,27.252641677856445,25.36898422241211,25.884654998779297,25.482200622558594,25.95702362060547,25.028385162353516,25.136341094970703,27.50714111328125,27.17116928100586,27.362335205078125,27.825000762939453,27.73267936706543,26.755096435546875,27.590980529785156,28.265274047851562,27.420974731445312,28.46593475341797,28.46949005126953,27.209766387939453,27.69597625732422,28.243240356445312,29.394481658935547,27.83352279663086,28.115421295166016,28.582260131835938,28.172195434570312,27.861835479736328,28.578125,2025-04-06,39.45833333333333,35.50833333333333,30.308333333333334,27.049999999999997,test
2025-04-14,23.779048919677734,23.40827178955078,23.223148345947266,22.45942497253418,20.662565231323242,22.042015075683594,22.408138275146484,22.3238525390625,21.744243621826172,22.782005310058594,21.88286781311035,23.321670532226562,23.249649047851562,22.578060150146484,21.90890121459961,23.40827178955078,21.217140197753906,21.662269592285156,23.159053802490234,22.032176971435547,22.61654281616211,22.08708953857422,22.80377960205078,23.223148345947266,23.660572052001953,22.71148681640625,22.45942497253418,22.358720779418945,22.005451202392578,21.72994613647461,22.778635025024414,23.779048919677734,23.241252899169922,21.920120239257812,2025-04-13,39.45833333333333,35.71666666666666,32.29166666666667,29.03636363636364,test
2025-04-21,29.631404876708984,29.395767211914062,29.003137588500977,28.320343017578125,27.286142349243164,27.52202606201172,28.00647735595703,27.148906707763672,28.24307632446289,27.225271224975586,27.506221771240234,27.10330581665039,27.73554039001465,26.463985443115234,27.581401824951172,28.883453369140625,27.496280670166016,28.027462005615234,28.320343017578125,28.486629486083984,28.137554168701172,28.196537017822266,28.684017181396484,28.650056838989258,29.607229232788086,29.103919982910156,28.900249481201172,29.003137588500977,29.246788024902344,29.631404876708984,28.409326553344727,29.395767211914062,28.918701171875,29.107650756835938,2025-04-20,40.958333333333336,38.324999999999996,33.891666666666666,29.025000000000002,test
2025-04-28,31.36532974243164,31.06015968322754,30.660886764526367,30.166797637939453,28.002880096435547,27.610828399658203,29.278133392333984,28.479511260986328,29.44708251953125,29.03644561767578,28.249614715576172,30.011022567749023,28.746902465820312,29.460872650146484,29.53128433227539,30.89068031311035,28.94297981262207,30.166797637939453,30.35293960571289,30.479185104370117,29.570499420166016,30.660886764526367,30.099851608276367,30.551227569580078,31.114036560058594,30.721567153930664,29.991004943847656,30.45330810546875,30.5882568359375,30.344207763671875,30.459434509277344,30.67634391784668,31.06015968322754,31.36532974243164,2025-04-27,40.958333333333336,35.71666666666666,33.891666666666666,29.766666666666666,test
2025-05-01,32.9646110534668,31.568828582763672,30.976945877075195,30.179229736328125,32.9646110534668,31.568828582763672,29.831663131713867,29.156909942626953,28.338926315307617,29.333786010742188,27.473541259765625,28.52012062072754,28.64154815673828,29.2608585357666,30.45368194580078,29.07331085205078,30.755226135253906,30.179229736328125,30.07310676574707,29.168624877929688,31.45763397216797,29.944032669067383,30.220420837402344,30.30752944946289,31.891483306884766,31.11624526977539,29.466228485107422,30.10748863220215,30.65491485595703,30.656774520874023,30.976945877075195,30.05633544921875,30.740633010864258,31.12021255493164,2025-04-30,40.958333333333336,35.71666666666666,33.48333333333334,29.766666666666666,test
2025-05-07,32.12351608276367,31.7022647857666,30.86380386352539,29.873435974121094,28.78192901611328,28.720821380615234,27.872074127197266,28.289405822753906,28.08345603942871,27.375410079956055,29.601318359375,29.58574676513672,29.204715728759766,28.776945114135742,29.44845962524414,29.873435974121094,29.70159912109375,30.341711044311523,29.491004943847656,29.730079650878906,30.311176300048828,30.86380386352539,30.69794464111328,30.076492309570312,29.53095054626465,30.318180084228516,30.624675750732422,30.814250946044922,31.7022647857666,31.55323028564453,31.646240234375,31.80728530883789,31.233173370361328,32.12351608276367,2025-05-06,40.958333333333336,35.71666666666666,33.87500000000001,30.849999999999998,test
2025-05-14,33.52714538574219,33.190956115722656,32.99188232421875,32.23938751220703,31.431819915771484,31.298357009887695,30.525253295898438,31.476581573486328,31.025501251220703,29.815053939819336,30.12323570251465,30.830589294433594,31.54591178894043,30.678730010986328,31.571731567382812,31.627487182617188,31.949432373046875,31.713668823242188,32.25065994262695,32.36228942871094,32.120460510253906,32.99188232421875,32.98558807373047,32.27248764038086,33.093955993652344,32.23938751220703,33.13231658935547,33.01095962524414,32.57398223876953,33.277748107910156,32.83885955810547,32.746768951416016,33.190956115722656,33.52714538574219,2025-05-13,40.958333333333336,35.375,34.2,32.35,test
2025-05-21,33.875465393066406,33.44968032836914,33.109737396240234,32.467872619628906,28.797740936279297,28.945167541503906,30.506622314453125,31.233600616455078,32.229957580566406,30.583194732666016,31.224946975708008,31.7978572845459,31.822357177734375,30.43474769592285,32.30403137207031,31.91213035583496,32.052188873291016,32.467872619628906,31.887378692626953,32.601810455322266,32.85984802246094,33.310699462890625,32.66520690917969,33.35463333129883,33.175209045410156,31.67765998840332,33.875465393066406,32.75169372558594,33.44968032836914,33.48548126220703,33.109737396240234,32.86981964111328,32.81761932373047,33.014244079589844,2025-05-20,40.01666666666666,35.13333333333333,34.2,32.63333333333333,test
2025-05-28,35.50129699707031,34.68416213989258,34.383365631103516,33.36170196533203,30.651227951049805,31.288692474365234,32.54295349121094,32.19490051269531,31.437660217285156,32.56258010864258,32.61216735839844,32.923912048339844,33.3353271484375,32.89530944824219,32.50304412841797,33.16625213623047,33.383079528808594,34.07463073730469,32.88363265991211,33.16822052001953,33.36170196533203,34.20523452758789,34.68416213989258,33.11512756347656,33.83486557006836,34.69717025756836,34.383365631103516,34.491058349609375,34.44683074951172,34.20696258544922,34.028629302978516,34.364376068115234,34.51605987548828,35.50129699707031,2025-05-27,35.375,34.92499999999999,33.99999999999999,33.041666666666664,test
2025-06-01,35.496238708496094,35.25145721435547,34.93112564086914,33.88196563720703,32.981224060058594,32.773094177246094,32.52432632446289,33.014427185058594,32.8057746887207,33.33680725097656,32.59665298461914,33.259857177734375,33.65299987792969,33.601646423339844,33.58519744873047,33.25128173828125,33.82527160644531,33.28765106201172,34.11809539794922,33.88196563720703,33.684349060058594,34.44658660888672,34.220985412597656,34.93112564086914,34.34800720214844,35.25145721435547,34.01537322998047,34.79668426513672,35.19792938232422,34.393489837646484,35.263301849365234,35.05119323730469,35.496238708496094,35.113121032714844,2025-05-31,37.291666666666664,36.208333333333336,34.92499999999999,33.416666666666664,test
