tag,pred_m1_hot,pred_m1_p3,pred_m1_p7,pred_m1_p15,fc_d1,fc_d2,fc_d3,fc_d4,fc_d5,fc_d6,fc_d7,fc_d8,fc_d9,fc_d10,fc_d11,fc_d12,fc_d13,fc_d14,fc_d15,fc_d16,fc_d17,fc_d18,fc_d19,fc_d20,fc_d21,fc_d22,fc_d23,fc_d24,fc_d25,fc_d26,fc_d27,fc_d28,fc_d29,fc_d30,pred_point,true_m1_hot,true_m1_p3,true_m1_p7,true_m1_p15,split
2021-06-14,35.91572502358728,35.36248666357625,34.87825558569821,34.44808626785284,32.99897919895706,32.862687878130345,33.601890930876166,32.96403199037049,33.65053720306563,34.478128867645545,34.806834970029016,34.39504878533421,34.65973263537592,34.46281078004608,34.10902463721695,34.23080061200359,34.41139083051837,35.238768701856024,34.77702790605164,34.71251905907089,34.00277256823747,34.05213247866178,34.18861045441826,34.68112520756049,34.89964652320215,33.90351409877926,33.74797279595311,34.053365255034095,34.44808626785284,34.87825558569821,35.23892172816406,35.708872526713506,35.91572502358728,35.36248666357625,2021-06-13,38.108333333333334,36.84166666666666,36.15833333333333,34.025,test
2021-06-21,35.916260809024195,35.37623298252335,35.160767235547965,34.689688352045515,34.30251345415891,34.569014790299754,34.38107326660235,34.03888503405099,34.165146521606815,34.349891896163854,35.171438148606605,34.727223965100904,34.67366658493095,33.984916382936305,34.038597718814565,34.17928738436537,34.66888986709562,34.89230649795166,33.92221799379482,33.77657219577324,34.07905459101325,34.46722447732974,34.89140813932714,35.247278202372875,35.712359109502046,35.916260809024195,35.37623298252335,34.83885465552535,34.689688352045515,35.221626860203486,35.054620217712845,35.058550751256604,35.092227506492854,35.160767235547965,2021-06-20,38.958333333333336,36.95,36.65,35.13333333333333,test
2021-06-28,36.391494079429485,36.01149576408515,35.47635559475182,35.0798299488952,34.697033866934675,34.64996851149697,34.000945998931535,34.05239683768627,34.18979082689475,34.65796288004027,34.881383853607765,33.96216701044773,33.826774910773175,34.11774656058762,34.48569058877184,34.89114358880059,35.23129932014302,35.68308958923939,35.87733867181887,35.3666031336038,34.859396779589815,34.71641371610911,35.22338995797122,35.0664684398906,35.0798299488952,35.111865368354515,35.178250629158995,35.15203614544653,35.47635559475182,35.36713019695562,35.660077489355245,36.391494079429485,36.348232637633956,36.01149576408515,2021-06-27,38.958333333333336,36.95,36.65,34.791666666666664,test
2021-07-01,36.42251678886202,36.02119037425161,35.534852694375985,35.16248948800252,34.049906427035005,34.193600615552874,34.6822003390678,34.90780542657663,33.93917434949192,33.79398844684387,34.096402742557075,34.482270406384146,34.90719466755875,35.260640484655795,35.72575102493758,35.92711310148674,35.38684313484928,34.849730190163925,34.69813211568774,35.22954327795021,35.060325809972866,35.06458254461194,35.095639883939285,35.16248948800252,35.13164899762153,35.47215320902407,35.35685275164543,35.66186770136481,36.42251678886202,36.3761689109229,36.02119037425161,35.25706313952551,35.24744659714241,35.534852694375985,2021-06-30,38.958333333333336,36.858333333333334,36.01666666666667,34.78333333333333,test
2021-07-07,36.44463483563531,36.37963880937822,35.94168661666897,35.39341932940274,34.101247004936944,34.492979944300146,34.921913571017356,35.2783107214459,35.73939125201898,35.94168661666897,35.39341932940274,34.85067981733324,34.69921189900872,35.23582485172308,35.06424567064332,35.05994143314083,35.09059261137617,35.156426361079234,35.12598541575601,35.47259360644661,35.35653652215378,35.665128116955415,36.42618476452437,36.37963880937822,36.02023801495352,35.249820229866245,35.24364611108722,35.535546443600744,35.644473113313225,36.13644797200408,36.44463483563531,36.043393703203236,35.53650493321715,35.518675160011526,2021-07-06,39.833333333333336,38.958333333333336,36.858333333333334,35.13333333333333,test
2021-07-14,36.43518905905526,36.36389175375521,35.66858646983983,35.43771108686759,34.87530414178667,34.72821411111449,35.23935831311018,35.07669346028083,35.08051679971348,35.114400518742585,35.17850937067829,35.154413965946034,35.48399342275321,35.37205406879994,35.66858646983983,36.40388907726569,36.36389175375521,36.02127817345428,35.289423203343304,35.280937366092004,35.557571850899606,35.66179651202972,36.13821182751535,36.43518905905526,36.05041651610366,35.5680488845013,35.54599346534863,35.66178031309261,35.502318873293795,34.947724936140666,34.74112800150851,34.73109362323008,35.43771108686759,35.106438654141684,2021-07-13,40.09166666666666,39.8,37.94166666666667,35.266666666666666,test
2021-07-21,36.455125415008574,36.40113577260022,35.69794555659869,35.512453069433036,35.17114353320618,35.512453069433036,35.39539133505558,35.69794555659869,36.448857073795146,36.40113577260022,36.044312922369585,35.289598986877365,35.2835630822753,35.56486360706326,35.670343291026256,36.156271144273106,36.455125415008574,36.056343522292536,35.55913960736676,35.541075512131975,35.65952301383416,35.49685995886102,34.92772766459033,34.71261039093723,34.70079281835075,35.425721098093504,35.09297886960878,34.73971158243456,34.95788128674329,35.44327284329654,35.678752810830574,35.59447493537381,35.36924952305199,35.459323759026915,2021-07-20,40.09166666666666,39.8,37.550000000000004,35.025000000000006,test
2021-07-28,36.406795452126424,36.00784739537357,35.58561629495195,35.44719135992628,35.214530659559365,35.21074190647022,35.49773278436755,35.606358269771185,36.10136926911201,36.406795452126424,36.00784739537357,35.50838859856692,35.49470555080421,35.6187437917263,35.45741420140018,34.88563565709458,34.671386583326786,34.664050096297984,35.40094295385406,35.06791263820949,34.71328093621277,34.93570734240646,35.42915482538794,35.66869660114262,35.58561629495195,35.35839900415238,35.4506454524177,35.4827765311651,35.19713302967287,35.3967680240848,35.53237321346622,35.44719135992628,34.88675787305016,34.761157025622836,2021-07-27,40.09166666666666,39.8,37.550000000000004,35.25,test
2021-08-01,36.399539684910565,36.005965471077225,35.52561692594268,35.404764948867125,36.09768798624456,36.399539684910565,36.005965471077225,35.51333267935946,35.49782003550924,35.61862484763485,35.46160457736188,34.89740685670122,34.685938926201125,34.67815108872252,35.404764948867125,35.073663626738266,34.72173600988967,34.94291698553596,35.42932524806141,35.66527390487505,35.58251859111703,35.35775213939307,35.44611610080912,35.47570927393877,35.19560547577228,35.392158189594234,35.52561692594268,35.44086546234416,34.887432791100636,34.760956177590046,34.603505454026546,34.58040178767056,34.79983647253177,34.238323028604185,2021-07-31,40.09166666666666,39.8,37.550000000000004,35.266666666666666,test
2021-08-07,35.68332728201105,35.52534040378764,35.45810319676444,34.97456677354673,35.52534040378764,34.97456677354673,34.76469940456404,34.753840556708546,35.461929253302394,35.13006097562527,34.77835130855417,34.98424243713406,35.45810319676444,35.68332728201105,35.597115650909686,35.37303112621997,35.45097895603773,35.47264624393482,35.18880095659302,35.380412631455414,35.50727311432508,35.42151670397772,34.87867425479814,34.74956409401404,34.59160843811181,34.56275431256893,34.7803364875158,34.23074648750101,33.85905615803561,33.64144154289446,33.70794337851917,34.149895306450496,33.82562016236578,33.86829012116534,2021-08-06,40.09166666666666,36.391666666666666,35.55,34.86666666666667,test
2021-08-14,35.74447194150711,35.562787150898764,35.474294710219,34.62703405317868,35.034295360985666,35.51331809355308,35.74447194150711,35.655985199105174,35.42460209097869,35.50868099503368,35.53349739012387,35.24497579832538,35.433307269322384,35.562787150898764,35.474294710219,34.9152289413484,34.786563366353946,34.62703405317868,34.600791475144874,34.81640014083037,34.25191258909409,33.87077112640783,33.646987549907394,33.720652825150005,34.17886621277178,33.85088139957354,33.88861516856556,33.6031462806203,33.62270833506491,33.692083416995374,33.37489146144577,33.696149511590754,34.03091145522047,34.52056392881668,2021-08-13,36.391666666666666,35.94166666666667,35.15,33.925,test
2021-08-21,35.5168238726705,35.39181909784899,34.759861005517415,33.87789102879051,35.20722091947184,35.39181909784899,35.5168238726705,35.430356485014606,34.88788986257544,34.759861005517415,34.60654175070679,34.583071421533795,34.79563473049634,34.24780907641879,33.87789102879051,33.66141256389749,33.7298476771412,34.176024951566845,33.858671617624985,33.89727198801896,33.61885950297851,33.63622270267244,33.70231689207808,33.388812586710735,33.69948129884039,34.0231795054075,34.498050750697026,33.69295431916927,32.84368995581961,32.78457903189299,33.19703120112913,33.16165720530139,33.22280328492621,33.33093626546391,2021-08-20,36.391666666666666,35.94166666666667,35.15,33.85833333333334,test
2021-08-28,34.79304286351798,34.51553107999334,33.88282185995922,33.61959176133166,34.578043890984695,34.79304286351798,34.23110608811231,33.854860132527854,33.63560359906735,33.711603288604984,34.171893670938616,33.84615496821218,33.88282185995922,33.597815713700726,33.61959176133166,33.69094407939577,33.37543839289227,33.69725926297704,34.03029709195464,34.51553107999334,33.690531298928185,32.823309369416336,32.7667589366033,33.197084922050294,33.164158298742485,33.22806952464639,33.33711976003126,32.822229349218546,32.593495980349765,33.12389041764673,32.02467300882625,31.705695157541644,31.50847827216078,32.35996434632146,2021-08-27,36.00833333333333,35.38333333333333,34.13333333333333,32.85,test
2021-09-01,34.5453201332199,34.047598045711936,33.6983678665519,33.24323608267281,33.61559097900791,33.6983678665519,34.17531502230028,33.842852834682965,33.87753155384478,33.585314243278944,33.609594801291024,33.68480254542858,33.36525423860053,33.7005637761437,34.047598045711936,34.5453201332199,33.698054783497824,32.807834643058264,32.75233238262032,33.20184344932711,33.17264733976064,33.24323608267281,33.35411973008914,32.82666792427856,32.594296949054254,33.14340158670658,32.01762956837674,31.69365362913083,31.494996577754485,32.37007196819491,32.38444899315835,31.77538066303968,31.689225037658346,31.97801982248928,2021-08-31,36.00833333333333,34.36666666666667,33.87500000000001,32.11666666666667,test
2021-09-07,34.50772534984214,33.698749555320916,33.382780465128704,32.77645009600229,33.627234819244855,33.69712207496543,33.382780465128704,33.698749555320916,34.03008508772515,34.50772534984214,33.689111095866174,32.832577617122084,32.77645009600229,33.20089008721246,33.166301379358984,33.23180119264963,33.33761003590166,32.82639669039106,32.602236946034004,33.127411056131265,32.03823427379928,31.72073892607225,31.52792563470279,32.36864975026642,32.37865406243473,31.792934194903587,31.70800729400023,31.978659655379808,31.561911295369132,32.1358355373208,32.21640145269002,31.14842953580812,30.434958533012516,30.15093722264787,2021-09-06,36.00833333333333,34.36666666666667,32.79166666666667,30.33333333333333,test
2021-09-14,33.316554806985266,33.16756877180974,32.76679263997993,31.985329813628955,32.76679263997993,32.71608344153359,33.16756877180974,33.132815335682785,33.20410276659567,33.316554806985266,32.801352813006595,32.571573174650496,33.12356920886227,32.00915664481508,31.681765036723935,31.485418046166448,32.357753644951494,32.38088547590663,31.775471311844488,31.69432412659612,31.985329813628955,31.55313157991403,32.148156712950495,32.23160385977262,31.136996847917928,30.397419979606443,30.108482816518688,29.81039756822407,30.042595050639996,29.91877378061803,31.065117477987027,30.45272334171018,30.15008571628099,30.483103012959738,2021-09-13,34.36666666666667,34.025000000000006,32.56666666666667,30.33333333333333,test
2021-09-21,33.05841911279494,32.331753421448596,31.953646680597476,31.112524959727228,32.51386020683182,33.05841911279494,31.953646680597476,31.631741133109355,31.439876181645406,32.3051827810698,32.331753421448596,31.733887456597483,31.654646088913463,31.938267855364064,31.513540549059535,32.103240430218946,32.18973611769964,31.112524959727228,30.381544488882994,30.096190872981136,29.796987137870715,30.026617338962804,29.904899656521604,31.03872206840086,30.435433009618357,30.13356533056217,30.459900907271884,30.3040382939425,30.498382669253967,29.6994015720589,30.17658440918455,31.1380483398436,30.200181507024258,29.071475393066972,2021-09-20,34.36666666666667,34.025000000000006,30.908333333333335,29.95,test
2021-09-28,32.13814736426387,31.890120442801603,31.09636323914448,30.177971295736697,31.704754145427533,31.624868944858566,31.890120442801603,31.475170824314652,32.045955480653056,32.13814736426387,31.09636323914448,30.398770935096238,30.12202683937679,29.82746529018953,30.042079991664508,29.92807462885891,31.02650983296573,30.43878578375441,30.151540128378763,30.460186816660634,30.300010855715104,30.476748331305306,29.706998445384055,30.16924409670733,31.081835226328106,30.177971295736697,29.082189662413455,28.816963477610066,29.10427449556582,29.05431581297174,28.6937034962355,27.99439227422313,27.515120394846353,27.674908802719912,2021-09-27,34.025000000000006,30.958333333333332,30.516666666666666,28.65833333333333,test
2021-10-01,32.14370440124185,31.45750559728184,30.49742568152183,30.07171206659777,31.45750559728184,32.04893297975346,32.14370440124185,31.07161878698351,30.35201065527675,30.07171206659777,29.776253254728925,30.006367960595476,29.893451659932428,31.02855529164176,30.42714942312854,30.13312539595578,30.45897721123454,30.304316870885607,30.49742568152183,29.709944158024022,30.19052158022832,31.138638292882078,30.209934442149375,29.08813030358498,28.826155159372693,29.134181178751067,29.089907962699414,28.721922304655106,28.00719303260184,27.516449395474584,27.689703711487805,27.220635285342084,25.881362200481384,25.73844482631061,2021-09-30,34.025000000000006,31.150000000000002,30.84166666666667,28.65833333333333,test
2021-10-07,31.0687635121835,30.44811134460248,30.16556944514485,29.07566195287902,29.755707071730278,29.975228626917808,29.863009884970456,30.96662732239083,30.385860552710817,30.10029943978201,30.41671717507702,30.264602475510795,30.44811134460248,29.68113407021913,30.14887144956422,31.0687635121835,30.16556944514485,29.07566195287902,28.81645760430942,29.108056705500175,29.058143402653222,28.699414703796247,28.00324910252905,27.520968146763252,27.683117396359453,27.21965403252966,25.91081287645703,25.762344855103677,25.770924662896995,26.115763683701267,25.883079758680086,25.55618368471163,25.620750722092968,24.913378187266684,2021-10-06,34.025000000000006,31.800000000000008,30.85833333333333,27.84166666666667,test
2021-10-14,31.143254900733613,30.289905945094333,29.140953509133343,27.22676094270158,30.289905945094333,30.48705707264793,29.69586742392174,30.18210298192144,31.143254900733613,30.216131025431075,29.08598894440065,28.82964402480287,29.140953509133343,29.096142426902404,28.726157555133227,28.01121414194585,27.5226968904362,27.693914689764913,27.22676094270158,25.877505009346844,25.73120445912571,25.74317114589763,26.10939397118104,25.880149889875717,25.54353532554932,25.624287477540022,24.898981011910397,24.895694175001243,24.780835656260063,25.025266956102342,24.986860404411253,24.911527199487296,24.900354972209495,24.505353646531862,2021-10-13,31.808333333333334,30.958333333333332,29.874999999999996,27.141666666666666,test
2021-10-21,29.042554387026833,28.76084225941458,27.469237526692137,25.52413458963506,28.76084225941458,29.042554387026833,28.991098902920083,28.631206978075163,27.94179812074812,27.469237526692137,27.62317263383835,27.170319972578756,25.878862866844347,25.732883407119306,25.737020833619567,26.074771040850976,25.84995618798855,25.52413458963506,25.592620484000072,24.89449593153325,24.88560629375622,24.77075140446908,24.99406730939099,24.951058694959027,24.873601792863592,24.855251252519643,24.47045186064101,24.300332081385868,24.34059482855898,24.000010672130706,23.24288729829636,23.196150415286446,23.24344815657821,23.324613445744788,2021-10-20,31.808333333333334,30.116666666666664,29.45833333333333,26.88333333333333,test
2021-10-28,27.120017767766402,25.815080485703877,25.56404359143116,24.74744290856117,27.120017767766402,25.815080485703877,25.671940017598633,25.682632139095247,26.033192578004243,25.811367719007084,25.48899395750546,25.56404359143116,24.86191611656224,24.85796833586381,24.74744290856117,24.98098512425095,24.942473513280536,24.87061910577772,24.85559095281218,24.469342788934554,24.299314496072498,24.343690984736153,24.002125308733035,23.2359748513927,23.192615058314303,23.241608985412956,23.32588504181505,23.05713274821384,22.056795960091083,21.64179663989994,21.504094495613252,21.0057718824814,21.631224119103738,22.052546500831518,2021-10-27,31.808333333333334,30.116666666666664,29.45833333333333,25.675,test
2021-11-01,26.084375244301324,25.610113464436797,24.91400707641258,24.008674193656145,26.084375244301324,25.8610802394808,25.5381163493635,25.610113464436797,24.91400707641258,24.89991679088778,24.78709891534729,25.011266695940794,24.967972901980673,24.891846337356743,24.87407203279812,24.49018998648365,24.311862039458184,24.35272314569628,24.008674193656145,23.24657122609456,23.199999536972083,23.247180520184077,23.330638001713996,23.056635148264558,22.066034283766584,21.651536070690387,21.513422366485454,21.018955912724014,21.638620655772584,22.057600614617527,22.657153015946097,22.83074433948895,22.110324451234966,21.851354185985464,2021-10-31,31.808333333333334,30.116666666666664,29.299999999999997,25.64166666666667,test
2021-11-07,25.114111559998097,24.989878182797927,24.437927328413643,22.88811649306573,24.8708887516724,25.114111559998097,25.066208065348338,24.989878182797927,24.979056904551495,24.588253714170587,24.404822095725304,24.437927328413643,24.087556077199682,23.290433293679712,23.242288314025934,23.29713427871572,23.390361911905,23.107377557191572,22.07043523826252,21.648080889598717,21.50031901551741,20.989629240397324,21.641412847367683,22.086033117405425,22.71313630257996,22.88811649306573,22.152015584858784,21.882585733834812,22.286176970291493,22.20482772088717,22.54284089807507,22.073480592532572,20.731897659989578,19.341564645837366,2021-11-06,31.5,29.45833333333333,27.141666666666666,23.491666666666664,test
2021-11-14,24.46800164096817,23.40201618628891,23.118334026966014,22.075027887977026,24.46800164096817,24.120507614576713,23.336478332738622,23.279421914226546,23.316921032348617,23.40201618628891,23.118334026966014,22.106762817812946,21.687973833601347,21.535798558097238,21.027840956883185,21.64701539547414,22.075027887977026,22.678965402051734,22.84946613061306,22.12684933343163,21.858298598372745,22.243449326752387,22.1510865520694,22.478080159384366,22.016812276654644,20.712902720029657,19.355917474482975,19.305989839178572,20.108793278880178,19.429784058419738,19.140738233681155,19.202756334080476,19.011643649428045,18.318047128302855,2021-11-13,31.5,29.09166666666667,25.391666666666666,22.683333333333334,test
2021-11-21,22.862779403565856,22.491783266472286,22.1082918297505,20.722242091536945,22.1082918297505,21.68645568486287,21.534184838171583,21.02332752709238,21.646989335839557,22.075674536961444,22.685825947979012,22.862779403565856,22.13573805862452,21.867044161124753,22.256413448476387,22.16418310110712,22.491783266472286,22.02971734959156,20.722242091536945,19.35669861065606,19.308469538740066,20.11864398963731,19.435646605514997,19.142766421319216,19.207557882610544,19.02055029004385,18.322768755336693,18.177150710842763,18.59706107848124,18.479847723651257,18.393979219109383,18.972526167472328,19.568813463109088,19.756277645055764,2021-11-20,31.5,29.09166666666667,23.933333333333337,21.291666666666668,test
2021-11-28,22.861043317311825,22.264753911514244,21.88360171581061,19.227625771621017,22.861043317311825,22.148508879014663,21.88360171581061,22.264753911514244,22.168201029518976,22.48440103790183,22.029458353265984,20.73420942230512,19.392895254674386,19.343594008681624,20.13740840262744,19.459422422613667,19.16515788602091,19.227625771621017,19.03341875547427,18.34837724981728,18.20348158357748,18.614017518100173,18.492597949811852,18.402423575361507,18.970615571473974,19.547180809842367,19.733223070431197,18.932442823663365,18.71230173425849,17.91799941237743,17.188774582438363,17.323060203705545,17.541242359560794,17.95124872620302,2021-11-27,31.5,29.09166666666667,22.100000000000005,19.316666666666666,test
2021-12-01,22.579846676151902,22.255865087036096,19.74283340672031,18.959945432907794,22.35118946603121,22.255865087036096,22.579846676151902,22.115220960385205,20.798749779985524,19.42902068403896,19.379632087373526,20.174835017952965,19.48218199496867,19.1798356589661,19.23989441016401,19.044090418908734,18.342165734292387,18.194521147661586,18.59883238509002,18.474608985007833,18.38192044927565,18.959945432907794,19.553035202793193,19.74283340672031,18.929969733701284,18.695094263691583,17.888856482841806,17.1487627969155,17.28859859026154,17.520403827739603,17.942627688955742,17.96307241621885,17.831238521326753,16.869260816476178,2021-11-30,25.84166666666667,23.933333333333337,21.291666666666668,18.308333333333337,test
2021-12-07,20.153165271956116,19.548162347714275,19.163007095293537,18.336069157841727,19.362174952066372,20.153165271956116,19.462672174165167,19.163007095293537,19.226888935239288,19.03255766221587,18.336069157841727,18.189150062933724,18.590980105562736,18.467317262254177,18.37663711756298,18.956588689323148,19.548162347714275,19.73987456312989,18.929063435608835,18.692791711551124,17.88820799959189,17.15100400096992,17.292902436035778,17.523042973667536,17.9451108480033,17.96362602054714,17.828834469978357,16.867876263740552,16.825097402114714,16.61492103078608,16.84355561058339,17.08786207197832,16.712000991838202,16.72625075002234,2021-12-06,25.84166666666667,23.933333333333337,18.541666666666668,17.141666666666666,test
2021-12-14,19.803277406630325,19.037250801904808,18.55765643796333,17.345326616783872,18.29603748375003,18.683599213246467,18.55765643796333,18.466143233735227,19.037250801904808,19.619999826853007,19.803277406630325,18.990222627267908,18.74362813089464,17.94172704813752,17.20884881299348,17.345326616783872,17.569851673653968,17.980644025347033,17.98794117642733,17.842773846095902,16.887998080259734,16.84398001088011,16.635235735346896,16.861605149439807,17.100390565841007,16.721845378314104,16.728328385550647,16.458609235845866,16.576158278965536,15.79389065802708,15.29537410935535,15.590012699664248,16.455813509629184,15.984038667576893,2021-12-13,21.583333333333332,20.8,18.466666666666665,16.808333333333334,test
2021-12-21,18.917620801395728,17.9340052632371,17.505536408085028,16.80102797170379,18.917620801395728,18.668583070591026,17.870643562517785,17.143251015122836,17.280018400986766,17.505536408085028,17.911679173704506,17.9340052632371,17.78885174203049,16.841837625946148,16.80102797170379,16.59680338761135,16.825590689867987,17.06183857361047,16.701393203156904,16.706867261589032,16.439842568117527,16.558623727522903,15.78345838088029,15.290612290293552,15.580409758392442,16.45376181592078,15.981847679608979,16.28356566772995,16.149946859671907,16.292900109897367,17.320923879323672,17.395799632661365,16.720730250497137,16.339903714540178,2021-12-20,21.583333333333332,20.433333333333334,18.308333333333337,16.616666666666664,test
2021-12-28,18.071504473003657,17.920402029236882,17.462082530007155,16.726134356638926,17.893198582849426,17.75240095880653,16.80418279321713,16.76560089638832,16.565261490306877,16.800807102666848,17.042883040888192,16.67995184749383,16.69136567664856,16.427055505566504,16.548802907085552,15.773986943980967,15.283150022612562,15.577700269136889,16.453326542258612,15.982812315051648,16.28792805467764,16.15343422249038,16.298884547660364,17.334133170768506,17.409832041900206,16.726134356638926,16.344496631411083,16.692519208926125,17.920402029236882,18.071504473003657,17.462082530007155,17.70904822251861,18.03512740731353,17.456586683700927,2021-12-27,21.583333333333332,20.433333333333334,18.308333333333337,15.875,test
2022-01-01,18.069431473567562,17.91946152988947,17.40576420727914,16.68806770126685,16.562370532534825,16.79941667461322,17.04343692495554,16.678680769995058,16.68806770126685,16.425496471930238,16.54787597260239,15.765314095125413,15.269657978555784,15.565662495728755,16.447837454882144,15.970976296870544,16.28139532301587,16.14506186824047,16.289121809514597,17.330502749061427,17.40576420727914,16.71688241335959,16.32949722024515,16.683179811990467,17.91946152988947,18.069431473567562,17.45423154979208,17.7023862143364,18.03118020362944,17.445877113392864,16.657941752985806,17.040712767566333,17.171577675536163,16.846621008269867,2021-12-31,21.583333333333332,20.433333333333334,18.091666666666665,15.041666666666664,test
2022-01-07,18.635805646375758,18.036976993693045,17.568662337763044,16.860276157420646,16.559510538790665,15.78106909158677,15.290482335533605,15.583769563464141,16.46134631873561,15.989876961867731,16.30063679840794,16.16157233868365,16.30375662100024,17.340216824752854,17.41409495572324,16.73064240678291,16.347905030699433,16.701458165359547,17.925923637795538,18.07375738250578,17.464120485597327,17.709548891728435,18.036976993693045,17.4574023793078,16.67654308317532,17.05287156700538,17.18161477334028,16.860276157420646,16.516963553738538,16.561116185228933,17.147421525622455,17.568662337763044,17.967147549926107,18.635805646375758,2022-01-06,21.583333333333332,20.433333333333334,18.283333333333335,14.016666666666666,test
2022-01-14,18.77554476831192,18.51888536763031,17.989229912792013,17.500916862719823,16.25015588989503,16.38973400408922,17.415730403269833,17.479833185620823,16.79631431110012,16.41274753235951,16.755371123049382,17.969288114362186,18.1123817390099,17.500916862719823,17.734771933632107,18.05588834562772,17.477296057911424,16.693697227804957,17.066525745789452,17.19305923324652,16.87103186141122,16.523064913972522,16.56629785124846,17.150376701443346,17.56561575859265,17.964630580675248,18.631938165858543,17.915449001880432,18.51888536763031,17.771248620846077,18.77554476831192,17.989229912792013,18.0121198017507,17.77079513275443,2022-01-13,21.125000000000004,18.85833333333333,16.358333333333334,13.516666666666667,test
2022-01-21,19.607063646023818,18.75858532448642,18.555528357407695,17.893856230439052,17.81680487634347,17.961857085257744,17.363239218271612,17.600898062750172,17.929901735954257,17.366220434212373,16.59767009281883,16.980112761932254,17.113112127206016,16.804058504410364,16.468355839184845,16.523523006506174,17.109838122545288,17.525987961159764,17.932177972365313,18.59700202130744,17.893856230439052,18.494609935381263,17.762276607766363,18.75858532448642,17.980258147657974,18.008288776924253,17.76821721635008,18.670391276839446,18.89234048324342,18.555528357407695,17.356206282117977,18.108334631394197,18.650445709735358,19.607063646023818,2022-01-20,21.125000000000004,19.816666666666663,17.900000000000002,15.4,test
2022-01-28,20.234413245685403,19.760765615296613,19.068078232401813,18.440516197338898,16.85633908333017,16.99530211719019,16.694060627918045,16.361239095693826,16.42398753089328,17.018127549322326,17.43849888861223,17.853931588942775,18.527895991434423,17.83625817136339,18.440516197338898,17.718096434461795,18.721676217183205,17.94856846908416,17.984623467883377,17.752435427672488,18.6601222724592,18.882012246308307,18.549754884709625,17.355968431169817,18.10537033826579,18.648958460199,19.60576278511802,18.726699340643282,19.45310556144976,19.068078232401813,19.506075758630573,20.234413245685403,19.95112873221705,19.760765615296613,2022-01-27,24.633333333333336,21.125,18.85833333333333,16.65,test
2022-02-01,20.611438073746026,20.25526541135105,19.764358911846788,18.66671974336818,16.381632693209173,16.985630407991778,17.4148532688885,17.833001349493685,18.52058778773965,17.819860989879874,18.434323193773572,17.704226301693424,18.725245980480896,17.943138528078812,17.97636332954739,17.743600267489917,18.66671974336818,18.891965256279356,18.556857959025802,17.344552045185587,18.106786546139855,18.65324224202385,19.625591534370464,18.731420937349156,19.466335813651458,19.074861905780857,19.51708597691212,20.25526541135105,19.959413068161894,19.764358911846788,19.948030133347338,20.32444257730149,20.20302472308664,20.611438073746026,2022-01-31,25.116666666666664,21.608333333333334,19.816666666666663,17.900000000000002,test
2022-02-07,25.473839355073217,23.30854076613008,20.481709205074605,19.536009040154358,18.416287886658644,17.689803035292325,18.710343677340518,17.93313672590902,17.959755462258748,17.72877002253346,18.65488179753317,18.884586263991952,18.553508545382133,17.350797779023534,18.11364341290025,18.652822668443918,19.623427200126166,18.739757045242087,19.477645309064258,19.090538445844746,19.536009040154358,20.27445640922638,19.97377638527412,19.78039833627791,19.969376732604555,20.348752228130383,20.229181454872887,20.639338120179964,21.479875925822572,20.481709205074605,21.582304028632816,23.30854076613008,24.01533355786997,25.473839355073217,2022-02-06,27.583333333333332,24.633333333333336,20.716666666666665,18.716666666666665,test
2022-02-14,25.435614623012256,23.28365603545687,22.227022333736684,20.333931894056693,18.850044022257794,18.527874011276808,17.332287987810222,18.083691983708103,18.622552167162752,19.59152199509365,18.72067751210831,19.452221389439465,19.07558494378827,19.516036611677674,20.243982228086114,19.950198047738933,19.764760665620788,19.958160451948647,20.333931894056693,20.222389064347873,20.62728210732681,21.45578898381116,20.46917657249679,21.566387715786387,23.28365603545687,23.982970150261085,25.435614623012256,22.5947734402157,21.83606199065144,22.56511268561028,22.377168976326786,22.227022333736684,22.001401727824653,21.40456988810448,2022-02-13,27.583333333333332,24.633333333333336,20.716666666666665,18.558333333333334,test
2022-02-21,25.49165272299176,23.85848590667763,22.58600857125431,21.450786872728827,19.407799298848417,19.02598339929587,19.473903853643396,20.214829815207512,19.918376251489647,19.72238798056449,19.920734211303145,20.303827062497813,20.19292304023773,20.60642776683435,21.450786872728827,20.452408439472336,21.558742110417636,23.30387519958424,24.015459576773207,25.49165272299176,22.61126011382925,21.84438018323034,22.58600857125431,22.387150339238666,22.236074453793098,22.007643847464973,21.402606906680482,19.89933033696033,19.994434937496184,20.647251392874512,21.791437463705794,22.50591078360576,23.52945220440045,23.85848590667763,2022-02-20,27.583333333333332,24.633333333333336,20.716666666666665,18.000000000000004,test
2022-02-28,25.493391693016978,23.99971550643505,23.521855792158362,22.48842330506576,20.259854033108127,20.149413877268422,20.56890728245996,21.413444791666517,20.401125968716745,21.516676661108033,23.28143392467611,23.99971550643505,25.493391693016978,22.590503327910685,21.8108511006367,22.55661366722519,22.356504765867854,22.20885319982025,21.979560674639384,21.37354876397832,19.861207385398227,19.95186133434704,20.60797469372331,21.76308610075134,22.48842330506576,23.521855792158362,23.85745632856337,24.565173349911188,23.971412532546115,22.830829119497075,23.832956492614453,22.548754554709145,22.836328332876363,23.515484691090272,2022-02-27,27.83636363636364,25.116666666666664,20.716666666666665,17.0,test
2022-03-01,25.409870192944812,23.942772045840613,23.504219622522424,22.536063362408722,20.151321197455985,20.56596378610015,21.394241726720157,20.405063284515986,21.501605976769582,23.23648585323995,23.942772045840613,25.409870192944812,22.568580555914608,21.804403768423146,22.536063362408722,22.342233159688448,22.20211435776802,21.978595967982475,21.387284133064433,19.90682299909472,19.99394093364791,20.636637114355985,21.76946310003156,22.483793169472534,23.496744267759325,23.82756874344249,24.521898546841985,23.93874481930357,22.82179401262221,23.805446127310418,22.55209576029483,22.83551569903287,23.504219622522424,22.942337445013806,2022-02-28,27.83636363636364,25.116666666666664,21.40909090909091,17.0,test
2022-03-07,25.41929249200019,24.532324786824063,23.9456953951132,22.961722621551715,23.956114551249257,25.41929249200019,22.5926139024859,21.82553087088599,22.55009393091382,22.35904357374004,22.226059233141406,21.99789859204611,21.41003405907343,19.938261533706346,20.018697611149644,20.6543635654512,21.7846355192967,22.502773034393417,23.506407256959395,23.837381616167708,24.532324786824063,23.9456953951132,22.82930035173464,23.81176295109135,22.570785058425248,22.848652518328976,23.517118714617364,22.961722621551715,24.391261836603615,23.93764767665679,23.1392608634834,24.041594127975664,23.931638642564405,25.1641931816477,2022-03-06,34.31818181818182,32.71818181818182,27.00909090909091,17.87272727272727,test
2022-03-14,27.30261907554414,26.321196380660208,24.442959704033502,23.73234361806967,21.84152697268212,21.269875709433094,19.8399231244734,19.919398818606155,20.54441218683156,21.66076805506954,22.384429326157463,23.384923382676405,23.72057316829192,24.42109082492085,23.850128132746434,22.759261981540085,23.73234361806967,22.534777251281547,22.82282188720289,23.487993753251338,22.959432185478377,24.36282914763987,23.917895041945034,23.139099634244488,24.0385796512589,23.940295114920577,25.152655357044694,26.762397913403866,27.30261907554414,26.321196380660208,24.226348568697436,24.442959704033502,26.01064474976945,24.962466229118363,2022-03-13,35.43636363636364,33.09090909090909,30.39090909090909,21.40909090909091,test
2022-03-21,28.82517811754168,27.341107947805884,26.317031471960284,24.28140711919147,23.189489718600555,23.542370400704023,24.28140711919147,23.702219236952285,22.576896991620018,23.594465062663843,22.344372402566734,22.64784599179443,23.34588858315716,22.804986949233406,24.280906340966403,23.825439385520205,23.013825533321405,23.942203152615672,23.836284174413073,25.09624085573748,26.773715339252508,27.341107947805884,26.317031471960284,24.124689701673784,24.331885211367496,25.951546379192305,24.847844131908737,24.8722661957035,25.911939413732014,26.340269164389014,26.113892180643546,26.38474074015514,28.379850420666227,28.82517811754168,2022-03-20,37.25454545454545,34.99166666666667,30.64545454545454,26.5,test
2022-03-28,28.766961297641526,28.326659738067868,27.61595676216754,26.10857907272678,22.44338081383409,23.13921832069097,22.62352037002251,24.075991444666915,23.647389348586245,22.875936971825507,23.80537397427896,23.712128406311013,24.963204611401228,26.617293366246685,27.186663292594137,26.20481235425552,24.08587309805444,24.309578298600698,25.89632210439842,24.835797502447765,24.870248236646596,25.892533808654534,26.31894195356122,26.10857907272678,26.384146026539483,28.326659738067868,28.766961297641526,28.250978771763027,27.667926666051525,28.546705928471358,27.462503366007656,27.075724714816193,27.929434210475428,27.61595676216754,2022-03-27,37.25454545454545,34.99166666666667,31.49166666666667,27.641666666666666,test
2022-04-01,29.640683372318005,29.340945210486797,28.26181585681756,26.607997588942627,23.691581247575673,22.951355376196336,23.86238635423062,23.777934495127447,25.003013653348013,26.607997588942627,27.16298050207332,26.212910164984603,24.167220452428708,24.394102790704476,25.935791402745092,24.92116455034645,24.956448063218563,25.948809986511062,26.361256894181388,26.162582021709785,26.438324103612157,28.323224110068814,28.760803314977235,28.26181585681756,27.698384911578245,28.547981443273528,27.502221073044744,27.135865316052495,27.965832222474095,27.67310900280035,29.640683372318005,29.340945210486797,29.373028045106857,27.538413182527215,2022-03-31,37.25454545454545,35.43636363636364,33.09090909090909,28.59166666666667,test
2022-04-07,31.420565149656912,29.881774225217193,29.43804295219675,27.780856499264804,27.524454241740266,26.512083837676585,24.32414610948952,24.52885719424341,26.139666979819843,25.04283926122998,25.05521496221319,26.078759441141155,26.505441483098448,26.27169287809094,26.527645873906692,28.503399799743587,28.94806737741048,28.399205292966755,27.780856499264804,28.678220817400195,27.555773142011347,27.141089507577792,28.009549409906988,27.691221481769944,29.766247447009864,29.43804295219675,29.479876802361183,27.531726503055424,28.792165068429657,29.264761383990745,29.881774225217193,31.420565149656912,29.78876443034285,30.322613362016725,2022-04-06,37.25454545454545,35.641666666666666,31.49166666666667,27.59166666666667,test
2022-04-14,31.33560801220872,30.42078046440138,29.763557776253286,28.808415599092097,26.087430122975302,26.504697892152528,26.280863052974404,26.537016885275445,28.449767283096495,28.88150892126709,28.355839321981662,27.763974678565575,28.63587262300929,27.55051907606964,27.15653531212146,27.996538447803346,27.68917385020611,29.70431041694445,29.393598307318143,29.43743787087999,27.5530974122353,28.781939349377094,29.23945551698048,29.83875704786547,31.33560801220872,29.763557776253286,30.28479548042068,30.42078046440138,29.244403723155195,29.636991728959103,30.47931418790999,28.808415599092097,28.069821964102264,30.25902930672179,2022-04-13,37.25454545454545,35.641666666666666,32.31666666666667,27.86666666666667,test
2022-04-21,32.507846444060775,32.018673796760766,30.82639111896572,29.724698630821056,27.800360393527523,28.66868012343862,27.59279194563006,27.21018374930691,28.045236817692853,27.723614533276447,29.724698630821056,29.417831983795832,29.462873138603438,27.592804012197927,28.823726055307972,29.279041662193954,29.859385639917,31.346065879039966,29.786241492835746,30.306895114388674,30.446316719191206,29.28736418915768,29.679283839888278,30.502340363311134,28.841036281184696,28.110728836121122,30.290399108355015,29.855578229415414,30.82639111896572,32.018673796760766,32.507846444060775,32.4870160966287,31.99029570260984,31.069900190036183,2022-04-20,38.22500000000001,35.641666666666666,32.31666666666667,28.49166666666667,test
2022-04-28,33.578531744473494,32.52139818722347,31.814056519657964,30.503599671730893,29.427437783180874,29.475701870135158,27.56906909369891,28.818230810353135,29.282888491321433,29.8719921214152,31.378124444578113,29.785898790789755,30.317366268034036,30.45683071676693,29.26955423602954,29.66834224672296,30.503599671730893,28.80122454763819,28.053417173598497,30.27470368086847,29.828735833764842,30.811426276730867,32.02589553182827,32.52139818722347,32.491219386913976,31.982355443709654,31.04611048315212,31.236847154022406,31.814056519657964,31.676717266445884,31.53118393669482,31.58460691566084,32.53101631376965,33.578531744473494,2022-04-27,38.22500000000001,35.641666666666666,32.599999999999994,30.416666666666668,test
2022-05-01,33.58376460367599,32.53608213408592,32.05011935104032,31.28461643702786,28.897903855318482,29.355662958176424,29.934782985815204,31.41214444092916,29.848132686430393,30.37565519842387,30.516850259066636,29.347956830431592,29.739342867693143,30.55813695168774,28.889585578009115,28.152086505123926,30.33495858884238,29.901825590158346,30.859364173188894,32.05011935104032,32.53608213408592,32.50677026889131,32.003987105927074,31.092906181717638,31.28461643702786,31.8456755198862,31.712540522967167,31.571276300288453,31.624966344491284,32.54954451536989,33.58376460367599,31.630188143791244,32.24706515189569,32.302251776457,2022-04-30,38.22500000000001,35.37272727272727,32.599999999999994,30.666666666666668,test
2022-05-07,33.4780945742476,33.07283783653229,32.3875919897985,31.6896478485082,30.38428904020265,29.258715357064922,29.649774927676017,30.452088210715182,28.82881852647523,28.11939820245833,30.237265329927528,29.835538826508063,30.771122370874455,31.938474764852565,32.42075684699444,32.38530253691857,31.903761838368634,31.027453320339767,31.229771787258898,31.780337987034592,31.66455238008868,31.537336756978572,31.579215189395985,32.47558884300041,33.4780945742476,31.600343138658843,32.200792939457344,32.26308059490453,31.6896478485082,31.811048009292183,32.3875919897985,32.88677621995962,33.07283783653229,33.108893899277945,2022-05-06,38.22500000000001,34.83636363636364,33.625,31.483333333333338,test
2022-05-14,33.67757104578849,33.41328329252328,32.953372626809866,32.1815996096665,29.758923351827907,30.73415475912873,31.95832812593892,32.452567555046265,32.41377112316494,31.909724978379902,30.99076983459318,31.18821629494242,31.76117381714872,31.640455069637255,31.496818271741493,31.54096856319029,32.48482779267335,33.539381258020434,31.555063747077675,32.1815996096665,32.24879327700031,31.63760498899383,31.765759086007716,32.37422634519203,32.90055194403493,33.08214316399434,33.115880684643614,33.67757104578849,32.54925205184951,33.41328329252328,32.9550304878752,32.953372626809866,31.880663717268643,31.762136064236973,2022-05-13,39.075,36.49999999999999,34.79090909090908,32.75454545454546,test
2022-05-21,34.337088599093846,33.50108173986917,33.11634654602801,32.57573029143019,31.212519071458836,31.7611147979854,31.648028050063687,31.515861856064166,31.563143193585528,32.47585581445961,33.50108173986917,31.594223072454866,32.193675032929654,32.26121298869446,31.67622958344516,31.803703060051078,32.39134385983589,32.90519029165304,33.090538871595534,33.11634654602801,33.66105904691836,32.57573029143019,33.41383974354205,32.97023172207903,32.973549967088,31.94656396290744,31.82510347445623,32.162375623615546,32.86865441822528,32.753637076205415,33.272314462798015,32.79827227094142,33.48043316250932,34.337088599093846,2022-05-20,39.075,36.18333333333333,33.85454545454546,32.583333333333336,test
2022-05-28,34.55193590189322,34.342764755453054,34.071404627411695,32.944340659182714,31.529873835031676,32.12931867861873,32.19898878695545,31.607019502038362,31.739320979297567,32.34202281392938,32.867233188755534,33.06071007371979,33.07679494784275,33.633497932429584,32.53209197456593,33.38854257158006,32.940057963719674,32.944340659182714,31.90144151069395,31.766155433990086,32.10992904565753,32.83240619001133,32.71574676832488,33.24584060656412,32.7616900130198,33.45838662089483,34.317848976863964,34.55193590189322,34.17622043616899,34.42857615412542,34.1102503180107,33.88702328408228,34.071404627411695,34.342764755453054,2022-05-27,39.075,36.18333333333333,34.66666666666667,32.75454545454546,test
2022-06-01,35.06407267823074,34.5874349474034,34.349737354360535,33.43564740308743,31.7781221887598,32.38815741604627,32.9187920706422,33.11425541446691,33.127585627712605,33.69184902549927,32.57349432717545,33.43564740308743,32.98013097301434,32.98213564821712,31.924844536299933,31.783983502162876,32.131936295119004,32.85941682055741,32.73613667587305,33.27117923419577,32.77886243839353,33.482993330206675,34.349737354360535,34.5874349474034,34.204138106021,34.45555178143992,34.13296248867281,33.906148568878926,34.09307597144056,34.365933380942,35.06407267823074,34.63498970212106,34.582510634373556,33.78604536803407,2022-05-31,39.075,36.18333333333333,33.791666666666664,32.75454545454546,test
2022-06-07,35.06858855379116,34.687877799564234,34.46129638377714,33.91025248982835,32.5827816128308,33.44697323784828,32.989198230826645,32.99231380205248,31.932602877066362,31.790333679569848,32.13568296916763,32.86595390984553,32.74129091759789,33.27688417998836,32.783889583706454,33.490932057750875,34.35930102186585,34.593992640794696,34.21001711836927,34.46129638377714,34.1367118870662,33.91025248982835,34.09872981991964,34.371661070782025,35.06858855379116,34.639070983473566,34.58592001200985,33.786406491847934,33.93054899889969,34.129997608278714,34.687877799564234,34.81845056237502,33.890971882862935,33.74915807981709,2022-06-06,39.075,36.18333333333333,33.791666666666664,33.11666666666667,test
2022-06-14,35.77991983142976,35.2695134452697,34.817263718849645,34.348356111301435,32.91117427347089,32.785165055550976,33.32050673826482,32.82702804424247,33.53408651063812,34.3894400049242,34.61810395999567,34.23617811785828,34.483386209166206,34.160957638752706,33.93233462580317,34.122535823905025,34.384777543890834,35.07418113097369,34.6474955479424,34.59234082995404,33.797964207381476,33.93983716088771,34.14249006853677,34.69023352119023,34.817263718849645,33.89639245654658,33.75477091695634,33.89172747610275,34.348356111301435,34.81812516697,35.241341846459726,35.5966434509791,35.77991983142976,35.2695134452697,2022-06-13,34.725,34.66666666666667,33.75000000000001,33.12500000000001,test
2022-06-21,35.77451856349575,35.26277388764661,35.07007061924149,34.61268777319887,34.192448568292136,34.44097728477484,34.120576754650216,33.89203775059697,34.08379864795692,34.34660075544954,35.0386014306506,34.61515298378328,34.562047482999375,33.76969212202614,33.913794188036995,34.11883439644495,34.668453540088194,34.79665679371347,33.877498447025616,33.73728604936614,33.87827891932693,34.337127528600384,34.808914112897604,35.232318103202566,35.587961557071424,35.77451856349575,35.26277388764661,34.61268777319887,34.565495864679654,35.13893866802205,35.07007061924149,34.99164335472601,35.01822331853262,35.08011423315058,2022-06-20,36.87500000000001,35.45,33.80833333333333,33.333333333333336,test
2022-06-28,36.266003287784976,35.87276807964003,35.29096258174311,34.95424644198073,34.523194737204854,34.471932902248724,33.68177595661062,33.83093455221789,34.036080274630216,34.5920594527618,34.72544755776278,33.800175516799385,33.66310176004728,33.813550080638294,34.28033084500412,34.75430667859547,35.18319528582359,35.5449063221445,35.73131879060887,35.2189747659609,34.57160120093925,34.52707707509467,35.10101051965088,35.031998323539874,34.95424644198073,34.97695004459898,35.039127206784784,34.87037977729003,35.29096258174311,35.24838592279965,35.627541553881144,36.266003287784976,36.2131367568418,35.87276807964003,2022-06-27,36.87500000000001,35.84166666666666,34.725,33.45,test
2022-07-01,36.27630749464929,35.88229903632884,35.44265912187322,35.04334404241579,33.83016434982845,34.03528860302705,34.59013635010619,34.72418793942021,33.8006103156468,33.66538636802766,33.81850006013159,34.28531753057759,34.75888582131434,35.187291781638024,35.54919272045864,35.73418858481137,35.22473744878196,34.58217875705354,34.53891973602945,35.11182870555125,35.04334404241579,34.96654856078487,34.98774662450128,35.05055940382606,34.884604037244074,35.30444080762381,35.26191409360291,35.63962094977163,36.27630749464929,36.221497290738576,35.88229903632884,35.019575962441905,35.10571968645519,35.44265912187322,2022-06-30,37.28333333333333,36.39166666666667,35.45,33.791666666666664,test
2022-07-07,36.268389273320594,36.20348468074577,35.71068594114629,35.23300866230239,33.77096875534571,34.24364368255582,34.722970522728325,35.15527834563248,35.52315085469386,35.71068594114629,35.19422039503204,34.545262147895485,34.50126212823372,35.081469215538725,35.01022592718201,34.93342008060219,34.95480173451237,35.018135218542184,34.85194662491659,35.27696781516334,35.23300866230239,35.61359608856557,36.25953254437628,36.20348468074577,35.859002920427734,34.986299751030174,35.072862946731384,35.41334441761851,35.601572258888154,35.989543668339856,36.268389273320594,35.88245192746414,35.258611999347124,35.33288036986821,2022-07-06,37.28333333333333,36.39166666666667,35.99999999999999,34.725,test
2022-07-14,36.23524029681775,36.1531672877333,35.60095338782448,35.2145638901415,34.52321465767359,34.48392314091666,35.0361499145955,34.97809570500674,34.90953437266118,34.93600262112148,35.001114481282244,34.845012854100226,35.25109166441508,35.2145638901415,35.58472000468262,36.20001719471196,36.1531672877333,35.83198941650375,35.006586806009715,35.09083489886035,35.41550440568279,35.60095338782448,35.96906419138838,36.23524029681775,35.87090684127538,35.276630729242854,35.344901873915816,35.515310318016695,35.44998366140404,34.84623858238603,34.636377149708075,34.621578947886846,35.14213791703835,34.917156207292805,2022-07-13,37.28333333333333,36.39166666666667,35.99999999999999,34.85833333333334,test
2022-07-21,36.25845954156838,36.16926901081772,35.6053047686252,35.29880077329195,34.828888314321645,35.2446820716493,35.20667594783462,35.584010886333935,36.21538899774438,36.16926901081772,35.840260879131655,34.997320509347944,35.08472230662224,35.41635229922707,35.6053047686252,35.98437629966187,36.25845954156838,35.88555344312505,35.278993734298204,35.35017080813771,35.52419544550202,35.45685818724771,34.84261368673665,34.63011242808213,34.61439053983236,35.14718816459454,34.91855315085568,34.64579820587121,34.930222767191324,35.29880077329195,35.50371995445781,35.41578608722701,35.05464585971175,35.21812127020657,2022-07-20,37.28333333333333,36.38333333333333,35.90833333333334,34.325,test
2022-07-28,36.2256597561656,35.85974763904598,35.4393313562223,35.21084793164727,34.96858967058967,35.05623919457556,35.38618108719566,35.57564846643995,35.95211441198668,36.2256597561656,35.85974763904598,35.257927987051,35.32949083238353,35.503486634697055,35.4393313562223,34.83398340236088,34.62607215483333,34.611992373237946,35.134474078477226,34.90868566364174,34.64008686445841,34.92205393376926,35.28614310598859,35.489196589322574,35.40247786512065,35.04071391791967,35.201061128216814,35.28377527715473,35.0995057033299,35.19352542145883,35.30038461696389,35.21084793164727,34.54388738050556,34.50471438001659,2022-07-27,37.28333333333333,36.74166666666667,35.99999999999999,34.49166666666667,test
2022-08-01,36.18644604365831,35.816720664606635,35.35274605678648,35.144754584797404,35.91137826800626,36.18644604365831,35.816720664606635,35.21257984370725,35.28340499458003,35.45635903237925,35.388251083210356,34.7782345008576,34.56788513136318,34.553821641221646,35.0850215727171,34.85639102879363,34.583326633090614,34.865241749606874,35.234343481242966,35.43945363465764,35.35274605678648,34.99214746915289,35.15383309536458,35.23589574920511,35.04776661894227,35.144754584797404,35.25318210442528,35.16397917033878,34.49565659858345,34.456216225087665,34.363308500611666,34.415532424144125,34.534092619256185,33.99305601611514,2022-07-31,37.88333333333333,37.199999999999996,36.06666666666667,34.71666666666667,test
2022-08-07,35.48584041327966,35.398807321051684,35.20707894181642,34.82876478566945,35.43622143170854,34.82876478566945,34.620901948551094,34.60655436812594,35.13482189054757,34.90681572431138,34.63414041326969,34.91504879122872,35.28094570093129,35.48584041327966,35.398807321051684,35.03967561026025,35.19955913222167,35.279826682859074,35.092984885530825,35.18805573773119,35.29666651975913,35.20707894181642,34.541839600411464,34.501686051686484,34.40796449671803,34.46026049137641,34.57688037320652,34.0396030654477,33.675533250726964,33.31698103842461,33.4606499696474,33.93537657718811,33.705576397221705,33.655043535150305,2022-08-06,37.88333333333333,37.199999999999996,35.475,34.300000000000004,test
2022-08-14,35.437640046792446,35.26249692864376,35.15456703041751,34.42841704712367,34.85706072575735,35.22829305141981,35.437640046792446,35.35047984029484,34.99085749733631,35.15456703041751,35.237067210850675,35.051352509302106,35.149704809066236,35.26249692864376,35.17336191220015,34.504503356266696,34.46603984043103,34.37250159558659,34.42841704712367,34.54813138217841,34.0070319713318,33.63953595928378,33.28004311113487,33.426583875260874,33.90702987811728,33.676602276137,33.62623342804158,33.34310197114184,33.347901416363094,33.26052446571645,33.03950167786768,33.390516189920646,33.77963689999773,34.15196750790278,2022-08-13,37.88333333333333,37.199999999999996,35.475,34.09166666666667,test
2022-08-21,35.209768668074204,35.0987793549735,34.43349432472901,33.63800098372114,35.00222464536922,35.0987793549735,35.209768668074204,35.12334457889548,34.47112917787496,34.43349432472901,34.3447334397626,34.400934264788475,34.519315098428635,33.994915231387296,33.63800098372114,33.286595739215954,33.428400009218414,33.89706294327701,33.6734495632541,33.62476759912852,33.349384683552394,33.3524430997156,33.26335974072563,33.04510185199209,33.38525519292369,33.76166493481682,34.12156050683592,33.35260928211303,32.54390110294081,32.33845949108931,32.80206832705424,32.819485963465524,32.95164031029301,32.969761709880416,2022-08-20,37.88333333333333,37.199999999999996,35.475,33.74999999999999,test
2022-08-28,34.53856639368124,34.14065080454292,33.68344028463176,33.29454564875374,34.419690534406115,34.53856639368124,34.006408226383,33.647555469213366,33.29454564875374,33.43565198604611,33.912229701957635,33.68344028463176,33.632483342028294,33.35295998861976,33.35950997692541,33.272932433837376,33.04889041502461,33.3954712349864,33.77625552694141,34.14065080454292,33.36088098194922,32.54426960009976,32.340401054157795,32.80927448606615,32.82909218398613,32.96273888181798,32.98096438994654,32.49122257666742,32.26900288656409,32.61168583839225,31.665542157783698,31.422626632991946,31.316447456928305,32.024661070847166,2022-08-27,37.88333333333333,37.199999999999996,34.65,33.30833333333333,test
2022-09-01,34.184436995389554,33.813826328465964,33.42391428843707,32.98267207429701,33.32640941829647,33.47135181508779,33.957507082081484,33.72510479455342,33.671456391161385,33.38487252124096,33.38949340969893,33.300330642476084,33.071245726817295,33.42391428843707,33.813826328465964,34.184436995389554,33.38716657049728,32.5515579325746,32.34349001251505,32.82337321569196,32.84364155835712,32.98267207429701,33.001380798339326,32.50217240164864,32.275584617223046,32.627682450369115,31.663975155692277,31.41763271850142,31.31335020019911,32.03841355533071,32.04086904629799,31.471278515663183,31.242284709651507,31.58126464178671,2022-08-31,35.166666666666664,34.71666666666666,34.40833333333334,33.24166666666667,test
2022-09-07,34.14450230751476,33.395740535688276,33.05037166320421,32.323626460412314,33.36827526547519,33.27868993603713,33.05037166320421,33.395740535688276,33.77980214155759,34.14450230751476,33.35499245104911,32.53056968280739,32.323626460412314,32.794754872890586,32.81227279980636,32.948971377723474,32.96671030614366,32.471523574494086,32.248249433821705,32.594295205337986,31.641650941483295,31.396563765750326,31.293652526034204,32.00866640764201,32.00880755704336,31.44753669163548,31.220659958444386,31.55346645390384,31.216720064138123,31.838864433099886,31.83791362055232,30.821997186734727,30.14101975322563,29.726935910451317,2022-09-06,35.166666666666664,34.71666666666666,33.96666666666666,32.74999999999999,test
2022-09-14,32.984290550104845,32.82689426930777,32.485882132482665,31.57766304720746,32.5335496535219,32.32897022054223,32.80861612332294,32.82689426930777,32.965915028930056,32.984290550104845,32.485882132482665,32.261323168899075,32.616578293408445,31.655450415108863,31.407934055150506,31.304315090664428,32.028072715196274,32.030577382409525,31.463521839403708,31.238469161567366,31.57766304720746,31.23679856024997,31.86634202342122,31.864952675727235,30.83864020137274,30.14992675267332,29.73497157057841,29.532198310352687,29.805574080919442,29.772951231889827,30.752978297190513,30.172221877452145,29.887118968873477,30.046292657473852,2022-09-13,35.166666666666664,34.71666666666666,33.583333333333336,31.191666666666666,test
2022-09-21,32.55376320765446,31.981729954375027,31.610671236077255,30.76830346610164,32.207628668764265,32.55376320765446,31.610671236077255,31.368583309219414,31.267677457819886,31.97805534370767,31.981729954375027,31.427263195057566,31.20630411724714,31.540114308978694,31.20779352929681,31.826808108497534,31.82653121027487,30.82131710499058,30.14717277495827,29.739179721425455,29.540275079957983,29.808733223250012,29.776409485965594,30.736320816875526,30.165516673810465,29.884425231770653,30.03654358809956,29.96831782796089,30.203545650025063,29.549508755498756,29.90641907736717,30.76830346610164,29.90292849320759,28.7200406426109,2022-09-20,35.166666666666664,34.71666666666666,33.583333333333336,30.808333333333334,test
2022-09-28,31.877890265458262,31.59129925241427,30.870871470615764,29.92691331286351,31.475581581504056,31.25580816551766,31.59129925241427,31.261521074587353,31.877890265458262,31.874703068429213,30.870871470615764,30.190204198193083,29.782247215271916,29.585310164485787,29.852620563869912,29.818781324214278,30.77122658110571,30.19942135942626,29.90983513169511,30.05966757564859,29.992920892796437,30.22736480259058,29.574564179914905,29.92691331286351,30.78342801255686,29.912744201955874,28.733642650442242,28.571326930000193,28.91464285319672,28.948691309245746,28.523034771965484,27.85198687717203,27.38626648181733,27.40019393646768,2022-09-27,34.71666666666666,33.583333333333336,32.300000000000004,28.433333333333334,test
2022-10-01,31.896122827997758,31.27662407281463,30.225659290694644,29.85493615125058,31.27662407281463,31.896122827997758,31.8925670754148,30.88203463607297,30.197986194133858,29.788665307149667,29.590572501662905,29.85493615125058,29.819132206947078,30.77635696772988,30.19996126687382,29.909087713287494,30.060935423069186,29.9939873299712,30.225659290694644,29.56764014868054,29.921843109268426,30.783697181232952,29.90928173662088,28.725223143579,28.563539613604927,28.906267859095234,28.940932616362495,28.51383130009719,27.840122503838558,27.37467349213002,27.392475793152283,27.041217061876882,25.860241202307318,25.804141768729565,2022-09-30,34.49166666666667,32.88333333333333,30.808333333333334,27.649999999999995,test
2022-10-07,30.845344390054176,30.274518538705877,29.961431665108925,28.941721062325485,29.61482448356439,29.889229361624157,29.848580708963322,30.827595585126634,30.239072581374607,29.94239068078337,30.10106379408456,30.033142985254077,30.274518538705877,29.598171409328412,29.961431665108925,30.845344390054176,29.953374972888227,28.74743215287112,28.584609286469824,28.941721062325485,28.97612253355466,28.542517554145807,27.858075378156112,27.386663349859944,27.412201300987807,27.057499146752658,25.85794621086852,25.80116278017705,25.729911532635736,26.06427596784803,25.837221670110548,25.384217957480722,25.542857177761586,24.927052645281524,2022-10-06,31.858333333333334,28.783333333333335,28.433333333333334,27.191666666666663,test
2022-10-14,30.709533266771725,29.94869672413139,28.894950815996417,27.02512318376437,29.94869672413139,30.17449755353503,29.528251588368217,29.870726469418386,30.709533266771725,29.85283425763981,28.69116264316504,28.52972232677801,28.864881788765942,28.894950815996417,28.476407842682253,27.818598773218476,27.361046772654394,27.371409358161465,27.02512318376437,25.87443684951092,25.815612909264452,25.74055115932909,26.05205904231212,25.825710823250535,25.37833624465662,25.51999128595395,24.924570781871537,24.98898298011346,24.79459929844741,24.990859384052346,24.92934728879104,24.709899121942957,24.762879828070822,24.45767253063491,2022-10-13,31.858333333333334,28.716666666666665,27.633333333333336,26.441666666666666,test
2022-10-21,28.863985177280473,28.481482463086117,27.32260130816064,25.361241070874176,28.481482463086117,28.825771390197435,28.863985177280473,28.440920855320257,27.77867389717403,27.32260130816064,27.339806424015617,26.993762052594146,25.83742280781648,25.786859605518917,25.711728588799808,26.029696273568035,25.807258842599825,25.361241070874176,25.507629099427817,24.911447412158214,24.983982539012995,24.78647536179196,24.98596428380157,24.928022079424903,24.71015674348461,24.764562189412434,24.4594080857612,24.370050216997747,24.313897364659834,23.968494238941094,23.223219494506118,23.031138982934642,23.14593623208264,23.2850184162561,2022-10-20,29.108333333333334,27.641666666666666,26.70909090909091,25.224999999999998,test
2022-10-28,26.930612457176174,25.785036984304888,25.46080136714343,24.678256026877502,26.930612457176174,25.785036984304888,25.736374472821687,25.661535875355906,25.982750822287457,25.761702690173053,25.31826350428331,25.46080136714343,24.872164020453432,24.94623396616901,24.750140681634495,24.95370224609383,24.895695963186775,24.678256026877502,24.72871665402633,24.428073039318697,24.340275160940372,24.28324746436591,23.94442390621149,23.20253647223578,23.00918901183594,23.1180941412095,23.257023048008797,23.07771619116972,22.045840450618048,21.640971604701114,21.48985157472552,20.875021212336016,21.526922249100622,21.9851921382137,2022-10-27,28.466666666666665,27.633333333333336,25.733333333333334,24.391666666666666,test
2022-11-01,26.02911571986975,25.506941387313606,24.938186463590302,23.97969004982526,26.02911571986975,25.807588857929375,25.362115030208237,25.506941387313606,24.917228760836405,24.989677138999976,24.791660826343946,24.99660021779675,24.938186463590302,24.719276141493125,24.77069174402689,24.470161720125656,24.37922050237808,24.320787665175295,23.97969004982526,23.232985141015426,23.038372842064515,23.148787376790178,23.29091629593191,23.108300771797605,22.069356230222773,21.66238301126749,21.510837205699318,20.892771205026722,21.550351394984506,22.014585611735797,22.665721553881983,22.736775295782966,22.04172075834491,21.777616494576517,2022-10-31,28.008333333333336,25.766666666666666,25.224999999999998,23.975000000000005,test
2022-11-07,24.9560748503302,24.758400956823397,24.341182444557937,22.69673798681159,24.758400956823397,24.9560748503302,24.895662631707783,24.67785931645053,24.727224836217456,24.430503254962886,24.341182444557937,24.28192068476228,23.943648696532296,23.207332041501306,23.01378710413622,23.121352995671206,23.259730707825387,23.080224908679913,22.057106072729802,21.65373964595678,21.50187146320139,20.891607691414237,21.53628419787299,21.99053408270987,22.629702922588532,22.69673798681159,22.009529584163392,21.746343812514322,21.957024789363377,21.9389486318935,22.2940726883286,21.94250656817086,20.64022800702364,19.359772923475855,2022-11-06,28.008333333333336,25.483333333333334,24.25833333333333,22.749999999999996,test
2022-11-14,24.298330325480133,23.27931613808996,22.9983285322239,22.01212191609011,24.298330325480133,23.947410676960047,23.18568703338749,22.9983285322239,23.124346334759714,23.27931613808996,23.094906972846186,22.024401845541146,21.60528745809863,21.45871279684094,20.83303236665513,21.52419587846596,22.01141617828981,22.688155350231316,22.764304400987665,22.04606041113834,21.781752931940975,22.01910568510062,22.01212191609011,22.394129046086398,22.02747554584832,20.6618596466305,19.318367704408928,19.25802228516384,19.89283284018094,19.30700247945499,19.08197349789954,19.216722911877373,18.926531148159246,18.22247544172355,2022-11-13,28.008333333333336,25.25,23.275000000000002,22.03333333333333,test
2022-11-21,22.74560951868816,22.36512609528539,22.004737930787815,20.657340179100643,22.03336707979348,21.615598856584455,21.46860137052358,20.849252249738267,21.528381181366296,22.00694089025699,22.67378905702832,22.74560951868816,22.032976756980233,21.769602065873066,21.999016054633987,21.990599474301625,22.36512609528539,22.004737930787815,20.657340179100643,19.329056065555136,19.266093892609124,19.886400963134378,19.30819511986217,19.0852655588798,19.21828025764212,18.92923791610662,18.23033717416633,18.07105071099115,18.318167392179458,18.276633724179966,18.25108532679612,18.87448189818323,19.33348445530152,19.481038135783884,2022-11-20,28.008333333333336,23.275000000000002,23.07272727272727,22.03333333333333,test
2022-11-28,22.768000365591995,22.04947765287143,21.785813260941495,19.219354706686243,22.768000365591995,22.04947765287143,21.785813260941495,22.010741251569595,22.00030602863179,22.370751907531908,22.009487211162092,20.67067771026938,19.337378541667892,19.274706900715554,19.891131113508028,19.312129371568048,19.086435353025124,19.219354706686243,18.939403755561422,18.236222644592427,18.078328605820328,18.322764992794717,18.281076568555726,18.253496719948302,18.877266418435244,19.34556879072617,19.488865626550364,18.70354495963387,18.34599840933602,17.66255088671713,17.026681233015534,17.240881751005947,17.37291419741863,17.742598312705596,2022-11-27,23.24166666666667,23.191666666666663,22.636363636363637,21.40833333333333,test
2022-12-01,22.33978881523643,21.983191573179006,19.46542838186028,18.867531175220982,21.989293885261617,21.97639966587977,22.33978881523643,21.983191573179006,20.66182916181221,19.34374543919289,19.281243630899638,19.88481833690513,19.31166392102165,19.087612019940977,19.218332334519005,18.940894861688864,18.24410279497109,18.087889781784284,18.324922170277926,18.28153364735154,18.252874050649112,18.867531175220982,19.32774910747785,19.46542838186028,18.69081577462949,18.33453296063422,17.65863147297039,17.030468276529405,17.24153126325101,17.370440983943006,17.73147905923306,17.741447345335988,17.48794926404104,16.673101491548667,2022-11-30,23.24166666666667,23.191666666666663,22.549999999999997,20.758333333333333,test
2022-12-07,19.888995823239565,19.365902033594207,19.072037389314367,18.208606691506848,19.250684109036566,19.888995823239565,19.29975184092555,19.072037389314367,19.209193854820775,18.925898756436588,18.208606691506848,18.052343341761997,18.30964488245302,18.26993073864428,18.244630089835127,18.883780630562356,19.365902033594207,19.514551329947317,18.715904372790025,18.356857815214763,17.66008143725621,17.011952330247233,17.231609451911993,17.369212198368075,17.749093947902217,17.764218185427296,17.51099855140963,16.668953260680105,16.702236448645913,16.584840466460555,16.725230405358325,16.935286869601157,16.56860348611407,16.4604799197047,2022-12-06,23.24166666666667,23.07272727272727,22.233333333333334,19.34166666666667,test
2022-12-14,19.474382056522877,18.906572101154374,18.34545380548653,17.263455650221573,18.171386137160987,18.39549356865759,18.34545380548653,18.312219655982574,18.906572101154374,19.34910630596867,19.474382056522877,18.70680554361965,18.35020275492569,17.681773452265027,17.06294759600413,17.263455650221573,17.383285889823096,17.72762222757112,17.727247844636864,17.473220143763626,16.672043609832926,16.69797004347841,16.586669489675884,16.71456114188565,16.90517117541307,16.552204695400913,16.44101470946148,16.274265320437397,16.449232443160962,15.806068007130838,15.260717470070428,15.498291485128208,16.28948966736921,15.72927008267683,2022-12-13,23.241666666666664,22.636363636363637,19.908333333333335,17.208333333333336,test
2022-12-21,18.823675515875184,17.80858068985053,17.450982989736506,16.71252886920913,18.823675515875184,18.460423579729472,17.766628838190844,17.121284515873075,17.3261555715268,17.450982989736506,17.80742786005861,17.80858068985053,17.548484680530535,16.71252886920913,16.7376631408912,16.614365132660723,16.745653682790476,16.940064542550193,16.57193062727022,16.460485498864973,16.28706485276521,16.468081345724524,15.789725574190257,15.218522892666066,15.462918110366486,16.290974595925892,15.71161921396079,16.0862853490687,16.016616076223553,16.224789085669954,17.12564534688064,17.1549701059701,16.472106190508306,15.975821244078444,2022-12-20,19.724999999999998,19.34166666666667,17.833333333333332,16.816666666666666,test
2022-12-28,17.814115217595788,17.62541979974158,17.1346063855921,16.574439846855817,17.75288933168512,17.494213844786564,16.669901627486137,16.69348010452986,16.574439846855817,16.700153839416746,16.892673592994573,16.534633050955996,16.424412220173178,16.253554560751184,16.432402560211152,15.769625164977382,15.206472840834781,15.449548709519487,16.268493184860617,15.699275579455202,16.06784309452416,16.000708487659747,16.20953127392105,17.09328560574932,17.12468382201316,16.457998830745048,15.969790262478796,16.376097187722188,17.601340027592013,17.814115217595788,17.1346063855921,17.329857593212964,17.62541979974158,16.954389749768264,2022-12-27,22.058333333333334,20.816666666666666,19.26666666666667,17.216666666666665,test
2023-01-01,17.82994198211782,17.61656329320618,17.106492636476517,16.537292365509376,16.577508175852753,16.703882079291166,16.897363177663188,16.537749403694484,16.42877281914911,16.25864802964466,16.43866650357625,15.775363813264038,15.211642377133444,15.455936783630415,16.275865280058714,15.706915062051747,16.07727152266159,16.010629752254797,16.220539758297356,17.106492636476517,17.138313862186656,16.46907269993275,15.980862713168069,16.388573464850936,17.61656329320618,17.82994198211782,17.14882830597419,17.344370707866172,17.638958560242237,16.967109645479194,16.300856250418384,16.729047502846054,16.93328544187962,16.537292365509376,2022-12-31,25.866666666666664,22.058333333333334,19.724999999999998,17.933333333333334,test
2023-01-07,18.37988143507801,17.647362195123648,17.17742617322004,16.539602213481423,16.443083314818075,15.77696583836977,15.21081378837802,15.45769271422064,16.280183407636603,15.711570281359526,16.083845486510416,16.015714145398924,16.22534885338318,17.11323044722042,17.146659921435653,16.474906512406548,15.986971890701945,16.396400563586692,17.626727282043973,17.83953562577103,17.155045019360497,17.35244869624442,17.647362195123648,16.974981581793926,16.306820369436476,16.73463387303029,16.938149880474192,16.539602213481423,16.18751420229575,16.226043974357502,16.681809270282756,17.17742617322004,17.643513485770043,18.37988143507801,2023-01-06,25.866666666666664,22.058333333333334,19.724999999999998,17.933333333333334,test
2023-01-14,18.39070367731987,18.200842227208764,17.703283735946894,17.174388246362852,16.044561012090824,16.255168402329513,17.140292042937602,17.174388246362852,16.499887963908385,16.009589156494506,16.41723584250164,17.648789090627663,17.861907577399116,17.171671217354938,17.369713997041313,17.663324865667395,16.988375048496017,16.31698214352937,16.745181334431898,16.94958336793804,16.546468988575757,16.19497845329548,16.232721890761766,16.688711122805817,17.18398637458427,17.65156496961676,18.39070367731987,17.622850996835933,18.200842227208764,17.491614975904046,18.36444146544665,17.715308877365565,17.830646396863667,17.703283735946894,2023-01-13,25.866666666666664,22.058333333333334,19.724999999999998,17.833333333333332,test
2023-01-21,19.594268840576802,18.581180418051257,18.338637921251536,17.666614958927088,17.666614958927088,17.87823413778134,17.200240193083257,17.394308745361734,17.681952912865146,17.01848153248334,16.360606970279534,16.77206009208283,16.97276738937431,16.573787308382542,16.228346619609244,16.264375338649,16.70719605928191,17.191091100465517,17.641425334908334,18.366392446994425,17.611760629851577,18.177947873121315,17.485120701221412,18.338637921251536,17.705416289787635,17.814306573620307,17.69469005830377,18.482333393426515,18.699601590905626,18.39173520572939,17.160607711413093,17.98541477607271,18.581180418051257,19.594268840576802,2023-01-20,25.866666666666664,20.941666666666666,19.641666666666666,15.674999999999999,test
2023-01-28,20.09065928318662,19.777711300114174,18.99340210606254,18.202469475904884,16.841440938443412,17.039653678178517,16.643510987263355,16.296797131429486,16.32709973123795,16.762174054256587,17.24289511495821,17.680138898840433,18.396473136914278,17.645139155802404,18.202469475904884,17.50818506379686,18.35108002180855,17.722885861978167,17.822196624309242,17.70147235667639,18.484150133376094,18.697691403733874,18.388877161929845,17.164834652407976,17.98840253331703,18.575109183425994,19.58325911818525,18.67374943657112,19.360444199112663,18.99340210606254,19.302307124402844,20.09065928318662,19.876327079083392,19.777711300114174,2023-01-27,25.866666666666664,20.125,18.308333333333334,15.674999999999999,test
2023-02-01,20.29163284840369,20.10993138342863,19.774101401962323,18.51847296311384,16.34403853818591,16.794019226718618,17.28881866242473,17.74727004648994,18.474563592357832,17.690315498191833,18.258480512725942,17.53728736606425,18.406963467563028,17.75160728791839,17.858045171596203,17.716827633333118,18.51847296311384,18.729040087648052,18.40528783894814,17.1341829998756,17.98041785505216,18.590496666988738,19.617158871333483,18.666914204034338,19.367166097373975,18.983339876445108,19.2994251245879,20.10993138342863,19.891835000213757,19.774101401962323,19.843745988175247,20.176522343536703,20.030830451161396,20.29163284840369,2023-01-31,30.474999999999998,26.933333333333334,18.491666666666667,16.958333333333332,test
2023-02-07,24.83832608395749,22.874953620110187,20.279173507270038,19.346824028747353,18.180771706122915,17.481248826750363,18.327256570636123,17.694950191798217,17.80267196074397,17.67423774681627,18.45838103379773,18.67381896423196,18.364578719225353,17.13064680964843,17.96242787428203,18.562738544505628,19.572818894685263,18.653794951746693,19.346824028747353,18.979694159466586,19.290287973512374,20.086821605462372,19.88025973162468,19.775275374803968,19.84678619302071,20.17991132560318,20.041837478373083,20.295666229644056,21.165208105146295,20.279173507270038,21.373049645602418,22.874953620110187,23.501247304776626,24.83832608395749,2023-02-06,33.25833333333333,28.75,25.150000000000002,18.25,test
2023-02-14,24.86172977569649,22.883954179359566,21.70421025651984,20.14938821625603,18.55039411141681,18.2390082499465,16.999703930977017,17.848573582431438,18.460344479242902,19.485539605902133,18.562820991234346,19.268335930622204,18.9013260247272,19.225138539741,20.03943306132471,19.835793809394186,19.733179689664727,19.810042447859548,20.14938821625603,20.0107924699071,20.2735016505289,21.15733837259596,20.262275362774005,21.366454488826157,22.883954179359566,23.514442021029666,24.86172977569649,21.996416412692472,21.34911912414387,22.098904592419355,21.971858266252685,21.70421025651984,21.459484547165083,20.856737733049656,2023-02-13,33.25833333333333,28.75,26.383333333333336,19.99166666666667,test
2023-02-21,24.913454442543795,23.278393071084228,22.00372375286103,21.15296755068914,19.230169439309595,18.85430166596138,19.18850943969996,20.017722745238327,19.81036464693071,19.704194675942578,19.780570958695915,20.12197842962091,19.979460581555752,20.25233170196587,21.15296755068914,20.242700042948695,21.36461779337007,22.906818068140808,23.54444063907728,24.913454442543795,22.00372375286103,21.346214720052913,22.10876949056979,21.977397724412253,21.702663238675022,21.44898151635252,20.833135855429475,19.2721756512494,19.47164557446668,20.179493883413844,21.374567462142945,21.96881296114602,22.95741264046483,23.278393071084228,2023-02-20,33.25833333333333,28.75,26.383333333333336,20.508333333333336,test
2023-02-28,24.797644482147703,23.540662513606208,23.244167924806586,21.98513311340022,20.13223593217107,20.002256790862287,20.267465232778214,21.141024557555976,20.270624855524538,21.364007121325262,22.861963177680884,23.473066791315254,24.797644482147703,21.98997543965137,21.357298551448633,22.096794635867333,21.978062531979724,21.720468868668128,21.46900438861164,20.87665479998577,19.367583863662137,19.559637296700835,20.24507413373787,21.40486379979107,21.98513311340022,22.932116797301926,23.244167924806586,23.81581419111096,23.416701060799042,22.48666124118561,23.540662513606208,22.304742627091343,22.59422779047664,23.24660110291948,2023-02-27,33.25833333333333,28.75,26.799999999999997,22.900000000000002,test
2023-03-01,24.8296321196851,23.54737397722294,23.252106330677194,22.013490950358065,20.028627679390866,20.29438604683524,21.169599777696455,20.296117592384388,21.391107886719794,22.891652713499703,23.510491121456326,24.8296321196851,22.013490950358065,21.377600064245414,22.117301679579985,21.99636099577345,21.73630601569428,21.489993759931608,20.88708535696615,19.372862310286717,19.56396774263482,20.24977177518654,21.411085758134433,21.991621752145672,22.947523676894743,23.252116395486446,23.82480582017127,23.424115202272286,22.491203260694554,23.54737397722294,22.307947736940868,22.60551774139414,23.252106330677194,22.661404585307714,2023-02-28,33.25833333333333,28.75,26.383333333333336,22.175,test
2023-03-07,25.157997536595857,24.18013739207275,23.821312329191787,22.698403571929813,23.621138694078027,24.91469841243599,22.157955108406277,21.523477554575454,22.24190384547016,22.125117612851795,21.85089402457201,21.600064932252597,21.010479696102916,19.520734023666076,19.690950201182076,20.3552937988516,21.49096317273825,22.039365673208437,22.96582667400619,23.26706937074163,23.821312329191787,23.420399397402857,22.51158018185511,23.553128984583935,22.333112526316544,22.626053216504797,23.270914437664157,22.698403571929813,24.18013739207275,23.89903030658772,23.30682661168077,24.068618812926882,24.001082641320476,25.157997536595857,2023-03-06,31.71666666666667,27.724999999999998,24.400000000000002,21.23333333333333,test
2023-03-14,27.22929386116564,26.434637170924812,24.688064308421488,23.42995979075044,21.611951175396616,21.024227729567798,19.549295872745425,19.7235589872099,20.387657447342324,21.517342138150052,22.061124943452793,22.973975246881462,23.269886418712844,23.82436202796282,23.42995979075044,22.529983474862224,23.565214615667184,22.35126491747116,22.634122269996805,23.27105197902781,22.705902062029484,24.18199120609212,23.905899859259303,23.31838854635132,24.074020118270013,23.99950200937964,25.146074648945888,26.572446773654278,27.22929386116564,26.434637170924812,24.595671029113582,24.688064308421488,26.142916668042854,25.146408506026123,2023-03-13,34.59166666666667,32.49166666666667,27.724999999999998,21.675,test
2023-03-21,28.790957064934986,27.307315348850207,26.469368530081006,24.546584358746202,22.94914556039469,23.25523661052691,23.840131020037038,23.433123104173674,22.491965262672313,23.55525458758768,22.288821882727238,22.58353647043965,23.240959730814627,22.66229109721746,24.191835680103228,23.894400525224178,23.27173844576943,24.044105343691598,23.96480575912601,25.147269650880112,26.630312317900582,27.307315348850207,26.469368530081006,24.546584358746202,24.629090038693864,26.133798633129814,25.092781166717735,25.011882205096025,26.10159109207785,26.58800905179687,26.467744128265796,26.583498716388007,28.413060210739022,28.790957064934986,2023-03-20,34.59166666666667,32.833333333333336,31.41666666666666,23.625,test
2023-03-28,28.7745881698045,28.395553238570262,27.67195109995433,26.447439125945664,22.541119375240356,23.200155554677384,22.629572317110874,24.158715110377017,23.861749065446062,23.24287704185158,24.017842529925264,23.937891205689606,25.11994280536095,26.599365418042744,27.28157116699181,26.447439125945664,24.53604032790907,24.624694578616317,26.118187753723213,25.089002264718896,25.01247216349281,26.103167619457288,26.58348404945498,26.461664552166617,26.58128574270045,28.395553238570262,28.7745881698045,28.16426886115085,27.72380592170064,28.626122924212584,27.67195109995433,27.162422707576837,27.945960772653326,27.614326301831404,2023-03-27,34.59166666666667,32.833333333333336,31.41666666666666,25.358333333333334,test
2023-04-01,29.391604351290983,29.21581723310502,28.13010924794341,26.550139570556933,23.786958936503943,23.170112393089877,23.945131665437515,23.869126063786833,25.04656149687268,26.521406473801033,27.204431311482956,26.383492035446764,24.479207967543267,24.57156235476378,26.068191920897718,25.03997662246597,24.962829363088684,26.05430547566757,26.545684269866815,26.427536991451216,26.550139570556933,28.365877197659703,28.741880238588465,28.13010924794341,27.691101560852236,28.60138608656965,27.64988773860057,27.14185455211572,27.926039161913373,27.589981228740214,29.391604351290983,29.21581723310502,29.334744878316513,27.621369628214463,2023-03-31,34.59166666666667,32.833333333333336,31.41666666666666,25.666666666666668,test
2023-04-07,30.879177504225716,29.608565629536688,29.204795917852206,27.705226117936366,27.155612522031973,26.36347234980742,24.535919547612718,24.636893724258538,26.096333004291523,25.09504327569844,25.02107276122108,26.088279157716027,26.56550693603745,26.466207857708604,26.594166896107737,28.360401851414696,28.717206385604076,28.12298005584829,27.705226117936366,28.586294781627533,27.677812584990225,27.193227944185324,27.958766852488772,27.624695382281207,29.36794258258078,29.204795917852206,29.31905219240799,27.672592852057754,28.686406492034997,29.10179374926405,29.608565629536688,30.879177504225716,29.558939132599267,30.12119631169958,2023-04-06,36.93333333333334,34.449999999999996,32.49166666666667,26.466666666666665,test
2023-04-14,31.000472880194213,30.270610420380198,29.591161561284586,28.67286038370454,26.068714287951618,26.5608278208047,26.435099381526122,26.553937938896944,28.41755590334454,28.78728460095507,28.148870742002277,27.703255737926895,28.63552240564635,27.648959845946354,27.11766516367515,27.914534746939445,27.549329391279375,29.423263088166703,29.255498417127587,29.36943164227717,27.59467642231943,28.67286038370454,29.095860659112134,29.633314811069596,31.000472880194213,29.591161561284586,30.184364372144767,30.415787601718776,29.120826561864693,29.486290330602827,30.270610420380198,28.509166985101132,27.930103674269652,30.178737831192173,2023-04-13,36.93333333333334,34.40833333333333,31.058333333333334,26.416666666666668,test
2023-04-21,32.24697732660333,31.806938239326776,30.68931594815975,29.519316201229344,27.745236330137253,28.64423710975635,27.7125589050368,27.213025233872926,27.975254020849132,27.628634230845023,29.405084705536854,29.248341057202687,29.363886969890643,27.678211454470603,28.713583664281877,29.118612892968784,29.633695742215416,30.927377366074165,29.58718712392663,30.162016518303236,30.393215250127973,29.16638737388006,29.519316201229344,30.27291857556092,28.583775095577618,28.038790876391452,30.196176707009393,29.88779181072085,30.68931594815975,31.806938239326776,32.24697732660333,32.11904641625341,31.79805856109305,31.01194737893925,2023-04-20,37.46666666666666,35.76666666666667,31.53333333333333,26.416666666666668,test
2023-04-28,33.483790593374806,32.2807929819341,31.72553420095526,30.397387466232068,29.228059348685438,29.34622416012251,27.622892960144185,28.68230145146155,29.095318511929285,29.624917654343797,30.948996611486844,29.57732494731625,30.164491187648462,30.397387466232068,29.14736224906627,29.50627187280395,30.27806697039976,28.556295275386088,27.994521316946535,30.195031193542675,29.875271179468196,30.693461659302557,31.83089279595523,32.2807929819341,32.150699919130204,31.81598000601329,31.010926835039452,31.295356266358908,31.72553420095526,31.574104909220765,31.411185308615018,31.357594483010523,32.40444687886678,33.483790593374806,2023-04-27,37.46666666666666,35.76666666666667,33.95833333333333,30.033333333333335,test
2023-05-01,33.417771006504424,32.22274886594665,31.776384172780276,30.983851204070163,28.586934102210122,28.99497211168251,29.51774978910514,30.81672246860187,29.47285486428918,30.054049811236993,30.295130325008973,29.085154038460654,29.44419813961333,30.207595193181824,28.526259475691845,27.977653953667936,30.140226392060026,29.84056174231179,30.65590491037201,31.776384172780276,32.22274886594665,32.0978234694217,31.768508524722634,30.983851204070163,31.271828734119524,31.70270521025381,31.55619040584701,31.39751566693488,31.3426198176908,32.36155445517112,33.417771006504424,31.657547540298665,32.133518435538384,32.15868556132495,2023-04-30,37.46666666666666,35.76666666666667,33.95833333333333,30.525000000000002,test
2023-05-07,33.383214460790654,33.02074367676779,32.19819969209472,31.609555527163625,30.279450302966676,29.103965345047026,29.458512797191613,30.20637243744756,28.57909410656329,28.05541969182955,30.15123934452429,29.87200442403961,30.66497942862913,31.759208130617694,32.19819969209472,32.08279882432535,31.77107213758886,31.000739387861245,31.291100893776854,31.708627874292365,31.569475966065053,31.418448187606636,31.369179774295215,32.366050934736066,33.383214460790654,31.680947135217853,32.14069059731806,32.16696723778142,31.585960786805508,31.609555527163625,32.29861115020335,32.83335262535354,33.10081891486932,33.02074367676779,2023-05-06,41.050000000000004,37.449999999999996,34.13333333333333,30.933333333333334,test
2023-05-14,33.478707751920815,33.12384562994442,32.831841272836016,32.06359998846207,29.80936938007113,30.6140067138872,31.724872095888244,32.17528724890847,32.06359998846207,31.742303871088954,30.955388210377308,31.247100203128817,31.671817967115423,31.532715908590298,31.38529743990452,31.340873517663937,32.346405899592554,33.37169743497163,31.642723207251265,32.10974636830348,32.13773186846388,31.553584310062842,31.582161081347042,32.27463350658157,32.80977339394784,33.07688709143534,32.995530764293186,33.478707751920815,32.41684817889622,33.12384562994442,32.831841272836016,32.87943803745442,31.988780989533442,31.766017101010377,2023-05-13,41.050000000000004,37.449999999999996,34.800000000000004,31.53333333333333,test
2023-05-21,34.12726793639466,33.404894425009864,33.04006417397873,32.37167147406526,31.16427946700562,31.597182576080485,31.4582696790896,31.30395096373709,31.251265785333864,32.27985082665949,33.33075795640891,31.561428723817556,32.041197505739106,32.07678339458755,31.47771949602633,31.50237304177775,32.21214984981652,32.76226877607051,33.04006417397873,32.95838978769908,33.46069927075188,32.37167147406526,33.090934865976195,32.79045445088674,32.83930429554793,31.928546209404384,31.699827311144222,31.995554855367836,32.65536125696957,32.43721928753794,33.07303674872021,32.64918096934182,33.404894425009864,34.12726793639466,2023-05-20,41.050000000000004,37.449999999999996,34.13333333333333,31.40833333333333,test
2023-05-28,34.364686734334526,34.15343069780295,33.90709418612117,32.88236191707177,31.605168987399022,32.09355255312262,32.12479865276334,31.516565357706003,31.536813867389355,32.25819714735015,32.81849955484864,33.09686009286949,33.013189567340945,33.519763954891076,32.412375335447706,33.14019532345881,32.832548234444545,32.88236191707177,31.95018932860584,31.716985476663705,32.013447889130525,32.68789973730712,32.46127597551798,33.10789991357306,32.67674337258176,33.44273679471842,34.17901386578698,34.364686734334526,33.96161790609233,34.09291301748027,33.90709418612117,33.7291827253016,33.99280725244167,34.15343069780295,2023-05-27,41.050000000000004,37.449999999999996,34.05833333333333,31.90833333333333,test
2023-06-01,34.774466202865355,34.335501207072,34.089986282110516,33.11867098749863,31.523175136245005,32.236094862912914,32.7906206713585,33.06610103301588,32.98445759059959,33.4883371718634,32.400370643738306,33.11867098749863,32.817859963581576,32.869913240162525,31.952360480839964,31.723884212144476,32.020989465868084,32.69054962774147,32.467580199739444,33.10770194875906,32.68501473200361,33.4416314966578,34.16849413949184,34.35538682437011,33.961180985142164,34.089986282110516,33.90783394831898,33.73353968948305,33.99331786918766,34.151069894995175,34.774466202865355,34.335501207072,34.17478690000361,33.54242420174098,2023-05-31,41.050000000000004,37.449999999999996,34.05833333333333,32.3,test
2023-06-07,34.77285317593436,34.41961379894806,34.16443084053986,33.70516898444903,32.40426665787342,33.14154958353897,32.83472584288281,32.874878547924666,31.931170810951897,31.692877076953593,31.993368151411893,32.67631026672141,32.45384917552978,33.10676227408341,32.66338870779909,33.427573637652124,34.16443084053986,34.35376972024682,33.95343097696407,34.09121843711546,33.907353412065206,33.71900246619554,33.978357969920395,34.13668977313409,34.77285317593436,34.32853184626422,34.17264684845884,33.53111096620141,33.70516898444903,33.97970326438736,34.41961379894806,34.513756207479155,33.59449791129651,33.360738065779955,2023-06-06,38.300000000000004,35.708333333333336,34.266666666666666,32.875,test
2023-06-14,35.4755801399064,35.00204529069764,34.52983021506961,34.0949012783404,32.69888234289902,32.48284513191965,33.12287692767387,32.68675342023161,33.43835883324145,34.160646247255606,34.344100942388344,33.95876815714979,34.0949012783404,33.91904721123419,33.732203257407846,33.99156960130334,34.14958186667832,34.76908046167721,34.340773515375616,34.19018725660462,33.567484808149864,33.73386142090548,34.007566946463605,34.4397818602504,34.52983021506961,33.63748978063925,33.410277488058746,33.677054256959224,34.14823426531915,34.68168935063979,35.00204529069764,35.31472538537169,35.4755801399064,34.90354661576763,2023-06-13,38.300000000000004,36.791666666666664,34.266666666666666,33.00833333333333,test
2023-06-21,35.41903419476345,35.007468525747974,34.78103530952482,34.376362992516285,33.868197669215526,34.00355796254734,33.836339708412105,33.659656931290556,33.90924482508472,34.06651342078978,34.681132778244205,34.265001037683945,34.11890733539097,33.511934732043265,33.684445653366794,33.94855598337003,34.376362992516285,34.46835460381605,33.593822257344144,33.371216554824564,33.640553330491755,34.11233710531728,34.63107817802133,34.9467632131323,35.25650756279638,35.41903419476345,34.85429562516691,34.389256559331926,34.39181426434053,35.007468525747974,34.86471625653635,34.76918583556317,34.78103530952482,34.74905003482848,2023-06-20,39.075,37.86666666666666,37.0,33.641666666666666,test
2023-06-28,36.03186309534797,35.545276493130615,35.19275210289398,34.73841416027804,34.236775446782275,34.089416692644626,33.47435357374067,33.65094324619692,33.91951462284025,34.35283214131748,34.4469715495243,33.55963227101758,33.33556610425965,33.611245137267105,34.09230434391005,34.619760519648395,34.93924460776342,35.254326935968535,35.41978112109367,34.84759944452064,34.37661404899559,34.380130031727795,35.00487790034782,34.857544405003786,34.75973778098083,34.77084471305742,34.73841416027804,34.71565627440599,35.15348686307581,35.19275210289398,35.461729583660144,36.03186309534797,35.9645399273806,35.545276493130615,2023-06-27,39.53333333333334,38.86666666666667,38.325,36.791666666666664,test
2023-07-01,36.03982471816671,35.544429968945906,35.25161844247656,34.839597082949126,33.62549161530547,33.895701958377956,34.33455770900441,34.43022335776365,33.52971420153563,33.30299984857156,33.583921218182205,34.0734641114253,34.60710477781844,34.93131776138458,35.25161844247656,35.41902240645456,34.839597082949126,34.363526085798824,34.36878449472228,35.00083737248242,34.85134565835343,34.75250084187531,34.7628066390326,34.72998537028411,34.70766656283472,35.1525440838841,35.19019575243066,35.46209318157159,36.03982471816671,35.969997878511215,35.544429968945906,34.846906025866076,34.96432637646919,35.357789102013186,2023-06-30,39.53333333333334,38.86666666666667,38.44166666666667,36.87500000000001,test
2023-07-07,36.00720685561448,35.937899680305335,35.442616763838174,35.06536065030565,33.59239555474858,34.0688863636869,34.59032528101592,34.90913989626694,35.22394360262278,35.3855007102685,34.81977038615174,34.35888945148184,34.364898317288635,34.981957574369986,34.84061733634854,34.74827231818682,34.75724018255177,34.722519646712804,34.7024031420856,35.13538832557293,35.174838215260216,35.442616763838174,36.00720685561448,35.937899680305335,35.521113980034606,34.84443688990726,34.95858832010782,35.34288418428199,35.426364180592806,35.746956527613705,35.97857441892128,35.5181519268257,35.06536065030565,35.16479365618888,2023-07-06,39.53333333333334,38.86666666666667,38.44166666666667,37.0,test
2023-07-14,36.03835738706441,35.97111410700272,35.47009995203281,35.09695885345244,34.37263878656983,34.381074735055236,35.0004242933563,34.85818166951232,34.76762975131035,34.77922493115761,34.74783304247365,34.72497611492337,35.16196794674984,35.201991379700864,35.47009995203281,36.03835738706441,35.97111410700272,35.55602077199506,34.87399962710275,34.99053063572501,35.37578787336583,35.458270666383676,35.780984224398814,36.01481812174375,35.55515853606654,35.09695885345244,35.19800156970873,35.43444927836746,35.27544911881657,34.65574230754502,34.43109929482308,34.31786825725945,34.952119083285744,34.77503431500417,2023-07-13,39.53333333333334,38.86666666666667,38.44166666666667,37.06666666666667,test
2023-07-21,36.112434525793546,36.04101607481013,35.55700818765563,35.231346548626455,34.82778363265974,35.257230235721416,35.295686343600515,35.55700818765563,36.112434525793546,36.04101607481013,35.62639910454563,34.94838238414768,35.05870614839068,35.43583607184871,35.512295201193815,35.82429963490744,36.0497381734154,35.59130963498738,35.1350269380134,35.231346548626455,35.46332959940572,35.3035736153632,34.68768869469033,34.46333645986837,34.350028856635866,34.975568988684145,34.80059373644074,34.62338351398709,34.805610627229136,35.12502493905049,35.303510083537496,35.131556530721504,34.92431342458505,35.1248470366824,2023-07-20,39.53333333333334,38.62499999999999,37.78333333333333,36.10833333333333,test
2023-07-28,36.12389091649428,35.661179112960895,35.35431420339624,35.14643522557678,35.03450091365198,35.142780966718036,35.519693751202276,35.593242700815225,35.90137840307568,36.12389091649428,35.661179112960895,35.19698340769676,35.289106020779414,35.51880848872904,35.35431420339624,34.73110621932435,34.50239562293006,34.38636989643436,35.00835806800839,34.82978687554901,34.65088584212527,34.831676823311014,35.14923220673185,35.327407923255144,35.15552268349468,34.945206262740975,35.14643522557678,35.31231130327696,35.054892322701924,35.11945615199326,35.20844826042339,35.03423852351145,34.53042575029811,34.536860674907835,2023-07-27,38.62499999999999,37.56666666666667,36.225,34.90833333333334,test
2023-08-01,36.15921831885924,35.69763426584124,35.33451147250453,35.08010282344808,35.93849610767178,36.15921831885924,35.69763426584124,35.23889112792161,35.32701903332361,35.55268503179923,35.39005312399299,34.76834498917648,34.539522204093196,34.422371382874864,35.043934920690965,34.86252001725316,34.68156780743409,34.86250708310617,35.17694756615908,35.35322377427409,35.18087878909102,34.97483559334502,35.171836677918485,35.33451147250453,35.08010282344808,35.143493164562614,35.23169576795958,35.05767640643412,34.56022842014942,34.563976580980345,34.55592800775678,34.51999501774726,34.5941662299425,34.05985110492611,2023-07-31,37.78333333333333,37.06666666666667,35.73333333333333,34.833333333333336,test
2023-08-07,35.360633307496215,35.309976156615136,35.1450719569252,34.73404381749186,35.360633307496215,34.73404381749186,34.502939531198194,34.384383889553426,35.012354783491986,34.83006416191418,34.647701510710114,34.82961647251977,35.149095390152496,35.327426061584156,35.15317495042014,34.94493651431962,35.1450719569252,35.309976156615136,35.05203161978376,35.11788181783729,35.207276776867104,35.03141076602787,34.52881801882179,34.53380040428941,34.52634531137494,34.489342804163066,34.56629889860586,34.02691315804119,33.57654967689791,33.35478817816394,33.52276936062556,34.046374309030966,33.727229579105895,33.63285332033625,2023-08-06,37.78333333333333,36.891666666666666,35.391666666666666,34.766666666666666,test
2023-08-14,35.35446201171137,35.226849601535505,35.14029271645502,34.55029259426218,34.8667594416044,35.1795727130202,35.35446201171137,35.17966521060121,34.97127400220087,35.169668000878,35.33606476691758,35.07900781410213,35.14029271645502,35.226849601535505,35.05028604230112,34.55029259426218,34.555407409527476,34.551167421848334,34.513043266876416,34.58549808095836,34.04954307722019,33.60136558685038,33.37975504123025,33.54656693904575,34.068540246157845,33.751251201448184,33.65426781537068,33.35095909309253,33.24390701974965,33.27119810755754,33.08950221767201,33.487925998286,33.750614232115325,34.05117146777192,2023-08-13,41.36666666666667,37.525,35.73333333333333,34.775,test
2023-08-21,35.20603541167271,35.04573457036005,34.51840922238519,33.62245251012286,35.04573457036005,35.11424955928995,35.20603541167271,35.031209146109866,34.51840320546976,34.525170415709,34.51840922238519,34.47962908980756,34.56025934873181,34.01153380528018,33.55756495485578,33.33203140162776,33.505883433691636,34.04159501417343,33.71582941283743,33.62245251012286,33.31378477726361,33.21155436090161,33.24273416087007,33.05799118549567,33.46672527508831,33.738459453749975,34.05462383291367,33.262594118156194,32.36302228273055,32.28786298108768,32.78946110506925,32.88899965691177,32.929771871605055,32.918310692370994,2023-08-20,41.36666666666667,37.525,35.73333333333333,34.03333333333333,test
2023-08-28,34.56911677128512,34.0799377366657,33.71910597830313,33.24939787132247,34.484820808705756,34.56911677128512,34.014771727918,33.55555724102649,33.32784948498178,33.50537390929096,34.049047397023706,33.71910597830313,33.62746751044331,33.31747497684553,33.215939078443455,33.24939787132247,33.063427551216925,33.4786471108386,33.75558357303745,34.0799377366657,33.27945875259135,32.36861900703584,32.2941110699387,32.80472572626931,32.905870324648504,32.94805981166062,32.93946561431177,32.43671149133318,32.12480857827863,32.60080905252254,31.715140592328158,31.561323474282304,31.369519213530673,32.047220629600204,2023-08-27,41.36666666666667,37.525,35.475,33.283333333333324,test
2023-09-01,34.060941807847215,33.749746842049504,33.48441825754739,32.925421678512976,33.35623927039937,33.52785493151259,34.05844066888609,33.73421490581892,33.64160671582425,33.34071190247494,33.238106018498854,33.2641089891775,33.08032882225922,33.48441825754739,33.749746842049504,34.060941807847215,33.28137562499718,32.38983471170355,32.30995069035804,32.80384325126167,32.90176000583036,32.93836244531388,32.925421678512976,32.43598659861525,32.1280434867195,32.58477154895923,31.719897424288504,31.570435433508237,31.380166327257577,32.03646674789846,32.0209694356184,31.386574327102338,31.289895487702797,31.65066657664066,2023-08-31,41.36666666666667,37.525,35.291666666666664,33.291666666666664,test
2023-09-07,34.06472276851081,33.50653441542341,33.115022841349386,32.34336011248833,33.274747370224105,33.29936323858734,33.115022841349386,33.50653441542341,33.763408657923065,34.06472276851081,33.30328269632178,32.423290252781506,32.34336011248833,32.81829538058429,32.91058436351541,32.94398135577126,32.92912142932557,32.450389563162695,32.1393617175226,32.58286814592873,31.73441751738669,31.586581342541113,31.40001176470038,32.038591473890314,32.02306998189111,31.395319603634235,31.300945104535757,31.648277666393664,31.408519272349768,31.891129830375352,31.85179015532964,30.876911311597564,30.125911321220624,29.844597528875802,2023-09-06,41.36666666666667,36.81666666666666,34.50833333333333,32.74166666666667,test
2023-09-14,33.00033556775034,32.96218493565959,32.465977741476415,31.671676137015403,32.465977741476415,32.38789368589389,32.87207114799891,32.96218493565959,33.00033556775034,32.98386256591129,32.48299509113034,32.17585887532008,32.63795543695972,31.753898803017297,31.595631322040322,31.40653895547558,32.06579932835735,32.044363163241634,31.41088562941013,31.318351550872002,31.671676137015403,31.420174918054983,31.924664128439147,31.885449240386308,30.87481509089297,30.11637599261461,29.83313456573428,29.659593717119453,29.98377529564739,29.84683580668315,30.7341307518071,30.139724581844074,29.758533275608542,30.016425151434667,2023-09-13,35.225,33.875,33.225,31.63333333333333,test
2023-09-21,32.6250884863211,32.054675256382275,31.7338781963125,30.73634445567021,32.15648151335023,32.6250884863211,31.7338781963125,31.575496861491462,31.38776704293711,32.054675256382275,32.03399164149591,31.39820345032894,31.307223605881585,31.66535820776452,31.412931248865604,31.92534253924653,31.88699076891776,30.867465906692686,30.105214203181717,29.82133573039974,29.647167362361177,29.97544087590447,29.839847242481518,30.73634445567021,30.136546766332376,29.75470135639753,30.016717209387508,29.96849627565586,30.263556423856876,29.518830977532375,29.826395487087236,30.637923626188535,29.68898183222901,28.64844324067352,2023-09-20,35.225,33.875,32.975,29.09166666666667,test
2023-09-28,31.93122519450898,31.678146370030632,30.882708835940896,29.96186488278806,31.41621282367969,31.32591555634909,31.678146370030632,31.42809940533845,31.93122519450898,31.890544256132223,30.882708835940896,30.1249552979875,29.843432615155088,29.67023688775748,29.99109156219048,29.85504637986051,30.734311835176836,30.13919436274208,29.75556361100219,30.011292231804767,29.96186488278806,30.249856775171203,29.513836219323895,29.813137528158038,30.608270828940455,29.6663844509975,28.63956641124128,28.505836668322317,28.9090068717469,28.849902582311785,28.405057123892675,27.728865358109438,27.191071508163493,27.332782268201818,2023-09-27,35.225,35.04166666666667,31.683333333333326,29.09166666666667,test
2023-10-01,31.971997465203092,31.461387426618412,30.26457443245865,29.82337187265853,31.461387426618412,31.971997465203092,31.931093318725903,30.908659158678415,30.144935844569062,29.858701203028208,29.67940057122162,30.002080622173395,29.86325021818851,30.755407846788152,30.151618738809145,29.76769633357918,30.027123533839948,29.97418889182558,30.26457443245865,29.518208162361375,29.82337187265853,30.632164487970083,29.68363950655328,28.643572389820513,28.50719815275209,28.916608353579083,28.859305879846044,28.41138170562312,27.729048789123677,27.19243895619234,27.33986921704748,27.02838144912735,25.9558712350346,25.81780488887608,2023-09-30,35.21818181818182,32.75454545454546,30.8,28.775000000000002,test
2023-10-07,30.71572742717315,30.246156746115524,29.953690040082776,28.86181984551726,29.63050292890001,29.953828665581614,29.814678600253913,30.71572742717315,30.115565642396366,29.739032490873,30.00232276789882,29.953690040082776,30.246156746115524,29.497825931467318,29.80988705408143,30.62908083739163,29.685169187729553,28.64237909096528,28.508924766279474,28.91960079611953,28.86181984551726,28.415355907923086,27.734359915341397,27.201896011186342,27.3495950865931,27.037686499512247,25.957084578997453,25.81569676636488,25.720403364048906,26.0203008474571,25.722892073098773,25.40933829957701,25.58825791748643,25.064840288232904,2023-10-06,35.21818181818182,32.75454545454546,30.8,29.266666666666666,test
2023-10-14,30.57905806852115,29.90261310815322,28.88102533332089,27.00967206904032,29.90261310815322,30.196579769533976,29.44791896784591,29.7593495293226,30.57905806852115,29.639410383881966,28.59883474528659,28.4680366521879,28.88102533332089,28.822780027840267,28.377288282417098,27.699197190266446,27.17062637127723,27.318916614608774,27.00967206904032,25.932961647913384,25.79062466068119,25.695077983284857,25.99567113297594,25.70083488152217,25.38739800373735,25.56716591063117,25.045704134415157,25.022064868737793,24.7996442616628,24.976367033290334,24.838867392129654,24.745715194915334,24.826623387332084,24.58787764820733,2023-10-13,35.21818181818182,32.75454545454546,30.036363636363635,29.318181818181817,test
2023-10-21,28.822022129550906,28.422902658944228,27.145474672990687,25.394554922765092,28.422902658944228,28.822022129550906,28.76313052457696,28.327587903790338,27.663081781328284,27.145474672990687,27.289390529230857,26.984925353217328,25.93672238005274,25.79703422010845,25.702466443943116,25.990018091369908,25.699798931739416,25.394554922765092,25.565121181780373,25.05608233370446,25.030813974187417,24.811652267343366,24.977338903518394,24.838539446631806,24.745810654065977,24.818491975101647,24.582578418173163,24.392000177654545,24.301869294286,23.932719167108175,23.122245248059937,23.049990256409945,23.17823249427168,23.371413336017124,2023-10-20,35.21818181818182,32.75454545454546,30.363636363636363,29.527272727272724,test
2023-10-28,27.105117132053124,26.068214807258233,25.652212909091475,24.797474959537517,27.105117132053124,26.068214807258233,25.925016146980447,25.823095560339976,26.10264954244486,25.81012821418256,25.499827896882152,25.652212909091475,25.14332002928834,25.110234488355765,24.883593554835517,25.041850381066347,24.898081738163636,24.797474959537517,24.854375975714742,24.61629044647198,24.422572550271546,24.325927156117743,23.960444575363606,23.158491593903687,23.082122063721815,23.19806913416583,23.38727441559181,23.11198357826981,22.08612720376016,21.666791832392033,21.4438792093493,20.97443558128075,21.6255402526701,22.135444467405275,2023-10-27,31.818181818181817,30.363636363636363,29.63636363636363,28.563636363636363,test
2023-11-01,26.139848271874335,25.69876740937165,25.074528391530063,23.973201968570677,26.139848271874335,25.846112785115675,25.52991871667113,25.69876740937165,25.170325693694586,25.13908714273717,24.90999290026391,25.074528391530063,24.93197266464567,24.83061395758354,24.897692179379582,24.64841522996306,24.448646409055506,24.353403675767535,23.973201968570677,23.14673436565345,23.070802097027627,23.199895798272852,23.395545635495793,23.112456085771456,22.05368372899072,21.61947427179901,21.39659427801624,20.914553435701322,21.60179419156509,22.132798926729013,22.693055112554948,22.751592598105283,22.046510196752244,21.725950550520277,2023-10-31,31.818181818181817,29.845454545454547,29.527272727272724,25.027272727272727,test
2023-11-07,25.17213778421383,25.013363274888565,24.518364570031487,22.73717172418516,25.013363274888565,25.17213778421383,25.022813528612648,24.91648573057057,24.976796480186152,24.72355660689,24.518364570031487,24.41071869547393,24.030847244442707,23.206631944925576,23.123808686022,23.244321564924533,23.428630723271343,23.1421039584704,22.08802186065629,21.656967417555713,21.428972996405943,20.949750054447733,21.622765032317442,22.140800507481604,22.687938363756416,22.73717172418516,22.044082044569315,21.7243921321651,22.077996534233684,22.108054382403147,22.540601979887178,22.11381575197752,20.810003195615337,19.531488819211628,2023-11-06,30.363636363636363,29.527272727272724,27.599999999999998,24.245454545454546,test
2023-11-14,24.515284506701665,23.505031841512046,23.20191900218622,22.093734136215133,24.515284506701665,24.128381494390155,23.289891640237435,23.20191900218622,23.32140684246672,23.505031841512046,23.211746366980893,22.13573251445929,21.693569625821798,21.458277640945802,20.965883716075233,21.645746690121296,22.16828757349482,22.722583223308007,22.768827796947978,22.06254201424596,21.736800199880303,22.093734136215133,22.124126204060307,22.563902180783067,22.133130430606144,20.809319286908956,19.51287696955729,19.388815738570383,20.129377280033985,19.60325656501722,19.455793412768703,19.49735506017294,19.193106875906228,18.49505291031795,2023-11-13,28.336363636363636,25.689999999999998,24.37272727272727,22.672727272727272,test
2023-11-21,22.72459732928943,22.51551166723253,22.083325213750552,20.77967002567599,22.110048604281864,21.669659536735335,21.4375940576942,20.949866600615735,21.6193509097611,22.132880794755238,22.6749778654726,22.72459732928943,22.023731089216916,21.70286363551183,22.05538788178489,22.083325213750552,22.51551166723253,22.084166793756662,20.77967002567599,19.495635238580423,19.374332224565013,20.106199400648197,19.58395388837902,19.435487173368635,19.470912668844903,19.17410491048872,18.481303623074126,18.24928029493033,18.60145759877622,18.574589480616684,18.593546822411945,19.078344150265643,19.479466572165933,19.58036176251114,2023-11-20,28.336363636363636,25.027272727272727,22.972727272727273,21.57272727272727,test
2023-11-28,22.76164493319822,22.119885270369284,21.744641912445424,19.46375469457783,22.76164493319822,22.06425985492447,21.744641912445424,22.094287737995135,22.119885270369284,22.545664408458787,22.109226515892804,20.81078070383813,19.532321520863153,19.410963402562196,20.13800224791315,19.615870573630144,19.46375469457783,19.4922251263122,19.197284341004334,18.50790417594854,18.276989553406306,18.626828538567565,18.598652724462923,18.614092877497125,19.090823676186734,19.49158834199943,19.593242514814253,18.740539403425853,18.495297840982417,17.836675666282957,17.25707035403618,17.33313644533539,17.407531544309677,17.72693957459067,2023-11-27,28.336363636363636,23.7,22.40909090909091,20.600000000000005,test
2023-12-01,22.49438818452587,22.064239991596104,19.60639778645221,19.078239972577066,22.052778801214544,22.076039042605107,22.49438818452587,22.064239991596104,20.781650547291843,19.52905308435985,19.407872472933278,20.12049339239622,19.60639778645221,19.45757509966118,19.484423989745768,19.187708799824474,18.51369832902607,18.28464038918537,18.626301423228952,18.59683881719537,18.611888725105395,19.078239972577066,19.464015278953077,19.56608978003794,18.725271374162464,18.481424898784898,17.83176807548759,17.261484174927386,17.33355970971792,17.3981861523335,17.713780638881172,17.62750200321331,17.49039461244609,16.720392665061095,2023-11-30,28.336363636363636,23.7,22.40909090909091,20.572727272727274,test
2023-12-07,20.151721027353485,19.57836000029025,19.434648570356938,18.483731012601663,19.434648570356938,20.151721027353485,19.634332797484674,19.485824088271638,19.515018699654156,19.210322214150164,18.52809496491555,18.29643237821577,18.63842117272398,18.60824623522437,18.624104185717794,19.095677279266695,19.478482801269763,19.57836000029025,18.730861564523146,18.483731012601663,17.829728272942116,17.257082865209032,17.332804738174,17.39355535262811,17.71012599417708,17.624422996360284,17.48642856311701,16.712724412811735,16.7915736406946,16.577067914712053,16.666051798612852,16.85311973548891,16.44297860768107,16.470696820069033,2023-12-06,23.7,22.754545454545454,21.154545454545453,19.81666666666667,test
2023-12-14,19.55847351175074,19.1053466482799,18.633841538278467,17.34380801308236,18.34177403440576,18.6720317781192,18.633841538278467,18.648433451755047,19.1053466482799,19.47020260309971,19.55847351175074,18.7262613406704,18.480647005099463,17.833021071554025,17.27301652270017,17.34380801308236,17.394964044847328,17.69596053804456,17.60909429076257,17.471868596055046,16.709494135688974,16.788065575521124,16.57813100448681,16.65973347880545,16.837318815475207,16.436811910172196,16.46462378368141,16.341564593383108,16.590876699654704,15.893836242518026,15.350119400340798,15.594422693962377,16.31564995603298,15.925158627991706,2023-12-13,24.408333333333335,23.375,21.191666666666666,19.78333333333333,test
2023-12-21,18.775686785256326,17.872867395670077,17.42000175837531,16.664708480566684,18.775686785256326,18.527638804427493,17.872867395670077,17.299662936814137,17.369116973879493,17.42000175837531,17.726332175279452,17.63875470667998,17.499067092297402,16.725995997209264,16.800800065876103,16.58369294642092,16.664708480566684,16.844969950329453,16.438127162031165,16.466171040966902,16.34333478060255,16.592074227570357,15.88010915368518,15.325858297233054,15.574693577322076,16.30934713817399,15.912887918123817,16.31533326106151,16.33505117888842,16.45715031254396,17.282034503917277,17.32143237744074,16.625578279934295,16.29093787428298,2023-12-20,24.408333333333335,21.46666666666667,20.889999999999997,19.341666666666665,test
2023-12-28,18.0450960834677,17.713268905154077,17.350125743390468,16.70671275900076,17.697623775746383,17.553564470126958,16.77797786869614,16.851365369270155,16.63103118743062,16.710399674304757,16.887311298509886,16.47409132273646,16.49598693933971,16.370587081572538,16.616995514704648,15.899512661661733,15.341402566506718,15.58706315409966,16.318900415023407,15.915996081688311,16.318579449244023,16.336964040888613,16.4577683819765,17.28477400628218,17.32283875798978,16.622817552153347,16.28455663681949,16.70671275900076,17.943071340292732,18.0450960834677,17.350125743390468,17.518834428112907,17.713268905154077,17.172617628576,2023-12-27,24.408333333333335,23.639999999999997,21.05,19.083333333333332,test
2024-01-01,18.081319128234348,17.74291794372734,17.317298770751727,16.659391678925243,16.670003977761922,16.75274774844948,16.934771935071442,16.51562303951435,16.538255008731525,16.410267533971233,16.659391678925243,15.921264623401852,15.349283558265189,15.59860119321932,16.347044692516736,15.933130659107508,16.3427262346827,16.357139634347618,16.474502764846143,17.317298770751727,17.35398193177592,16.638936923532746,16.291397049697533,16.721661007667567,17.981884504565638,18.081319128234348,17.370085030433156,17.541975617259823,17.74291794372734,17.190407168518966,16.546600624856907,17.00183151852861,17.07049646665354,16.618450332805036,2023-12-31,24.408333333333335,23.639999999999997,21.05,18.208333333333332,test
2024-01-07,18.25625691240588,17.953513239609197,17.351883482952207,16.70978062693402,16.69522429289437,15.972862142875737,15.408170628712377,15.650224723494148,16.380492861876043,15.971081274988776,16.371942153776768,16.380092161191527,16.49526231913449,17.3164604498814,17.349870518759264,16.645983771475482,16.301930266707444,16.723640370424686,17.953513239609197,18.052234682659673,17.351883482952207,17.519355117665867,17.714851404308078,17.171826472592713,16.542992915708123,16.98609535905248,17.05681780977592,16.612642527695957,16.242113981246707,16.182736554964535,16.70978062693402,17.189120118365942,17.670729880306965,18.25625691240588,2024-01-06,24.408333333333335,23.639999999999997,20.889999999999997,16.95,test
2024-01-14,18.286118116231236,18.121737369229542,17.7528436498317,17.397657224587316,16.463937617756276,16.57594721534558,17.408564883813895,17.432157099455416,16.706132620969843,16.348125055888342,16.773375256186753,18.02821786019227,18.121737369229542,17.397657224587316,17.558360660862164,17.7528436498317,17.192955862401597,16.546220589782823,16.99940642043439,17.067663175079108,16.60930153712104,16.223906637701095,16.161971511373885,16.70055702344735,17.191185394532898,17.687739290911782,18.286118116231236,17.485693413508756,18.02295702279524,17.25407578065953,18.222724080112673,17.625181830562227,17.807506822619697,17.59226920361565,2024-01-13,23.82,22.8,20.37272727272727,17.1,test
2024-01-21,19.595399793874464,18.534535016381408,18.17881404976266,17.61408921324635,18.022348949435756,18.113637977525087,17.423071199647293,17.57409736050923,17.757624776368914,17.223575806963808,16.60717290863075,17.03440624823608,17.098055467756733,16.657479217566017,16.28578363011429,16.22317304061684,16.73428839305087,17.200883699082677,17.66988465493312,18.239800217022275,17.47556220304759,17.98572279706285,17.25351958818721,18.17881404976266,17.61408921324635,17.78954075485504,17.590688268056077,18.321661864640426,18.534535016381408,18.20050945723145,17.18168836773764,18.02981924553006,18.69509137438992,19.595399793874464,2024-01-20,23.82,23.518181818181823,19.418181818181818,16.44545454545454,test
2024-01-28,20.308112573261628,20.037357770951314,19.02753787990253,18.021618381665785,17.048723307507796,17.111504222773856,16.655263576822893,16.27385629087585,16.210665218511775,16.72996035175977,17.201154337530348,17.685717334915644,18.264781797367995,17.478919967182925,17.996492010559024,17.250955575564,18.19238227024754,17.612332579422464,17.797458992631707,17.592606921485817,18.33014301938534,18.544063539562217,18.203570737837108,17.16266216055042,18.021618381665785,18.704923066507344,19.619246387235815,18.727754357433053,19.415444074936428,19.02753787990253,19.482953944765693,20.308112573261628,20.208103257166822,20.037357770951314,2024-01-27,23.518181818181823,21.963636363636365,19.418181818181818,17.563636363636366,test
2024-02-01,20.63008552276496,20.30666112035846,20.057535969888825,18.311529863435307,16.212550528845885,16.7173778428426,17.176046546876282,17.648901483405457,18.21336738759042,17.45228098429232,17.957379762213666,17.23867766153186,18.1562217668882,17.598713555332484,17.78451173042635,17.591994200702693,18.311529863435307,18.525150892601697,18.202076868083996,17.199623605333745,18.039961795998778,18.710818640211166,19.605254780069313,18.74603232832255,19.419851626594298,19.05108147087626,19.499675656640424,20.30666112035846,20.216835118206102,20.057535969888825,20.113009643030132,20.432639779179155,20.258016641930645,20.63008552276496,2024-01-31,23.708333333333332,22.40909090909091,20.400000000000002,18.563636363636363,test
2024-02-07,24.869259223543963,23.06450742530235,20.59997011882415,19.47603232044465,17.9305753900053,17.183116344010024,18.13505430169565,17.556497376602746,17.74286625743656,17.541227801855168,18.2885538944606,18.510254686248686,18.171320485454995,17.12573295292622,17.996252425560886,18.683185502170478,19.60727599700586,18.71088871882426,19.40715985587095,19.017347122364654,19.47603232044465,20.308968823866756,20.20306025826213,20.03027893975773,20.08247378564436,20.40960710646079,20.220861805964724,20.59997011882415,21.477707102022947,20.682893624946587,21.64858649588015,23.06450742530235,23.649075738364804,24.869259223543963,2024-02-06,24.433333333333334,23.518181818181823,21.963636363636365,19.31666666666667,test
2024-02-14,24.835478687451232,23.05471295610683,21.843236523707738,20.43211764836492,18.57345926504622,18.24198355589918,17.205186186526966,18.0633430850717,18.744031112115238,19.65663382269768,18.771357765713777,19.452524023089644,19.06935512761627,19.515357107483002,20.335597374476496,20.23363378277577,20.0639895949472,20.114650006758353,20.43211764836492,20.2480451546249,20.61654206187491,21.48220107634776,20.702025874052328,21.657055626632882,23.05471295610683,23.627869112416214,24.835478687451232,22.2141955460993,21.608884004162217,22.37691213183305,22.150516033830083,21.843236523707738,21.578678969990857,20.930485485293783,2024-02-13,27.28333333333333,24.433333333333334,21.963636363636365,19.658333333333335,test
2024-02-21,24.883665097582046,23.181416396144794,22.204937644081607,21.459246396669478,19.412268305722733,19.018604315176905,19.469473160593374,20.303153276748375,20.19236646958669,20.015150760518402,20.0672265414477,20.39153120900128,20.203266825824016,20.57705650125083,21.459246396669478,20.657791517451656,21.631452423900214,23.061404887799792,23.648710994861723,24.883665097582046,22.204937644081607,21.585798026542314,22.3667579022005,22.134320985665056,21.82313666294623,21.554852774880622,20.893970497990594,19.50176423941816,19.702871129582714,20.43718225236792,21.477923954029933,22.005855418078713,22.93476046390961,23.181416396144794,2024-02-20,27.28333333333333,26.275000000000002,23.016666666666666,20.73333333333333,test
2024-02-28,24.877158468935026,23.641515655180868,23.18143748096693,22.13379641832499,20.377837609821345,20.189638567043072,20.563002748048806,21.446604431720353,20.646738883129466,21.624209037496943,23.052013943747355,23.641515655180868,24.877158468935026,22.19774237874853,21.579895781554534,22.362733313197523,22.13379641832499,21.819949136828555,21.553390737290275,20.892451574459603,19.49927145075357,19.70123389603262,20.43677889022296,21.48056101247599,22.005269200792558,22.935390937844335,23.18143748096693,23.859646910627,23.490680119621963,22.642317402082384,23.59540168777862,22.33712157895432,22.62967482136855,23.224160890904063,2024-02-27,32.34166666666667,27.28333333333333,24.433333333333334,21.03333333333333,test
2024-03-01,24.849460407079874,23.84716701740036,23.229459454937132,22.34869985896341,20.576571141348612,21.45162341153511,20.664149915258783,21.631654440556705,23.04338238692367,23.62668451191526,24.849460407079874,22.20129345813172,21.59153271376586,22.36638213978437,22.140691795481867,21.830515630782635,21.56699341440904,20.915079404012406,19.536965172049687,19.736623718993723,20.464410184421624,21.496012898846736,22.014392238769165,22.93345372059405,23.17811002132727,23.84716701740036,23.483602729867727,22.647514807111623,23.590643221962477,22.34869985896341,22.639176007156433,23.229459454937132,22.775623204571993,24.29158805408019,2024-02-29,32.34166666666667,28.483333333333334,26.275000000000002,21.03333333333334,test
2024-03-07,26.76527132904646,24.956323787416263,24.051138708713307,22.772335394766834,24.956323787416263,22.22612599664645,21.59434411387101,22.38365407256178,22.14790853029993,21.82921557072774,21.554193169147467,20.885590591752603,19.46699464421755,19.671502689509282,20.413577141622373,21.475134189044283,22.011221081811396,22.955576213531895,23.210981255137717,23.902366550940886,23.524779838953215,22.652561423058888,23.620797742488513,22.339354234573857,22.632888679517198,23.241810755821138,22.772335394766834,24.32970627577402,24.099880315607123,23.3822217611355,24.134797787138137,24.051138708713307,25.18020262440736,26.76527132904646,2024-03-06,32.34166666666667,30.975000000000005,29.3,23.750000000000004,test
2024-03-14,27.336817211065778,26.62253842688988,25.149858745220975,23.586811328608746,20.94217035378291,19.611428243889552,19.80854737886169,20.5169273873905,21.52479633332531,22.03944491692636,22.933195146413215,23.162297787738037,23.824358875290052,23.474926229345467,22.663402877918255,23.586811328608746,22.39061406558373,22.674569918511093,23.241647793898363,22.813013694819897,24.29373811186888,24.092790339788305,23.429923203081593,24.156856487198336,24.088688174993237,25.149858745220975,26.66253267279524,27.336817211065778,26.62253842688988,24.72952833575144,24.800799935913822,26.21955342698199,25.178549694006612,25.210395847763696,2024-03-13,32.34166666666667,30.975000000000005,29.3,24.38333333333333,test
2024-03-21,28.724236185855926,28.235307433471196,26.67363537139959,24.77311121189145,23.18763514494144,23.859379707933233,23.500527966705285,22.67343429462247,23.60385625687936,22.37838452562591,22.667669379152542,23.245608575377243,22.804365097971118,24.30860678994525,24.102168409833,23.415126413740563,24.148007894987828,24.077682687619305,25.15842372311003,26.694737351314817,27.377183624446474,26.647820148649142,24.70773887543898,24.77311121189145,26.21847615916556,25.15826167884335,25.186832194854304,26.259697867262073,26.796316338713787,26.58160062991235,26.67363537139959,28.426154507776783,28.724236185855926,28.235307433471196,2024-03-20,34.16666666666667,31.941666666666666,29.625,26.275000000000002,test
2024-03-28,29.469163025623065,28.751475557810558,27.82661775664375,26.66404162871535,23.235248422084993,22.77603950960299,24.306609537254882,24.09168417054579,23.390230927533477,24.140140901682877,24.07201561691375,25.166474718203972,26.718431018512593,27.411926054499023,26.66404162871535,24.686805587532202,24.756749148587197,26.23006287653921,25.14553182845481,25.162865955758352,26.253159490093314,26.79303776615437,26.571083431207303,26.66804690213631,28.453880624077513,28.751475557810558,28.24247411483396,27.82661775664375,28.781095098571168,27.74124883737185,27.22071884455898,27.99490006449158,27.5960189464789,29.469163025623065,2024-03-27,39.25833333333333,34.4,30.975000000000005,28.483333333333334,test
2024-04-01,29.518925348144723,29.336461033705074,28.477493774662964,27.220238579324995,23.469024265504267,24.22083070987785,24.148092289146575,25.255954373250045,26.80796214707693,27.500024826895526,26.740661980364603,24.738460895503973,24.80262533061383,26.279140000122872,25.191593742317224,25.1975542844451,26.2886006652109,26.825821616530423,26.591501178617275,26.684334220546322,28.477493774662964,28.783851224030972,28.262905060524567,27.841018622246718,28.799176597107248,27.745218809675045,27.220238579324995,27.998784547384084,27.607720254383654,29.488421871573916,29.336461033705074,29.518925348144723,27.718221478070344,28.73454283041655,2024-03-31,39.25833333333333,34.4,30.025000000000006,27.96666666666667,test
2024-04-07,30.972810918499757,30.327502738187096,29.43805559641634,28.002657550838148,26.762427295606415,24.842613401714484,24.90748496213749,26.332435889812007,25.28109231041057,25.28512755334953,26.332948857268182,26.86052241835923,26.64258840343144,26.731730243534983,28.459399671663387,28.750839877858326,28.24499318653093,27.83224086323124,28.765895494603466,27.75773656705437,27.25205464330079,28.002657550838148,27.62364507268288,29.43805559641634,29.28911850165173,29.47801025284191,27.75323772576299,28.738740462089403,29.154560074784655,29.615928391113638,30.972810918499757,29.689344137110847,30.327502738187096,30.45710014419329,2024-04-06,39.25833333333333,34.4,29.041666666666668,26.924999999999997,test
2024-04-14,30.99789236351492,30.45430305830143,29.70445620622959,28.806605578453162,26.82781284434615,26.61328759552578,26.70227593157165,28.43885290145726,28.739755787843997,28.234431238315004,27.82010912898094,28.758130241361116,27.74996252039069,27.24144795733041,27.99559519940534,27.622068192381654,29.45029041091117,29.30051949600065,29.488184964113522,27.75764479791624,28.747324536363255,29.162664460252138,29.632258360850052,30.99789236351492,29.70445620622959,30.34160930424137,30.474015324506443,29.270032644821338,29.635586793916808,30.336572930196773,28.806605578453162,28.283351181738272,30.45430305830143,30.060564759548853,2024-04-13,39.25833333333333,37.38333333333333,29.625,28.15833333333333,test
2024-04-21,32.35668742357896,32.01516660393274,31.053436013334498,29.65250473880663,28.794768419222965,27.752988352609716,27.230367399683775,28.006269079543486,27.61290216051953,29.490608689023524,29.33477053359522,29.51825840724935,27.732557757540288,28.751831793333903,29.17847624289909,29.65250473880663,31.053436013334498,29.71969066504137,30.36533619884473,30.496900678965392,29.257510321937026,29.632564835392536,30.344575648108606,28.764593681301562,28.223761665292173,30.448574439337758,30.03889345465014,30.823585548369007,31.960252846164863,32.35668742357896,32.334231104398384,32.01516660393274,31.29747398550907,31.47874841222272,2024-04-20,39.25833333333333,37.38333333333333,34.4,28.15833333333333,test
2024-04-28,33.68842250908782,32.30242434370178,31.925268141005716,30.84848282339242,29.55129132290276,27.880371950205664,28.846811455325202,29.252155806459925,29.69815883582673,31.003429450354016,29.751144951448925,30.367716558054894,30.499549932380422,29.34187893610621,29.69951136874417,30.370693511599885,28.874186129824274,28.369853682153348,30.4741611202893,30.099650644048356,30.84848282339242,31.925268141005716,32.30242434370178,32.27342898007553,31.980087697934973,31.319050695331477,31.50213914176341,31.89471814737452,31.78541153979654,31.598331493682117,31.63914044768759,32.616500602720336,33.68842250908782,31.947532663959215,2024-04-27,38.25833333333333,36.966666666666676,34.61666666666667,28.66666666666667,test
2024-05-01,33.6904449066045,32.43373757397689,31.980440737451264,31.500888102038825,29.24250466015422,29.690083052479686,30.998968231577518,29.743123387273943,30.359103340054403,30.493369948823272,29.330344071701777,29.691144200284377,30.364903889875,28.864563858324306,28.359007280415344,30.467049919954626,30.093708762101233,30.842551680831402,31.924519319497143,32.3034021807304,32.27455575861097,31.980440737451264,31.315294804596757,31.500888102038825,31.892251278363123,31.784578744444683,31.597388185969525,31.638261327725935,32.61809472382437,33.6904449066045,31.946470806529756,32.380521668042306,32.43373757397689,31.828638952056917,2024-04-30,38.25833333333333,36.966666666666676,34.61666666666667,28.675,test
2024-05-07,33.72884249609431,33.33974196623383,32.587278535311135,31.86234338937273,29.234758388267636,29.596863741915506,30.27532387473079,28.768379622098838,28.26376386386809,30.383754912154817,30.00673101457066,30.77194652176282,31.86234338937273,32.246303833847065,32.221720178193614,31.93109142651189,31.261405575169732,31.446987120672784,31.852200101441962,31.744787228009873,31.557917415761533,31.60182150135191,32.59100215559927,33.667229640814384,31.908681704361186,32.35404875784926,32.405601760590656,31.79526238576703,31.9050174922532,32.587278535311135,33.18499522216551,33.33974196623383,33.248612369203485,33.72884249609431,2024-05-06,38.25833333333333,36.966666666666676,35.800000000000004,31.89166666666667,test
2024-05-14,33.721869374016975,33.412640174061316,33.18200333468501,32.29836022049762,30.77584184419667,31.850642175037247,32.23464142573015,32.217626745187346,31.926362764337746,31.269373954763786,31.452262493731357,31.852848734362524,31.753106937311706,31.577094905081157,31.626705784122073,32.58942787210908,33.64329215924478,31.919810840472184,32.359130073690466,32.41458837801807,31.82285063707645,31.936420865328845,32.597722964212196,33.18200333468501,33.33357472267052,33.246564768674986,33.721869374016975,32.66932365551611,33.412640174061316,33.1347528737611,33.24888365597468,32.29836022049762,32.06883475993207,32.3478884244433,2024-05-13,39.608333333333334,38.07500000000001,36.32727272727273,33.85454545454545,test
2024-05-21,34.467073877064756,33.75236325004227,33.37246768851915,32.778435904930106,31.85252735240515,31.750934784195156,31.574235019283968,31.62996039731463,32.61455547217506,33.685880363067255,31.93362633709046,32.36985122109874,32.426165270951664,31.82560513635286,31.9458303908199,32.622559856563974,33.21455269096004,33.37096537814522,33.26979066242745,33.75236325004227,32.681015349380594,33.441250284380814,33.159963226412145,33.271755712906675,32.304392498238734,32.056968357522,32.33872075352808,32.901287452499254,32.778435904930106,33.37246768851915,33.0402347615924,33.63630946425424,34.283394178171704,34.467073877064756,2024-05-20,41.00909090909091,40.60909090909092,37.90833333333334,35.800000000000004,test
2024-05-28,34.87089012717345,34.26827736885593,34.07506544035089,33.26141097163949,32.3699284506591,32.42775734518951,31.832094062940616,31.943485858871576,32.61271950441243,33.204030817774054,33.36771110562385,33.26141097163949,33.74232650311022,32.67898277175674,33.42597002006482,33.143860427875474,33.258462988188725,32.30637471885097,32.05519601912093,32.33710497731681,32.89693748709202,32.76743559672113,33.35518452175345,33.02938046013038,33.6305491170837,34.26827736885593,34.45330502141679,34.03416825709876,34.23936329958658,34.07506544035089,33.990868492867605,34.14396379987683,34.26744318855225,34.87089012717345,2024-05-27,41.00909090909091,40.60909090909092,37.07272727272727,36.13636363636363,test
2024-06-01,34.89660418811129,34.438020795580954,34.26200446865186,33.637867674804305,32.57688708871001,33.18150104948461,33.34945903194492,33.2381756922751,33.73262401885076,32.644527727589285,33.415335633748356,33.12979462182565,33.24658111053903,32.269906417714516,32.01070887973184,32.30119983857129,32.880214880789076,32.750384223790114,33.35743494261542,33.02072203076411,33.637867674804305,34.28988954164738,34.47890845643587,34.05031957720106,34.26200446865186,34.09435106536391,34.00348428222671,34.15817227296762,34.27986268838682,34.89660418811129,34.438020795580954,34.38693458034438,33.80347638248952,34.062360705835744,2024-05-31,41.00909090909091,40.60909090909092,37.17272727272727,36.475,test
2024-06-07,34.89762470504044,34.653303557732144,34.31261684250251,34.059438573625805,33.47028274522709,33.19209066714319,33.31103346346583,32.35724297315408,32.10221261730344,32.38377937966952,32.94853995630695,32.813743292109365,33.404412984863214,33.07963361946737,33.67944689940399,34.31261684250251,34.495010558324296,34.077151720573745,34.27602292777978,34.11195776213299,34.028196286992326,34.178438857730356,34.29607959820663,34.89762470504044,34.452620743960956,34.39741000689575,33.8300581810869,34.08974443698336,34.26684065605061,34.653303557732144,34.77273646282568,33.905552073677285,33.78845464492472,34.059438573625805,2024-06-06,41.00909090909091,40.60909090909092,37.17272727272727,36.5,test
2024-06-14,35.790989955102106,35.34915636778585,34.923000733526465,34.35095626690856,32.92112292698815,33.508240691107815,33.17360515892314,33.771141712237004,34.400971748036184,34.57966027244537,34.15932479972457,34.35095626690856,34.179483935378826,34.08405180449374,34.229964154905076,34.34283976471645,34.94125443971161,34.49443193161176,34.4329952218586,33.85966242157266,34.11069231326395,34.28652775842159,34.672038713272435,34.79144496294179,33.925856696878185,33.80658393975023,34.07692175533781,34.62345602043632,35.05074970832464,35.338290015270786,35.670138513969945,35.790989955102106,35.34915636778585,34.923000733526465,2024-06-13,41.00909090909091,39.22727272727272,37.45454545454545,36.50909090909091,test
2024-06-21,35.80141508830671,35.55044553487167,35.351641561636775,34.82160134692039,34.4554280909522,34.27919522271955,34.17524288088469,34.31346639220753,34.42003103564926,35.01258065115899,34.56022760778695,34.49857880724375,33.91881373084587,34.15982018084881,34.32745968907619,34.70671065105771,34.82160134692039,33.95246442568982,33.835313655848864,34.10142292983954,34.64104468089933,35.06368624268359,35.3490848420913,35.68050711206772,35.80141508830671,35.36632266318555,34.94075832233789,35.037309622712236,35.55044553487167,35.39817461010737,35.340005561530674,35.31026892418076,35.369691401419004,35.351641561636775,2024-06-20,39.22727272727272,39.15454545454545,37.40833333333334,36.5,test
2024-06-28,36.58669676644461,36.15278706409293,35.808147976860774,35.359106766547114,34.55226076328498,33.963512134858085,34.20497204666796,34.372364454793676,34.75242882518229,34.86420647060555,33.9865365274047,33.86509218200845,34.12805843847195,34.66959823399742,35.09339797922519,35.378357413575465,35.7083899385283,35.82941603058682,35.38781591385736,34.95399351314577,35.049741686459654,35.56611513251318,35.41118042090961,35.34998143507202,35.320899751070975,35.37995909132511,35.359106766547114,35.85333468984012,35.808147976860774,36.03259592146791,36.58669676644461,36.470728769781815,36.15278706409293,35.49302419615463,2024-06-27,39.22727272727272,39.15454545454545,37.45454545454545,36.654545454545456,test
2024-07-01,36.581203391502505,36.143287232955636,35.83857196850883,35.38487631119453,34.36786044871953,34.753273110474126,34.865604804709136,33.97313597053225,33.85112965801211,34.116032087394814,34.661162190149554,35.08940298140129,35.37744273455254,35.71088859569755,35.832635205689094,35.38487631119453,34.941453533634004,35.033426325199315,35.55567845288745,35.396836017555664,35.33299067009324,35.30259498767202,35.36407532407109,35.34092536975065,35.83857196850883,35.791122824753266,36.018765371017565,36.581203391502505,36.463673861016495,36.143287232955636,35.47217722797445,35.64984589296306,35.926726948941194,35.96625551633931,2024-06-30,39.22727272727272,39.15454545454545,37.45454545454545,36.43636363636363,test
2024-07-07,36.59231114694205,36.465226199378414,36.033107880462794,35.740954017250246,34.6988347513257,35.12411600712211,35.40906723800551,35.740954017250246,35.86479137473029,35.417142048977446,34.97184561581104,35.0640112893341,35.58176996717786,35.422210655077066,35.358995294923325,35.3313442316875,35.389165226271125,35.36115284406384,35.85626206795482,35.80850111429248,36.033107880462794,36.59231114694205,36.478708868534454,36.15796886875945,35.48720616683084,35.665310806989034,35.940400337797385,35.978962522592354,36.295549937365884,36.465226199378414,36.09697854892621,35.63756304972925,35.79842540309825,35.92940465097097,2024-07-06,39.22727272727272,39.15454545454545,37.40833333333334,36.43333333333334,test
2024-07-14,36.61986320268077,36.474966229640124,36.0700001584212,35.69164296187902,35.12945675120062,35.64039120423437,35.48318415527559,35.420839590113125,35.39092303328898,35.446042598554776,35.413580002000955,35.89871770850163,35.8501873059749,36.0700001584212,36.61986320268077,36.504188194582305,36.185440257259785,35.519016142441814,35.69164296187902,35.96168071857737,35.99869831037789,36.31027155748429,36.474966229640124,36.11070698786765,35.65411276089759,35.81135500564052,35.94102474265193,35.75106818556203,35.173184034204525,34.90741511903129,34.87537196834719,35.45781763163385,35.3571584650976,35.09702046958635,2024-07-13,37.75833333333333,37.40833333333334,36.875,35.84166666666666,test
2024-07-21,36.64833507299344,36.49047584061243,36.09539168030585,35.72104112525809,35.92247871574354,35.872276733792745,36.09539168030585,36.64833507299344,36.530319580988476,36.207576302253194,35.53729238917471,35.70500728302227,35.974651914594205,36.013518847614336,36.326566622131224,36.49047584061243,36.12206770914191,35.663099425119185,35.81577672970007,35.94482880569335,35.75613276080636,35.17543248247636,34.907333936862166,34.87407489905315,35.46121330920682,35.355611132614534,35.093728644452774,35.238705875890474,35.56396675328703,35.68841222897232,35.60263705662094,35.39061971823031,35.65090232524404,35.72104112525809,2024-07-20,37.78181818181818,37.36666666666667,36.78333333333333,35.68181818181818,test
2024-07-28,36.49882913968489,36.124624691373135,35.82022255447444,35.578021562599,35.70783809670218,35.97873707108036,36.017706355418355,36.330426575496695,36.49882913968489,36.124624691373135,35.66390950947063,35.82022255447444,35.949909617796436,35.7600335461834,35.17266016791222,34.90618898619173,34.8700539424075,35.463719318889716,35.36009545153072,35.09613694340703,35.24266492780924,35.56826802846166,35.697409547015795,35.60839863610781,35.39683652192514,35.661809474950985,35.732283795729224,35.45460828063209,35.53526812328039,35.578021562599,35.486693899767594,34.99074531676504,35.06700207063271,34.970833964869975,2024-07-27,37.89090909090908,37.36666666666667,36.291666666666664,35.53636363636363,test
2024-08-01,36.482227245874185,35.93834930211135,35.687202174795786,35.45644564260123,36.482227245874185,36.11153364418286,35.655445819954345,35.811151993571244,35.93834930211135,35.75033593176866,35.16986661610725,34.90533426552837,34.86914960436458,35.45644564260123,35.35486910133985,35.092463450383946,35.237313132920285,35.56028759472091,35.687202174795786,35.598625593400854,35.38898141535342,35.652086140137904,35.72053830562035,35.445472421772145,35.52591228459299,35.567181922354074,35.47613897591212,34.98486815053334,35.061002552626746,34.96430906798027,34.899267784674365,34.989841142718824,34.431272165575514,34.07843408301043,2024-07-31,37.89090909090908,37.36666666666667,36.291666666666664,35.50833333333333,test
2024-08-07,35.72106365339372,35.65161864062396,35.525792166377315,35.07258432936715,35.14788686062036,34.88104185037157,34.84509680912175,35.44534422532415,35.34074042972816,35.07258432936715,35.22263962697565,35.55363605744172,35.686464842994695,35.59713972916947,35.38405725567947,35.65161864062396,35.72106365339372,35.44244963530791,35.525792166377315,35.571082466636405,35.47911771527794,34.978504743370216,35.05517292698515,34.956041486876785,34.891801174671016,34.98556816642222,34.41881207858369,34.05987647099545,33.83301889274641,34.06905505276674,34.48771793722499,34.15000257169694,34.07823437350381,33.74107734392811,2024-08-06,37.89090909090908,36.8909090909091,35.72727272727273,35.13636363636363,test
2024-08-14,35.71030968079823,35.64209902807018,35.5180194710777,34.89438906143741,35.55470430926143,35.68196394699466,35.59182429851996,35.380287885444965,35.64209902807018,35.71030968079823,35.43863374231749,35.5180194710777,35.56038875329036,35.46803618679953,34.97677292857899,35.052928594641074,34.957150086490955,34.89438906143741,34.983948011309124,34.430104182900706,34.07752522869205,33.85258120219202,34.08352955094337,34.49153633003142,34.16177003044765,34.089363346690426,33.75833097180052,33.732277024091715,33.745380035479585,33.64227726612359,33.931175961231844,34.15521278447847,34.46146140868773,33.67865825608294,2024-08-13,37.89090909090908,37.475,35.63636363636363,34.86363636363636,test
2024-08-21,35.57489938101196,35.481449852905534,34.970888114507964,34.09130120341811,35.53233403699023,35.57489938101196,35.481449852905534,34.98941184714372,35.06646542636329,34.970888114507964,34.90574214378328,34.99567452090977,34.438660397152894,34.08338540581624,33.85881210595476,34.09130120341811,34.50199896748722,34.16847801309807,34.09567932607973,33.762738568671246,33.735842018118966,33.75077594320064,33.647809099765816,33.9391331481995,34.162614332670536,34.470803346619064,33.68420703655078,32.909778427215684,32.822074254785,33.356332723021936,33.354245558271565,33.356775382482766,33.353135142855166,32.834629458793394,2024-08-20,37.89090909090908,36.89090909090909,35.13636363636363,33.78181818181818,test
2024-08-28,35.00861482463688,34.48053773184615,34.103278395554206,33.68915574981447,35.00861482463688,34.44883364226581,34.09127291637877,33.86437075976725,34.09993570251932,34.51603346002749,34.17933013473878,34.103278395554206,33.76870820039223,33.74147882643859,33.75547448534618,33.65293168255157,33.94863845320932,34.17285746661658,34.48053773184615,33.68915574981447,32.90921107325526,32.82008473338682,33.35965653595623,33.360226688395606,33.362337737473084,33.356419226293006,32.835545368095325,32.60495617051644,33.020061815536266,32.25922101599593,32.01722959513997,31.79632139894992,32.420686958602225,32.34454429667576,2024-08-27,37.475,35.00000000000001,34.518181818181816,32.75454545454546,test
2024-09-01,34.49755528524437,34.17095322413905,33.938265333561105,33.36201259128562,34.071523455648816,34.49755528524437,34.15665056600708,34.08031347037827,33.74252950569984,33.718543986337174,33.73614074996056,33.633700456623146,33.938265333561105,34.17095322413905,34.48723103454274,33.684181812150115,32.89278626310516,32.805601401151314,33.358597823678274,33.36201259128562,33.3678565308892,33.3637322002145,32.83611661638771,32.604524448888014,33.030957506371706,32.256002345254316,32.01080890051581,31.787931723518536,32.42577318103746,32.350796548282446,31.794974478116867,31.677589274923758,32.08809294972685,31.746079873681126,2024-08-31,37.475,35.00000000000001,34.518181818181816,32.50000000000001,test
2024-09-07,34.450261996534394,33.91477399304259,33.3468898145313,32.59264279758727,33.71625758644512,33.614537297683995,33.91477399304259,34.141595792341356,34.450261996534394,33.65967399482599,32.88116186211955,32.79534260042629,33.33806499004944,33.34271362844959,33.3468898145313,33.340901261129794,32.821060973486254,32.59264279758727,33.01145188570138,32.249154754711014,32.00929139957738,31.78842088818362,32.412869238291485,32.337362953621195,31.78985019420119,31.673738256784677,32.0756980904762,31.740058857310355,32.170455150506875,32.128364235116685,31.11245727793831,30.445494601419902,30.14958111595046,30.05514127803161,2024-09-06,37.475,35.00000000000001,34.47272727272727,31.391666666666666,test
2024-09-14,33.38749969773801,33.38095446099866,32.83446346952128,32.033543784804316,32.83446346952128,33.38005386824934,33.38381220142305,33.38749969773801,33.38095446099866,32.859935241378516,32.627188967125285,33.04468570385086,32.27682050031733,32.033543784804316,31.81000628281654,32.436570242092095,32.36182389957546,31.808092796777792,31.68788938578915,32.09088991486342,31.751928778037154,32.18399485363568,32.14148836450419,31.12252129560954,30.45008315291078,30.150618587861757,30.05614652841847,30.272351780412624,30.101783778279756,30.95253824223543,30.342166957682565,30.042571124486365,30.273225794250422,30.313202379187484,2024-09-13,34.699999999999996,32.6,31.518181818181816,30.45,test
2024-09-21,32.98483645919978,32.31416894847538,32.05115455840191,30.80542729918924,32.98483645919978,32.22123312613888,31.980035449535535,31.758626042681804,32.38510564036246,32.31416894847538,31.768390764005833,31.647194055326107,32.05115455840191,31.715266783581768,32.14738970383737,32.10722891207458,31.095188367158105,30.430505574239618,30.12978400039977,30.036908514770076,30.252757203807725,30.082845842235354,30.930934585353597,30.324137601719332,30.02900496603159,30.25450860531802,30.29364842496812,30.492256646569253,29.76353659921254,30.07160129340264,30.80542729918924,29.989273125849365,29.000808175931372,28.968596015303888,2024-09-20,32.65,31.816666666666666,30.76666666666667,30.049999999999997,test
2024-09-28,32.14026071336753,32.03672744554802,30.93921542464839,30.126595446730807,31.631200221817693,32.03672744554802,31.70253373956573,32.14026071336753,32.10172572346914,31.090688748895307,30.42870402046536,30.126595446730807,30.034894566656515,30.253608860987224,30.08823235302276,30.93921542464839,30.33362674811488,30.041126046525488,30.265259620008315,30.304745651633215,30.50499763955279,29.778547035431647,30.08720087439813,30.82314359427046,30.007298074322563,29.01396323598049,28.980630158340485,29.29710900864725,29.22224375559684,28.82103207183794,28.14928227947714,27.717436350408438,27.83708374976635,27.630255609521445,2024-09-27,32.6,30.76666666666667,30.383333333333336,29.366666666666664,test
2024-10-01,32.15424562294265,31.101123016323218,30.436796429674555,30.05337130232553,32.15424562294265,32.11599419105674,31.101123016323218,30.436796429674555,30.134999081350816,30.040531344263805,30.26072983003565,30.09730931295201,30.953164636152778,30.3460785395699,30.05337130232553,30.28062733687981,30.31829447202649,30.52023702100814,29.793398290415745,30.104606367969367,30.845316640281897,30.0269073581191,29.03109167459584,28.995534244375573,29.31411447623288,29.24168213087109,28.839555503270873,28.165866776623623,27.732950930160257,27.854942725741115,27.64479977548062,26.549331356892115,26.387952952888526,26.3050590945513,2024-09-30,31.525000000000006,30.658333333333335,30.25,28.974999999999998,test
2024-10-07,30.902908871331842,30.484662896703874,30.213705428778148,29.007813205525263,30.213705428778148,30.04789405841484,30.902908871331842,30.30172352893445,30.012272440386774,30.241914988952406,30.281274122547984,30.484662896703874,29.757371646299337,30.06937051324859,30.812822049559955,29.998742824716306,29.007813205525263,28.973461545123747,29.292336078804457,29.216826210586824,28.81598575511193,28.147088385026823,27.716143597718666,27.838843574569157,27.628801250191405,26.53550520988881,26.369786175161178,26.286006380629946,26.52500116382785,26.299485663722088,25.97201525760622,26.206639967710753,25.6202078162253,25.55044810121802,2024-10-06,31.525000000000006,30.491666666666664,29.41666666666666,27.86666666666667,test
2024-10-14,30.792463106623234,30.055944270250215,29.20711879465766,26.539616832772595,30.469142750819586,29.747938165122882,30.055944270250215,30.792463106623234,29.98403812667239,29.00043487079562,28.96670732455472,29.28149049784345,29.20711879465766,28.80753883905841,28.142164567469845,27.713776867178797,27.835161984657194,27.626747584574726,26.539616832772595,26.37531597563912,26.289983149168517,26.525220834449755,26.300246715303356,25.974365706650655,26.206793607253466,25.622241645810494,25.552719382299852,25.333121587056517,25.43767106302255,25.345851334376455,25.2132452371492,25.342204601112922,25.012495705474777,24.778262557396182,2024-10-13,31.525000000000006,29.041666666666668,28.024999999999995,25.933333333333334,test
2024-10-21,29.256574636513268,28.78198838195673,27.607227060434383,25.618377127749273,29.256574636513268,29.182577903332174,28.78198838195673,28.116482796849304,27.69055180703023,27.811823923220217,27.607227060434383,26.52480974137236,26.36209074990329,26.27616104102203,26.510585989887936,26.288290529996075,25.963342149430247,26.199047196808163,25.618377127749273,25.550054672629884,25.32965806305339,25.433023051343838,25.342950655256757,25.210124932629093,25.341569333668588,25.014309525207793,24.780445051122932,24.67885969031834,24.26587411586699,23.530066686611537,23.417674906374835,23.60508471570196,23.693995056322866,23.382299544411694,2024-10-20,28.974999999999998,27.725000000000005,26.425,24.391666666666666,test
2024-10-28,26.44987422736673,26.28844000907994,25.90782858176266,24.98729176844696,26.44987422736673,26.28844000907994,26.205367747805,26.443030485619843,26.22737962943388,25.90782858176266,26.147704863465275,25.568484873425817,25.502361568474466,25.286122878497242,25.393525123395836,25.30941887587506,25.180619717959594,25.31554759169167,24.98729176844696,24.75440797923627,24.654372805604467,24.24497395295994,23.514981868709672,23.403805005011268,23.59168459858573,23.675216143704663,23.362056626501534,22.360987273103593,21.90129261154708,21.73642915177494,21.24858296487747,21.961488006433157,22.362958165390086,22.843040916775085,2024-10-27,28.974999999999998,26.583333333333332,25.3,24.375,test
2024-11-01,26.224352880789667,25.90429339239523,25.315692296001956,23.67938887418942,26.224352880789667,25.90429339239523,26.145341043920233,25.56706296923586,25.499327643299203,25.28070870195278,25.3898120185565,25.308079386210213,25.17972593078596,25.315692296001956,24.989531194250876,24.754645870077137,24.652851078017406,24.24343761516289,23.513602273682828,23.403042347027963,23.59222521899995,23.67938887418942,23.36393163879245,22.357773610534966,21.897803336993498,21.735046644918413,21.246297994101667,21.962248509552143,22.36831204967459,22.848771912492342,22.89602931024813,22.18877835394733,21.941479915692938,22.24957930498736,2024-10-31,27.725000000000005,25.883333333333336,25.133333333333336,23.96666666666667,test
2024-11-07,25.401942162434242,25.319009512995777,24.6675673884428,22.861232247444967,25.401942162434242,25.319009512995777,25.190287986793642,25.322584574025385,25.000077911799025,24.766542090061655,24.6675673884428,24.25837025457829,23.534268839654754,23.423339830108194,23.608400126815063,23.69497760445253,23.38162519973253,22.38743483881638,21.92798795719941,21.764869459819657,21.279325302844132,21.98539579279981,22.387227570993456,22.861232247444967,22.909247947494052,22.204680764997317,21.957526276736804,22.260306161616494,22.363021048421125,22.687505394109525,22.246303052736337,21.021565984141183,19.76827106856119,19.70756951993208,2024-11-06,26.425,25.25833333333333,24.375,22.708333333333332,test
2024-11-14,24.218744835125946,23.568412337092717,22.87212854296941,22.172520939336863,24.218744835125946,23.496903927804436,23.386039835947603,23.568412337092717,23.653365745672765,23.342930701473062,22.35487931750289,21.898703608777936,21.735010549150342,21.252414316141465,21.953074753565332,22.35175668452548,22.82415521912752,22.87212854296941,22.172520939336863,21.9253952622735,22.226245954905963,22.327192404691733,22.648837718595225,22.21145215719698,20.99424692415167,19.748953003877908,19.686720068994532,20.3403377953555,19.92660354426221,19.70530309440522,19.70279548666676,19.42560053905778,18.73194034653628,18.566555524534703,2024-11-13,25.133333333333336,24.391666666666666,23.10833333333333,21.008333333333333,test
2024-11-21,22.872312026755672,22.654932707906383,22.216245539424325,20.338910889555034,21.87801204584782,21.716419542521272,21.230934693025997,21.9396848570035,22.34072700108471,22.81976385886373,22.872312026755672,22.168352378223105,21.922830752844806,22.227685389204183,22.33161329011009,22.654932707906383,22.216245539424325,20.992539224181115,19.737948481829985,19.6786077924421,20.338910889555034,19.923323604743945,19.698586519847616,19.698069418625316,19.422006173689535,18.723334283809546,18.5594927432996,18.86250768965629,18.913841544278235,18.847745925364666,19.271766885512058,19.65468898579934,19.705585117019716,18.955604360756393,2024-11-20,25.133333333333336,23.574999999999992,21.825,19.750000000000004,test
2024-11-28,22.57967292985368,22.168292051527825,20.941166134751562,19.645521437062374,22.109162194152873,21.866205593880274,22.168292051527825,22.266824738219693,22.57967292985368,22.147142704328456,20.941166134751562,19.709383086833544,19.653899755110054,20.31051955099413,19.897613845705123,19.670310056166873,19.672715914562332,19.405126817996578,18.723688493596196,18.56471066480233,18.86725387187047,18.915109381246953,18.843158729460185,19.26354831588072,19.645521437062374,19.702975151171177,18.961370181534743,18.706525118964418,18.16418516039844,17.535451866759562,17.58122514575545,17.658388570704158,17.92035762167768,17.898587460159398,2024-11-27,22.708333333333332,22.075,20.88333333333333,19.39166666666667,test
2024-12-01,22.587686383313823,22.151418122981028,19.73199674917528,18.98120523860027,22.266386307961643,22.587686383313823,22.151418122981028,20.928016046050857,19.67684261884154,19.62467876535016,20.297258378871195,19.882794057588224,19.65574262865325,19.663169505468453,19.395571882403,18.70514958079203,18.548208482214942,18.8608096936649,18.915285008519646,18.846175439823806,19.278561332106488,19.671347652939748,19.73199674917528,18.98120523860027,18.725455371095066,18.17803032738622,17.540873806426088,17.590454251942248,17.671365902994445,17.938331026993055,17.91816976806375,17.765237913850058,17.10048783443518,17.08781510426784,2024-11-30,22.708333333333332,22.075,20.88333333333333,19.383333333333336,test
2024-12-07,20.267701568448434,19.681789251982146,19.38456606192499,18.560534641263093,20.267701568448434,19.863494593572085,19.64153597981783,19.6443713668502,19.38456606192499,18.714136920117507,18.560534641263093,18.85589489195472,18.905000333120167,18.83538515371794,19.248608963121566,19.626717091488068,19.681789251982146,18.952960966351146,18.697722542775114,18.163799720864112,17.543956112212815,17.58619916156027,17.662071797940786,17.916230787722203,17.893770607789218,17.73801017689992,17.090951229476623,17.075656500585847,17.017189460876384,16.82090671407667,16.886248311471157,17.045226977051904,16.72301679204654,16.82271061032764,2024-12-06,22.358333333333334,21.866666666666664,20.88333333333333,18.983333333333334,test
2024-12-14,19.726642881944365,19.287900782935132,18.86721118480174,17.556047191749954,18.88905714038108,18.937051508882863,18.86721118480174,19.287900782935132,19.671452726722126,19.726642881944365,18.987028716354637,18.72933487857187,18.184860590263305,17.556047191749954,17.599800373369426,17.67636782415221,17.93326893161666,17.910090770258652,17.75346248184493,17.094564811848333,17.0793963373937,17.021575429720862,16.822755134610535,16.88884667400419,17.05042233286554,16.72568402812649,16.82488366381944,16.71416157503406,16.832264115322435,16.159953364039648,15.618264590650773,15.840070524816344,16.59436735655984,16.28382982878908,2024-12-13,21.866666666666664,20.88333333333333,19.39166666666667,18.566666666666666,test
2024-12-21,18.73057294637556,17.93880183866299,17.58721528426367,16.892776509143278,18.73057294637556,18.17676078851085,17.53843961824719,17.58721528426367,17.67004154597946,17.93880183866299,17.91469328796068,17.7600822320346,17.08869338430112,17.076755932748924,17.020603355556148,16.820604365447945,16.892776509143278,17.055771796184988,16.72741054003717,16.828867033311578,16.71709723160222,16.83853582558081,16.1522884221326,15.600952724982735,15.823301852184397,16.59576391407625,16.2763948791839,16.665958451460593,16.555834360416966,16.670610062100355,17.44993774348451,17.46031213891204,16.83533268080539,16.568881463018673,2024-12-20,21.866666666666664,21.150000000000002,19.65833333333333,18.566666666666666,test
2024-12-28,18.101660880981786,17.784166169001235,17.436628123605797,16.902013184230515,17.761336908022024,17.110063268057733,17.095349271085134,17.03575730887105,16.840288573602724,16.902013184230515,17.05369807751459,16.735415723559257,16.83587061076433,16.726966510830174,16.84228358669954,16.178191495539792,15.638250929704459,15.85031631712393,16.60209391030819,16.297208654995586,16.676876682340414,16.570002369536407,16.68461633443265,17.436628123605797,17.44471797207962,16.842865156152175,16.59021729923296,16.980445210018377,18.01052984959418,18.101660880981786,17.41969986837714,17.547413820360134,17.784166169001235,17.341685948798762,2024-12-27,21.866666666666664,21.150000000000002,19.65833333333333,18.366666666666667,test
2025-01-01,18.07612275994437,17.76175271647053,17.40352652817298,16.81011407756519,16.81011407756519,16.869456270041223,17.018259600718697,16.703001117121318,16.805271285026667,16.697256290148072,16.809597005698443,16.15924724953372,15.627299636232049,15.837398348863154,16.57874171062204,16.28273929206334,16.657573199452536,16.551746385840456,16.669809949736212,17.412051289957,17.421183807955252,16.827822058647165,16.582992532793682,16.967692617230036,17.98210691940309,18.07612275994437,17.40352652817298,17.529480533389446,17.76175271647053,17.32855673099021,16.739227741560754,17.02526994461585,17.094302817254405,16.66137104099785,2024-12-31,21.866666666666664,21.59166666666667,19.941666666666666,18.48333333333333,test
2025-01-07,18.211176115893007,18.00387411270828,17.44413701816557,16.858045219440086,16.83639836925713,16.172900715249053,15.632349368306821,15.846555753027413,16.60219690078078,16.300135324065423,16.675383659700902,16.56478052536485,16.681332355883583,17.435917514082018,17.44413701816557,16.840185359708325,16.58945464577724,16.97433830260533,18.00387411270828,18.096205919765563,17.411294269740193,17.5392421558057,17.776695552246153,17.335486903441318,16.73036988915572,17.020032774172847,17.08845713123003,16.648990365313935,16.276941545165784,16.282610727108157,16.858045219440086,17.306857217026646,17.645065403632973,18.211176115893007,2025-01-06,21.608333333333334,21.208333333333336,19.941666666666666,18.583333333333332,test
2025-01-14,18.31826475572235,18.13824090784726,17.802755706032734,17.44734946111369,16.62345074895596,16.740848205242237,17.498622352362926,17.504052443150684,16.889178853202967,16.63605376405367,17.020076575772578,18.047099609663864,18.13824090784726,17.44734946111369,17.572186721138088,17.802755706032734,17.358131871810308,16.74730629218421,17.031392830931445,17.0998097365322,16.657351499535835,16.281488875504767,16.281265566040176,16.861176854772957,17.312502848337893,17.64802236630706,18.2194277878744,17.473943086572493,17.965830454089495,17.325981936230754,18.31826475572235,17.776975751902096,17.835323272391214,17.6666190846686,2025-01-13,21.608333333333334,21.208333333333336,19.71666666666667,18.341666666666665,test
2025-01-21,19.71500351374572,18.595434433344384,18.269178522775505,17.668790424513805,18.11638736238411,18.205297334662657,17.499836365339604,17.622291983013348,17.853302062025747,17.396853231774752,16.77414079191448,17.062446066475292,17.127444974505234,16.673369440667937,16.28803372881301,16.2852516970977,16.868091895024182,17.323088753640995,17.664586137254062,18.240804673897184,17.480884787655835,17.97685391285571,17.327111685998066,18.329615991595567,17.77972724178413,17.841643234738758,17.668790424513805,18.38771966617686,18.595434433344384,18.340420148831416,17.428957902283233,18.269178522775505,18.810301725507273,19.71500351374572,2025-01-20,21.608333333333334,21.208333333333336,19.791666666666668,18.325,test
2025-01-28,20.525470714896937,20.15563274913109,19.211022844663074,18.232901175342484,17.07383170460987,17.136202086808126,16.68660118678691,16.306200778840818,16.30320334443291,16.880211711280538,17.329352123170516,17.6661113153711,18.232901175342484,17.482006961797676,17.971446014898707,17.33108166846317,18.322962856746035,17.7820442878596,17.844291452019277,17.673614406493925,18.382849161071217,18.58951295097289,18.340066950812183,17.445702554603788,18.27746944679888,18.813877313932846,19.707445195900085,18.859992067886026,19.512590362759447,19.211022844663074,19.73476089280656,20.525470714896937,20.305899940551054,20.15563274913109,2025-01-27,21.608333333333334,21.208333333333336,19.71666666666667,15.733333333333333,test
2025-02-01,20.813539809300845,20.487067023567043,20.147011725928415,18.382884977265135,16.33870908364579,16.90973804597395,17.353113005782017,17.6855313985893,18.24757471079006,17.503475553486496,17.98291724292505,17.344907695912205,18.325548999631003,17.788589019635033,17.849136675799997,17.681543471934184,18.382884977265135,18.58335500471091,18.333376583531876,17.448886564370945,18.272045643632886,18.803752960355347,19.691420537276706,18.854494056488015,19.498520758358406,19.19923453001426,19.72030012030165,20.504949329902914,20.290524689594925,20.147011725928415,20.193353732145056,20.487067023567043,20.37133183832808,20.813539809300845,2025-01-31,21.283333333333335,20.316666666666666,19.525000000000002,15.733333333333333,test
2025-02-07,24.725560991226494,23.00143364578741,20.79514031496649,19.68619993202091,17.987384147327674,17.35975919729831,18.32931494003591,17.801196659262875,17.859053019051682,17.69087958215548,18.379206658486204,18.583581035301464,18.340377502144936,17.47194456168198,18.28724936484094,18.81167788432165,19.68619993202091,18.85891446367332,19.502425141986617,19.21205309067366,19.731340247790943,20.509742657243486,20.299042168483876,20.15701517554818,20.201318273164034,20.499353957257483,20.389839974975338,20.830888746131723,21.646117793255353,20.79514031496649,21.700763491775255,23.00143364578741,23.535165003425753,24.725560991226494,2025-02-06,21.833333333333332,20.316666666666666,19.483333333333334,15.733333333333333,test
2025-02-14,24.770999018091725,23.02523030858625,21.907276941140996,20.48664057269073,18.504952058337476,18.261061343241998,17.381232505524107,18.211865914169422,18.747345793244428,19.636354396046304,18.799899284807136,19.45397483488924,19.163989087404506,19.692739753269276,20.48664057269073,20.276757275586252,20.13449070415404,20.181133534664397,20.483570619245043,20.375322815359,20.822693138699442,21.651609075505537,20.78982235446036,21.707290073238937,23.02523030858625,23.563810475120206,24.770999018091725,22.375869301557216,21.805265282920956,22.411231081431346,22.20678504931936,21.907276941140996,21.652978093662487,21.102159373972007,2025-02-13,29.191666666666666,28.541666666666668,21.283333333333335,18.90833333333333,test
2025-02-21,24.711056350870056,23.30190431447159,22.360943713324357,21.64036580068844,19.443852873711183,19.167328119151087,19.691031584340415,20.475037562015288,20.2729381796728,20.133296372228685,20.17854443163206,20.479033971669995,20.380243043801066,20.823089054508355,21.64036580068844,20.79680928813853,21.69648089610574,22.9887169932118,23.51958244340271,24.711056350870056,22.360943713324357,21.802376609276887,22.398833451858685,22.195496476806934,21.89824621183621,21.649564245184653,21.113904806245003,19.94250446174504,20.13864513212259,20.699997763670673,21.667142870318962,22.14509801101295,22.99900092822279,23.30190431447159,2025-02-20,31.816666666666663,29.191666666666666,25.866666666666664,19.483333333333334,test
2025-02-28,24.67123007781932,23.736684649459303,23.313441801384695,22.154773076777392,20.307399410850163,20.210844417516135,20.662595156891122,21.497930199654252,20.652019268984173,21.577685572844416,22.90456265669496,23.44989135075053,24.67123007781932,22.289175611981804,21.72967888755504,22.34960070940367,22.154773076777392,21.865200713792404,21.615900457760862,21.078095374528566,19.88926185910559,20.090883946886898,20.668163272834125,21.655294725617765,22.145299216137232,23.00791286913569,23.313441801384695,24.04786435165839,23.722017593069857,22.832128875155924,23.736684649459303,22.574203086111506,22.84620734038158,23.475098067835937,2025-02-27,34.55,31.816666666666663,28.849999999999998,21.291666666666668,test
2025-03-01,24.679227798827238,23.746503055839906,23.323432875501428,22.290388534172198,20.20573679374651,20.658081081703813,21.495466553949512,20.647112400294723,21.575523096565384,22.90664877784203,23.45079432964651,24.679227798827238,22.290388534172198,21.729630590683737,22.351932721232902,22.15715252213003,21.867604370729435,21.615146421569293,21.07957565334614,19.88745916715936,20.089966834075348,20.669351285955578,21.659666382001063,22.151574385087773,23.013775312686754,23.323432875501428,24.059506809761174,23.732383452337988,22.83969972610449,23.746503055839906,22.580467805049683,22.849669533440093,23.482955332355502,23.159606659265066,2025-02-28,34.55,31.816666666666663,28.849999999999998,21.833333333333332,test
2025-03-07,25.358962386240922,24.587813444151475,24.036619587946976,22.993848316014585,23.38805658214871,24.604737590005158,22.240863673224624,21.68824945720983,22.30653900657117,22.115116129359585,21.826743411458608,21.58466937077231,21.052740428938083,19.877081553362846,20.08246427192367,20.658783654419864,21.643335049811274,22.130291015303918,22.993848316014585,23.300056313187902,24.036619587946976,23.715894456668224,22.83105189037883,23.731738008284406,22.572898129349024,22.846992449068875,23.472972321014048,23.157313109155453,24.587813444151475,24.283074805728745,23.654710830454707,24.335550225589607,24.265114618666395,25.358962386240922,2025-03-06,34.55,31.816666666666663,28.974999999999994,24.966666666666665,test
2025-03-14,27.57670032851214,26.76830168834933,24.992733740009676,23.74602468080416,21.57906079015894,21.04986662465338,19.872933356014258,20.08248820647841,20.666263325754315,21.661532851610644,22.15685478279471,23.010714823187957,23.3230597253393,24.06767257480302,23.74602468080416,22.857894696996475,23.766387676911545,22.603819678508945,22.8622050173379,23.49359593762022,23.17735533866271,24.614701563104006,24.30780724992206,23.676346325384834,24.362373588498546,24.272741615135814,25.373545782687252,26.924557371474137,27.57670032851214,26.76830168834933,24.944006230324586,24.992733740009676,26.33543937477124,25.404035588202042,2025-03-13,35.09166666666666,33.275,29.46666666666667,26.141666666666666,test
2025-03-21,28.787726572085717,27.49953155665181,26.769698472860593,24.970623448679213,23.093718043923538,23.391132483989143,24.11145476849754,23.800006711128095,22.937340602713004,23.80099723800877,22.67259022510279,22.930565678102585,23.53636948765657,23.238827770562068,24.62274037487144,24.32343809871312,23.710903647312463,24.36620375066058,24.295520792628185,25.359233116058498,26.86428828861434,27.49953155665181,26.724308197729957,24.970623448679213,25.01872254810234,26.331023014052825,25.444704458034966,25.576932445369202,26.569501393990745,26.949559792041416,26.769698472860593,26.84295628419033,28.435773006078925,28.787726572085717,2025-03-20,35.09166666666666,33.275,29.46666666666667,24.966666666666665,test
2025-03-28,28.837398695763945,28.441057551622784,27.93154262188015,26.74091653573824,22.924661605365895,23.531988771651225,23.244705608021942,24.626917191395144,24.338069295745242,23.736481754955346,24.39479611303976,24.307266307209552,25.367514633196006,26.867297036526576,27.50441333979125,26.74091653573824,25.004332971051902,25.057432496564484,26.339699290714368,25.462064252988196,25.59685168230226,26.58610737239694,26.96682202274344,26.790037377270323,26.86630403895715,28.42545456191768,28.775506571425762,28.441057551622784,28.08976032207281,28.837398695763945,27.93154262188015,27.45668427366571,28.114057410224298,27.842329704158992,2025-03-27,39.45833333333333,35.09166666666666,30.54545454545455,26.78333333333333,test
2025-04-01,29.605115003275674,29.497338815733922,28.421643965236385,26.984379277155842,24.365995476007015,23.786108647536924,24.429946657557036,24.359953262474594,25.380801031092993,26.848776271160812,27.477222323529265,26.73668675076579,25.052488807774026,25.10705775477936,26.368181269146564,25.503725389834432,25.643422218756232,26.61328988798383,26.984379277155842,26.815945267432678,26.892125213585683,28.421643965236385,28.750219540541895,28.4329814180922,28.09877072644548,28.82624046270387,27.948579274185516,27.488696967362063,28.141313434251767,27.86537391634176,29.605115003275674,29.497338815733922,29.553499933584693,28.02967194450692,2025-03-31,39.45833333333333,35.50833333333333,30.54545454545455,27.049999999999997,test
2025-04-07,31.075166903208366,29.909193985689313,29.51090805514862,28.097557972192483,27.557115522063572,26.791618914376635,25.045366723714675,25.095125690664496,26.383998816647427,25.486515227083107,25.62626751631983,26.611517647878244,26.991683569140378,26.807757914395555,26.881230014967745,28.448324419793785,28.781709361420493,28.453082888080097,28.097557972192483,28.847326107755514,27.935473114230604,27.45936800212981,28.125755936373107,27.838879828712283,29.631172703364857,29.51090805514862,29.57103124647445,27.99517366077543,28.879045402534988,29.231598917698467,29.708502642179198,31.075166903208366,29.909193985689313,30.37626592230211,2025-04-06,39.45833333333333,35.50833333333333,30.308333333333334,27.049999999999997,test
2025-04-14,31.072208729062833,30.498057762532387,29.694521532298253,28.855568654465774,26.54851139309783,26.939303406219295,26.74859587069971,26.813834428882974,28.3919257854043,28.731070049560177,28.400115621326194,28.048598379334397,28.815347192840388,27.89378317616293,27.4076099986789,28.079873930434182,27.79548481736397,29.60412019414859,29.490620547201427,29.562419242296784,27.971269860301543,28.855568654465774,29.210360927245706,29.694521532298253,31.072208729062833,29.902311790565616,30.3819982105822,30.498057762532387,29.36305020478087,29.669210188758232,30.364043019578634,29.08031242977349,28.618243201143468,30.508495706656934,2025-04-13,39.45833333333333,35.71666666666666,32.29166666666667,29.03636363636364,test
2025-04-21,32.36052034816897,32.08615395353398,30.825495746962634,29.67827831843096,28.03071474757384,28.812010741740522,27.878602386564534,27.389626088852513,28.07582980041111,27.786020356135328,29.624634119470965,29.500481052165824,29.57431618737411,27.958870792041253,28.863829078767296,29.225684256312604,29.71657277476155,31.114823560943872,29.913548096739596,30.400456787583554,30.520438523885968,29.368029725552272,29.67827831843096,30.381572503689906,29.06920842358965,28.58666805074916,30.50778026990192,30.137009737287464,30.825495746962634,31.8310357826517,32.252276502826135,32.36052034816897,32.08615395353398,31.341816463579345,2025-04-20,40.958333333333336,38.324999999999996,33.891666666666666,29.025000000000002,test
2025-04-28,33.68274317314556,32.32350819328099,31.83800460301792,30.532753803791522,29.529476115464497,29.608189131508407,28.063586820451757,28.920409273780248,29.260229800074608,29.729516529237383,31.073791712763434,29.930947814074912,30.405911898870947,30.524454261945376,29.41293749837988,29.705620213518575,30.38097456321136,29.132496853487527,28.68109061764996,30.532753803791522,30.184658072351073,30.83925385488349,31.800861799729987,32.209001643673446,32.32350819328099,32.07369599969873,31.37473811868743,31.550061905892527,31.883224444873118,31.756083748433067,31.65070257320322,31.83800460301792,32.77141792351136,33.68274317314556,2025-04-27,40.958333333333336,35.71666666666666,33.891666666666666,29.766666666666666,test
2025-05-01,33.702055671811316,32.50198941508073,32.10325117116111,31.38543876973936,28.93313141146897,29.2750343987171,29.747193204171552,31.1006351822896,29.94600620289035,30.424433088668508,30.55327698917463,29.425797169795135,29.719683442141438,30.39870942127845,29.14142695228303,28.682292255133618,30.546097889113934,30.204659285533687,30.854668466212164,31.82156141545794,32.23124541743561,32.345826484879616,32.0894571719811,31.38543876973936,31.570916451791796,31.89740426019273,31.7683913084852,31.661326693361406,31.849473186295103,32.78460455486117,33.702055671811316,32.10325117116111,32.47599087654853,32.50198941508073,2025-04-30,40.958333333333336,35.71666666666666,33.48333333333334,29.766666666666666,test
2025-05-07,33.66387404981464,33.39984892548881,32.463959560583625,31.848948957529743,30.44316724539978,29.31606485039254,29.611994506118002,30.29529781648813,29.036344857361712,28.58346338534181,30.454960481014652,30.120959366435056,30.773888480930548,31.74501762441374,32.16076063778534,32.274481797872575,32.02478240756279,31.32882386973206,31.520841007895704,31.848948957529743,31.722504751934146,31.619230788445694,31.803707717526034,32.74211423477956,33.66387404981464,32.06842805832466,32.43910603447942,32.463959560583625,31.973588844810923,32.22132059206091,32.877842350371964,33.3581358753975,33.52671998020926,33.39984892548881,2025-05-06,40.958333333333336,35.71666666666666,33.87500000000001,30.849999999999998,test
2025-05-14,33.852826443921444,33.71292191164876,33.434240286409945,32.41151061151764,30.21372518665552,30.866492092317074,31.836875976872516,32.24851750375674,32.36338897596538,32.103429935765796,31.40503278929604,31.591372246405413,31.917117234813972,31.78796293323522,31.67929462719588,31.864318818310036,32.79271754841319,33.71292191164876,32.11209424794228,32.481722507182596,32.50561306304128,32.01177789103245,32.26242776002129,32.911442440001615,33.392801394408444,33.55941912819873,33.434240286409945,33.852826443921444,32.92316901966795,33.76346075657957,33.52363420432287,33.55656527850231,32.678673674908055,32.41151061151764,2025-05-13,40.958333333333336,35.375,34.2,32.35,test
2025-05-21,34.478833233112034,33.83130772549843,33.53342329701202,32.91520668985862,31.562872808889153,31.887476951665285,31.765988989013895,31.666119385201466,31.844568546103257,32.762847094448254,33.67726186223679,32.088053600203814,32.45620735913026,32.486692283552586,32.0039540750879,32.24742756770227,32.88787329770936,33.3659772725049,33.532735300560965,33.40893207141325,33.83130772549843,32.91520668985862,33.744269005053425,33.50120432085873,33.53342329701202,32.66200913745718,32.39684361130686,32.6268220563362,33.20278566392334,33.21146119042216,33.762721395055124,33.37724628092429,33.93201906483949,34.478833233112034,2025-05-20,40.01666666666666,35.13333333333333,34.2,32.63333333333333,test
2025-05-28,34.61795119039239,34.4827326897784,34.27022352045667,33.50822518674878,32.06180577871189,32.44113578117132,32.474311578669415,31.979286226783593,32.2271645127747,32.88830600458552,33.36734079353464,33.53780679518154,33.41141092318131,33.847271211946435,32.90644419235452,33.75585252337358,33.50822518674878,33.52828310100116,32.630867610289926,32.35846715842066,32.59586523528577,33.18819158030452,33.193664193744524,33.76205939494307,33.35230603995528,33.92064902958061,34.4827326897784,34.61795119039239,34.27022352045667,34.58552488727574,34.43161150835495,34.245438677264396,34.38293559616501,34.45257635572782,2025-05-27,35.375,34.92499999999999,33.99999999999999,33.041666666666664,test
2025-06-01,34.96984244515568,34.604755766136435,34.44569847477487,33.75850076849695,32.2079287722671,32.86092113485866,33.33451958270938,33.4993755125592,33.37790301264522,33.81096992087142,32.89104495568624,33.7301469165153,33.48954815243934,33.51210860770959,32.6263688970252,32.36150498769585,32.599322243948116,33.18838144854438,33.196435710418726,33.75850076849695,33.35723013600173,33.913318373469075,34.46874950951063,34.604755766136435,34.26716758866993,34.5787829262368,34.42842119369628,34.245773226128655,34.37634935985788,34.44569847477487,34.96984244515568,34.60459151947395,34.67764022578427,34.15036771998328,2025-05-31,37.291666666666664,36.208333333333336,34.92499999999999,33.416666666666664,test
