tag,pred_m1_hot,pred_m1_p3,pred_m1_p7,pred_m1_p15,fc_d1,fc_d2,fc_d3,fc_d4,fc_d5,fc_d6,fc_d7,fc_d8,fc_d9,fc_d10,fc_d11,fc_d12,fc_d13,fc_d14,fc_d15,fc_d16,fc_d17,fc_d18,fc_d19,fc_d20,fc_d21,fc_d22,fc_d23,fc_d24,fc_d25,fc_d26,fc_d27,fc_d28,fc_d29,fc_d30,pred_point,true_m1_hot,true_m1_p3,true_m1_p7,true_m1_p15,split
2021-06-14,32.81314293402953,32.165379850341374,31.850044086223434,31.529250156087798,30.05898084567602,29.9947427751704,30.782807686714555,30.213804770467505,30.42871211773007,30.987332825254253,31.647997739313652,31.659102506574154,31.81679650129408,31.20938323704038,31.233315118601926,31.229501200723686,31.273102284410513,31.850044086223434,31.848838859686396,31.9149073539526,31.425177533594987,31.38868079188328,31.390805907511968,31.63918413389738,31.861591007796655,31.410824142299642,31.333144751307117,31.529250156087798,31.730605978761613,31.750825251477796,32.088012083467675,32.517464432537246,32.81314293402953,32.165379850341374,2021-06-13,34.050000000000004,33.733333333333334,33.349999999999994,31.941666666666663,test
2021-06-21,32.78585202913499,32.41300313508078,32.149745083864694,31.782552467180288,31.576865165188295,31.737819606033966,31.127585009899658,31.153961028652695,31.15399475159337,31.200894318119463,31.782552467180288,31.78462338461162,31.85546469808871,31.365311480826193,31.332121318035984,31.33891387496511,31.59217538912169,31.816983018514332,31.366154734075177,31.291372735698907,31.48989731082884,31.694294896626893,31.71726309826127,32.05759811592229,32.488250039515684,32.78585202913499,32.13480695992775,32.010549192306634,32.0618784886428,32.36088926077837,32.149745083864694,32.315924249532955,32.41300313508078,32.403553882803436,2021-06-20,34.07500000000001,33.84166666666667,33.550000000000004,32.38333333333333,test
2021-06-28,33.33013403496726,33.11414376709913,32.48434235208785,32.15391479097567,31.78867078462484,31.856063029510942,31.390833207066834,31.361451049605762,31.367497280245896,31.610810965746616,31.835786658532047,31.409581039554332,31.336576590438494,31.527267481607748,31.723390276140403,31.743755738531444,32.06920702133533,32.48984593572846,32.777326820813585,32.15391479097567,32.036308474659954,32.08628976296866,32.37022404928532,32.16960760382959,32.33822339409281,32.43481126310277,32.424288593810715,32.35342882798321,32.48434235208785,32.466755093929265,32.813680811438914,33.33013403496726,33.170332771123945,33.11414376709913,2021-06-27,34.07500000000001,33.84166666666667,33.550000000000004,32.733333333333334,test
2021-07-01,33.327790581016735,33.105895559660546,32.627187002104755,32.3365567209772,31.36281531841102,31.369842550310224,31.617273384151083,31.842611043533807,31.40408706508976,31.328857314838448,31.522875254607712,31.719466503897035,31.74054220358773,32.07151027250343,32.496683620283974,32.7884662927128,32.149327886878055,32.027419237439226,32.07420915554483,32.36508426934195,32.15745819789704,32.32473982714965,32.4213352299007,32.41010884571985,32.3365567209772,32.466814373390044,32.4496716708139,32.803471156283194,33.327790581016735,33.16284279505766,33.105895559660546,32.68906288168816,32.57180359202895,32.627187002104755,2021-06-30,34.07500000000001,33.84166666666667,33.541666666666664,32.733333333333334,test
2021-07-07,33.60354137337275,33.183359535534606,33.08873102814843,32.53893072915097,31.55803759862927,31.75901952884269,31.78031414782384,32.11429870132654,32.53893072915097,32.831213384300234,32.180843886751205,32.055352626231276,32.103579313277294,32.398169565693486,32.18514453063484,32.34786104190438,32.442065814957644,32.429227848785374,32.353233291806575,32.48677819077104,32.469515461335575,32.82724995551904,33.35342083129312,33.183359535534606,33.12540453685993,32.70235080373404,32.586080535364644,32.6438561442406,32.77689400837683,33.133756751276806,33.60354137337275,33.18216788708757,33.01237099334097,33.08873102814843,2021-07-06,37.40833333333334,35.64166666666667,34.07500000000001,32.9,test
2021-07-14,33.594786790456325,33.17788168460522,33.095513395925714,32.82126282931708,32.05911209416309,32.10632290022431,32.39611513829539,32.18506440580116,32.3478646565972,32.44274812368914,32.42954028878857,32.354759516364744,32.486388641963586,32.46811898117818,32.82126282931708,33.343394540523185,33.1772622992957,33.11960148313315,32.70195481519797,32.58679385823631,32.64273927231329,32.77384978421785,33.12864733273053,33.594786790456325,33.17788168460522,33.01038048046862,33.08541389393076,33.095513395925714,33.00201919101689,32.99164934299852,32.89225422991416,32.749721513238384,32.974673476072795,32.95979598025681,2021-07-13,37.59166666666667,37.15,34.38333333333333,33.550000000000004,test
2021-07-21,33.59764652936155,33.19846931127917,33.140686880086776,32.96951047425649,32.38644988745753,32.516184411968055,32.49696689648511,32.84375305414434,33.35782830469915,33.195160930476305,33.13662550625401,32.72450490347465,32.610974586969874,32.663518039469224,32.79156060680216,33.140686880086776,33.59764652936155,33.18617980795904,33.01910442712863,33.09195412067464,33.09946115444418,33.00724021560136,32.9983393456657,32.90082792624971,32.758970974145214,32.977440577621294,32.962701640908605,32.624451654967615,32.671581406982476,32.94290462843422,33.1425617833409,33.19846931127917,32.96951047425649,32.9082118786107,2021-07-20,37.59166666666667,37.15,34.574999999999996,33.6,test
2021-07-28,33.59228482154583,33.21482712258735,33.133332206010785,32.97834852027487,32.71395156711662,32.60031908880026,32.653847709638036,32.7819444326435,33.133332206010785,33.59228482154583,33.18036827566938,33.01388322204584,33.08799671570192,33.09683250657947,33.004203964946264,32.99644183245941,32.898900219345286,32.75776428001297,32.97834852027487,32.96439040006258,32.625847525146256,32.6728008998254,32.945975586055155,33.14631108414135,33.203190299389995,32.97396252737079,32.912640830461285,33.034647745450414,32.85342751271674,33.104957920307754,33.26476313366406,33.21482712258735,32.948941194615166,32.92613636727609,2021-07-27,37.59166666666667,37.15,34.574999999999996,33.6,test
2021-08-01,33.61842334298975,33.2293640340798,33.157254128699094,32.99528885466297,33.157254128699094,33.61842334298975,33.203275159497224,33.03579615056439,33.11001124008843,33.11855000251463,33.02619414923957,33.014927197230975,32.91531765689382,32.77285827919288,32.99528885466297,32.98082542291476,32.63952645852969,32.68796289869113,32.959949580247084,33.16071364661981,33.21807436165951,32.98774224266188,32.92597710885374,33.04907558318501,32.86810381809729,33.1187503656001,33.27914982736343,33.2293640340798,32.96254897936689,32.94001420215352,32.82801529134643,32.610272509828675,32.821093659023624,32.62187647563718,2021-07-31,37.59166666666667,37.15,34.574999999999996,33.708333333333336,test
2021-08-07,33.279848747308954,33.2276656506056,33.07873756287697,32.946043391477126,33.09016561672473,33.07873756287697,32.97806732975643,32.8332387639127,33.05291894886989,33.03483357829067,32.68966954761859,32.727919507312976,32.99611383452172,33.19267247785874,33.24531889113123,33.012004664139724,32.946043391477126,33.06411136355621,32.87399517341196,33.12196799833229,33.279848747308954,33.2276656506056,32.960436319551924,32.93644510867626,32.82307154818022,32.59957592539536,32.81124087798317,32.61380812152597,32.44749945732975,32.47493612251786,32.31976834657001,32.40543437645366,32.29942105218212,32.38466279444833,2021-08-06,37.15,34.38333333333333,33.891666666666666,33.25833333333333,test
2021-08-14,33.299374851588624,33.2446038551529,33.045740690517896,32.78745964580268,32.7740597036836,33.03565365174753,33.23032182389357,33.28037054409981,33.045740690517896,32.977774228506675,33.09293159827404,32.90351738503803,33.14394737543985,33.299374851588624,33.2446038551529,32.97610085025024,32.95015232964907,32.835280771999976,32.61338931243154,32.818669074818374,32.62140664240584,32.4543628915014,32.4809120581691,32.325947607229196,32.411038550641514,32.30789169651901,32.38894882161304,32.35247134479931,32.373492124639505,32.21280412461852,32.14075970036383,32.05456093923986,32.194278585309945,32.78745964580268,2021-08-13,34.758333333333326,33.94166666666667,33.475,32.71666666666666,test
2021-08-21,33.311578638230834,33.15578944080293,32.84229970160008,32.3912906034712,32.91328674897586,33.15578944080293,33.311578638230834,33.255215055290385,32.98305332163159,32.95694893830664,32.84229970160008,32.618757699267064,32.82556242118004,32.62318122202704,32.45292306472821,32.480681261107726,32.32382505804036,32.412656193337874,32.31016588621336,32.3912906034712,32.35277904074774,32.37414341046692,32.21234396940206,32.14036157122034,32.05585948343972,32.200705238792686,32.802644907613036,32.2662685650181,31.743686102619172,31.654495610752356,31.935277228726726,31.992633868388868,31.874602989670752,32.366801067109115,2021-08-20,34.85,33.94166666666667,33.25833333333333,32.583333333333336,test
2021-08-28,32.83212493752443,32.630535225327584,32.42082253422638,32.2196594532702,32.62631672317932,32.83212493752443,32.630535225327584,32.46141107389386,32.4893474735043,32.33303148849356,32.42082253422638,32.317926144802044,32.398436679683115,32.35944906822565,32.38052527249563,32.2196594532702,32.147426413087295,32.06258297025697,32.20535435812978,32.80348697906228,32.269271874085746,31.749339657055533,31.66055564328471,31.93900948955804,31.995191888426394,31.876600446374496,32.36567749108403,31.950874904421166,31.48834234100325,32.005377274549296,31.49700651251434,30.96592199756981,30.836032228441194,31.323979367662186,2021-08-27,34.85,33.94166666666667,33.05833333333333,31.991666666666664,test
2021-09-01,32.80368402610771,32.425267583719084,32.36268377634605,32.002015617246705,32.49407304476721,32.33754435753175,32.425267583719084,32.32356493325593,32.40217888806049,32.36268377634605,32.38313731690697,32.22168440166043,32.1489278567102,32.06374217573624,32.20753306999288,32.80368402610771,32.268852592366386,31.748250211310534,31.65894930598365,31.93703437626373,31.993065955826946,31.875699336383672,32.36305610897784,31.947954575007284,31.48509110050998,32.002015617246705,31.493569993110988,30.96264824273026,30.834341461624316,31.320912990164608,31.41590376871823,31.12123276574263,31.163861109671924,31.11049687747837,2021-08-31,34.85,33.56666666666667,32.6,31.700000000000003,test
2021-09-07,32.81304925001116,32.370902683969206,32.15620095002483,31.66388548542359,32.39112483152598,32.22913370450802,32.15620095002483,32.070503605698185,32.215713218654685,32.81304925001116,32.27518842942419,31.753396597649107,31.66388548542359,31.94307303090836,31.999200115082417,31.882545486795756,32.370902683969206,31.95335683214387,31.48969206012558,32.008618447569994,31.498868798101036,30.96629431836582,30.838854746838873,31.326605798267742,31.421012423746998,31.1262510190092,31.169444502234686,31.116403726254003,30.810025290896235,31.32381270200639,31.366446709327143,30.53649132255508,30.08761777734867,29.962221427742932,2021-09-06,34.85,33.56666666666667,31.98333333333333,30.608333333333334,test
2021-09-14,32.35702354227277,31.98973078712707,31.74864303421667,31.163855400956262,31.74864303421667,31.660095032825605,31.93955257497681,31.98973078712707,31.872579074262763,32.35702354227277,31.94882262254026,31.484117591462027,31.999070078442035,31.495985096095897,30.96224265048009,30.83441156016324,31.318277468970678,31.41790643605072,31.12076076731557,31.163855400956262,31.11379208801054,30.80441515933364,31.31260286168463,31.354928426579463,30.53763534251309,30.087552253509358,29.96332324906534,29.533287369646516,29.89594743356429,29.901243102155423,30.410886978505438,30.119421464457567,30.10192898795862,29.974381576790318,2021-09-13,33.56666666666667,32.03333333333333,31.700000000000003,30.183333333333334,test
2021-09-21,32.00258422277265,31.48411900651944,31.322355952879178,30.549036029198966,31.48411900651944,32.00258422277265,31.496317176836865,30.962283538919596,30.83541607888315,31.322355952879178,31.424100118166738,31.127394446881006,31.172404781186664,31.121457920546632,30.81296428945055,31.32495394391974,31.36837818723136,30.549036029198966,30.0984429796331,29.975018744796017,29.541976459415892,29.90790548580511,29.914219839938657,30.42636418109556,30.134483579018337,30.11770595007638,29.99030302401454,30.077821086697657,29.782453452997473,29.173008462313472,29.705398142397097,30.866101837982608,29.90640932610161,29.49373650841753,2021-09-20,33.56666666666667,32.03333333333333,30.233333333333334,29.875,test
2021-09-28,31.37085599806476,31.15667598314292,30.792642808251166,29.943861569059898,31.110052567735202,31.15667598314292,31.10665430914811,30.792642808251166,31.32363019231236,31.37085599806476,30.525264348476576,30.06981558763452,29.943861569059898,29.501921402462365,29.880717291876252,29.892968005648658,30.42188109209114,30.118326687863703,30.10881425118414,29.97936809546428,30.072508506196975,29.77304291668744,29.153819354085265,29.70425464216015,30.89278665205208,29.915980232512375,29.494428592879668,29.224769079241927,29.35292008203701,29.473062926545715,29.063567984101216,28.54092758860419,28.225769403706394,27.99535076943084,2021-09-27,32.03333333333333,30.233333333333334,29.925,29.45,test
2021-10-01,31.34885927619806,30.877913840051168,30.114158111849466,29.876093310410692,30.776552802467165,31.300956390096406,31.34885927619806,30.514232870812354,30.061795742361532,29.937821326033582,29.50105334588553,29.876093310410692,29.888553881915897,30.412900583958184,30.114158111849466,30.102440778173737,29.974878983267267,30.06651314966223,29.770795686019166,29.158548791353468,29.70328003287312,30.877913840051168,29.90920852103889,29.491747137219726,29.223552211526467,29.349012212654607,29.465983278214626,29.060784319176673,28.543188487599235,28.227025917163328,27.997258944758215,27.874447861162547,26.64974912240423,26.723134753964136,2021-09-30,32.03333333333333,31.291666666666668,30.183333333333334,29.316666666666666,test
2021-10-07,30.863698785747115,30.083970197486178,29.8965505949394,29.34185085384851,29.465859973897935,29.841087517806358,29.853865527969766,30.3804248095229,30.083970197486178,30.074254836017232,29.949148135828175,30.04425629536698,29.749455980315233,29.138040979215532,29.685605366652247,30.863698785747115,29.8965505949394,29.481215769101517,29.215881586272797,29.34185085384851,29.459207708910323,29.05527377967196,28.538998073062075,28.22343370084261,27.994480640496324,27.873133562401936,26.646689051130394,26.71894020715,26.943460864347347,27.355724422390765,27.16868395033414,27.01452820392144,27.14293332732858,26.59971231973893,2021-10-06,33.96666666666666,31.774999999999995,30.233333333333334,29.418181818181814,test
2021-10-14,30.862059789860595,29.902041504931983,29.456681090108443,27.87327503488181,30.054442250508774,29.75999702671135,29.151011616474776,29.69270936605406,30.862059789860595,29.902041504931983,29.485352058097494,29.22057516485766,29.342979156148196,29.456681090108443,29.05337554621819,28.540493042385265,28.226952189772913,27.995127348624173,27.87327503488181,26.653426937783358,26.72262491371039,26.943501497027032,27.35276609191287,27.167374304276674,27.01044211654943,27.13719513819492,26.59624713787303,26.27520099251871,26.124314243918896,26.521450584081602,26.17526816457858,26.121023336179903,25.878055748730077,25.571320740554825,2021-10-13,33.96666666666666,31.291666666666668,29.95,28.191666666666666,test
2021-10-21,29.4125850257306,29.178055189840407,27.960652944014953,26.631979176944377,29.178055189840407,29.298452187603,29.4125850257306,29.010502956414737,28.499673811226057,28.189948854940145,27.960652944014953,27.843752122177218,26.631979176944377,26.70316790804249,26.922311925375126,27.328513723714135,27.146643775187094,26.992018362328984,27.12211868322964,26.58462405589097,26.26754206985493,26.11654289009988,26.509718954122256,26.166928055001314,26.113013884826223,25.8743195453843,25.568004575695245,25.532785354465503,25.80035385838116,25.064673319636682,24.10953767401045,24.230555509845516,24.37226548749851,24.751708938438817,2021-10-20,33.96666666666666,31.291666666666668,29.95,27.75,test
2021-10-28,27.80070527185922,27.116290022607433,26.658703675823876,25.867630387324,27.80070527185922,26.584390928868974,26.658703675823876,26.88187119526878,27.29469467513242,27.116290022607433,26.965610729785308,27.099318989587957,26.562821444985605,26.246791287794103,26.097522896348366,26.497130423070374,26.156276333752317,26.10626001969052,25.867630387324,25.562619517438666,25.5288871431064,25.79937680049762,25.060599795324848,24.10131253495927,24.225473327967958,24.367893173740605,24.75141140325855,24.621091511638046,23.69872626590666,23.759485489956536,23.603558591110513,22.800391420032906,23.653375134613363,23.899749804264435,2021-10-27,33.96666666666666,31.291666666666668,29.95,27.608333333333334,test
2021-11-01,27.361634977348945,27.161747196980116,26.30300940213993,25.08078542302429,27.361634977348945,27.181333395022456,27.028257480722033,27.161747196980116,26.625696087920645,26.30300940213993,26.153727837430154,26.542236125930373,26.19810960767934,26.143315659483772,25.90506752397,25.59830931204771,25.555917551422517,25.82411496536582,25.08078542302429,24.12240377058178,24.24210586152851,24.38447592010743,24.764480678500576,24.628220488610083,23.712382787050483,23.766856854868163,23.61017548643312,22.810219825768975,23.662002419535867,23.908181140578172,24.317933441042708,24.054692082463035,23.86718206949609,23.68464316576543,2021-10-31,33.96666666666666,30.55,29.74166666666667,27.327272727272724,test
2021-11-07,26.598598355047223,26.203380275427214,25.639261047334877,24.14488403072407,26.203380275427214,26.598598355047223,26.24386295148261,26.186740817496553,25.946110073042156,25.639261047334877,25.59472967092801,25.855847912371427,25.1160310847897,24.14488403072407,24.261515381351693,24.401431280601756,24.782077083235876,24.643799983703964,23.719980694607166,23.77999311200526,23.612909426810646,22.810314481268723,23.662437690725696,23.91116647241941,24.32184646022771,24.053807939897155,23.873912130040512,23.68332188766792,23.785537614783863,24.058467795458526,24.072937707960577,23.385956855781075,22.289850916605815,21.073378368597048,2021-11-06,32.775,30.166666666666668,28.908333333333342,25.383333333333336,test
2021-11-14,25.93266932467069,24.836025247688436,24.315386877044087,23.795874749351018,25.93266932467069,25.184473076936722,24.202703706632903,24.315386877044087,24.450289164609227,24.836025247688436,24.694919856639316,23.75772301597136,23.814498062501315,23.642530050457527,22.827139256783425,23.680323424829194,23.933351815061727,24.34693714197729,24.072694043401754,23.889311351545512,23.695892454196972,23.795874749351018,24.06764833086798,24.08743688906323,23.396913125250773,22.290580153851973,21.064745995856427,20.928037004836646,21.472757760143857,21.05587069084838,20.756183086952067,20.880646831580698,20.511029162816666,20.140215566743752,2021-11-13,32.775,28.908333333333342,26.50833333333333,23.833333333333332,test
2021-11-21,24.31719762300773,24.044726387920754,23.822367145994427,22.278133312253463,23.77161909088146,23.822367145994427,23.64822971778001,22.83968054850729,23.675551451539974,23.916138365699553,24.31719762300773,24.05505752158485,23.869486991062775,23.674771831354107,23.769047673541333,24.03289699685549,24.044726387920754,23.35894779356835,22.278133312253463,21.066650856524163,20.92923703572986,21.46320054993397,21.049785778490048,20.74810538390313,20.866695364528415,20.513000278310134,20.14508456028033,19.733176490557728,20.65671316830926,20.773622875519813,20.240474631588405,20.66578249091833,21.119084080893547,21.040259460743783,2021-11-20,32.775,28.666666666666668,24.333333333333332,22.649999999999995,test
2021-11-28,24.053958822353675,24.03030425073268,23.362962589979052,20.890659563835044,24.053958822353675,23.874109311985116,23.681653684273723,23.77317961428694,24.03030425073268,24.038741123459936,23.362962589979052,22.290181874281192,21.09807782425032,20.96167753686833,21.486362298859046,21.074979069509006,20.773655450546688,20.890659563835044,20.53447514183708,20.1738346688357,19.766194872019735,20.674643268048904,20.785892939708525,20.255912735778843,20.675137392730477,21.11466994311011,21.039024744819915,20.626583983304005,20.455813073785603,19.791329611742487,19.265819227507397,19.097644898030275,19.265952567579973,19.86249171708591,2021-11-27,32.775,28.666666666666668,23.833333333333332,20.516666666666666,test
2021-12-01,24.13121756629309,23.857624970869143,21.140711034627166,20.683799050811075,23.857624970869143,24.120457739716993,24.13121756629309,23.443852264718988,22.355885857530364,21.140711034627166,21.006151390991043,21.527254613468877,21.106752984364412,20.799472383749436,20.915784030318175,20.554597574289183,20.183617422820404,19.77252843149144,20.683799050811075,20.795286232372707,20.25658028524279,20.681855498570023,21.13195482663322,21.053322432975023,20.640231230353795,20.457182088731017,19.78314649754815,19.25240399738105,19.083770948061307,19.261398062108764,19.8694856062173,20.185231254450322,19.327378139977647,18.62548773612274,2021-11-30,25.249999999999996,24.333333333333332,22.649999999999995,20.05,test
2021-12-07,21.503503373016493,21.087009573637015,20.782801335401697,20.179758765657954,20.992892321539326,21.503503373016493,21.087009573637015,20.782801335401697,20.898436703035316,20.542709578987317,20.179758765657954,19.77130565058155,20.66750601971093,20.776412168399943,20.243917743265126,20.664475621081095,21.109316383991185,21.034577479841,20.623671543317673,20.439155912680235,19.772049244189812,19.246670962042856,19.080241466427605,19.255350587256515,19.85764660717206,20.16539142376732,19.31416816735258,18.61900634141433,18.5513983247738,18.50495919667979,18.44908186056138,18.890467315704672,18.339173230172808,18.582690418544544,2021-12-06,25.249999999999996,24.333333333333332,20.516666666666666,19.041666666666668,test
2021-12-14,21.18458045313264,20.826675420196185,20.490161900105097,19.271224657382866,19.78013423438392,20.708926962911853,20.826675420196185,20.289102629217968,20.727748207497804,21.18458045313264,21.107442531019064,20.68040210905906,20.490161900105097,19.803817359864013,19.271224657382866,19.101583756103256,19.278097828543693,19.89875280948939,20.21280071414307,19.333197873103355,18.617353118495814,18.557261116414335,18.511494842007174,18.449590598720167,18.904344056420726,18.33158650761035,18.58303874074184,18.40730552368805,18.2522019468059,17.677668756894047,17.314435107746064,17.75842395277807,18.19208092285016,17.94654979971898,2021-12-13,22.733333333333334,21.516666666666666,20.600000000000005,18.708333333333332,test
2021-12-21,20.59482495587271,20.130350377880518,19.22605034531162,18.526263157008962,20.59482495587271,20.402221438137136,19.73761260474871,19.216200768874,19.052633013769505,19.22605034531162,19.820906529462132,20.130350377880518,19.279539320772926,18.590339230203632,18.526263157008962,18.484757180259976,18.431814283893363,18.869587517657262,18.329007013251694,18.56629148905901,18.397112746882883,18.24256061156165,17.693555691861928,17.35131031236354,17.77865506024418,18.204595991883277,17.963940615510232,18.106296215469076,17.791051004783665,18.270898606015727,19.074932000699718,19.111175183395645,18.350858568023142,17.960366731354696,2021-12-20,22.350000000000005,20.883333333333333,20.224999999999998,18.05,test
2021-12-28,20.10617495023701,19.534659341451775,19.193508924567016,18.460318257367405,20.10617495023701,19.24959886036745,18.554293529685943,18.49714587019184,18.460318257367405,18.410961927827145,18.859652642538673,18.309834871343345,18.55843312740071,18.390841992514776,18.2408683227132,17.687200351851743,17.342197096273882,17.77810214946204,18.207427011708226,17.967775395298496,18.113562568549153,17.797176347583587,18.285200583408123,19.101133737268793,19.136534002788306,18.357839394999473,17.963010890957214,18.14360944668268,19.574984532475572,19.194978850877643,19.41830511361993,19.534659341451775,19.193508924567016,18.537449237814208,2021-12-27,22.350000000000005,20.883333333333333,20.224999999999998,17.825000000000003,test
2022-01-01,19.59185022622244,19.42690345495856,19.111888333001527,18.414663396607303,18.465380425969286,18.414663396607303,18.868694934702365,18.31175349581343,18.564560662680297,18.399220455325718,18.249633730355008,17.686049704954797,17.334780942166294,17.774740452930537,18.208323506744588,17.965611002029316,18.116652270219173,17.797615932211603,18.28816465287429,19.111888333001527,19.145610360890316,18.35526570732772,17.954999983291394,18.141016942120913,19.59185022622244,19.203267382617433,19.42690345495856,19.54278455313187,19.195826367702757,18.531350354079894,18.194452740855077,18.730106926216216,18.916172513025714,18.58903730754777,2021-12-31,22.350000000000005,20.825,19.058333333333334,16.45,test
2022-01-07,19.82093124331707,19.52108228272742,19.179032551142942,18.525136080518017,18.24167152522301,17.686538850103357,17.34466020219603,17.777608770775895,18.202718893180617,17.96327168847722,18.115173249071205,17.79726109953901,18.279295294898514,19.09338537520658,19.12731148362981,18.349249998120943,17.955216210381995,18.141797198818164,19.564547590117908,19.182231196438202,19.40631522430638,19.52108228272742,19.179032551142942,18.525136080518017,18.19741498165852,18.720092306880858,18.90273856183518,18.585074187667445,18.161739556655963,17.969661261473433,18.575878078152037,18.867383383462137,19.42135064808513,19.82093124331707,2022-01-06,22.350000000000005,20.825,19.96666666666667,15.916666666666666,test
2022-01-14,19.930004552838234,19.699431964193845,19.431744213633067,18.959434234223856,17.863305159140964,18.3465681932753,19.16485958776079,19.188850478376935,18.402837218580938,18.003704222010956,18.184412173473426,19.616454082669428,19.226706657031297,19.449041690929562,19.553768388738156,19.207020069383766,18.54634110735478,18.209583537184823,18.73584020632146,18.917334042126313,18.59586429081598,18.160788601700038,17.967995882544216,18.58035647769824,18.87081051544925,19.431744213633067,19.834984502264803,19.23256619342409,19.699431964193845,18.959434234223856,19.930004552838234,18.95229549148974,19.036474755083972,19.123268075581795,2022-01-13,21.283333333333335,20.483333333333334,17.316666666666666,15.408333333333333,test
2022-01-21,20.42155225705334,19.928079867763277,19.692372616959748,19.13471507048094,19.49359045945957,19.11212373765847,19.336702881610954,19.44772456929459,19.116583342681448,18.47336662984618,18.14877837481811,18.676380940593788,18.860808494186376,18.5523539461479,18.133337361004237,17.954366033676827,18.564372373039046,18.856167295361324,19.41585168751821,19.815824647238962,19.227250953697215,19.692372616959748,18.97010903016622,19.928079867763277,18.966137187706614,19.051326476199563,19.13471507048094,19.46115573902884,19.79514679394051,19.756893096954375,18.91158701090367,19.571332628516537,20.11751037523718,20.42155225705334,2022-01-20,21.283333333333335,20.483333333333334,18.416666666666668,16.533333333333335,test
2022-01-28,20.590263307676285,20.559692921259643,20.114086958992026,19.454158336663095,18.566233527629777,18.753779590018233,18.45741127370293,18.046233370343547,17.87987012514201,18.4878575546645,18.782216852511564,19.341846465390354,19.74541574639705,19.17549377429056,19.63792222160946,18.93678356489132,19.887961493272247,18.94533129935737,19.03556110595163,19.1247192483969,19.454158336663095,19.783837827217074,19.75325797756088,18.922052689862838,19.573963969901445,20.114086958992026,20.416123183673946,19.389397095068606,20.536883503863276,20.06233263396331,20.559692921259643,20.590263307676285,20.561407407250297,20.135036907199563,2022-01-27,25.116666666666664,21.283333333333335,19.458333333333332,18.158333333333335,test
2022-02-01,20.918969854663924,20.571242313329186,20.512499877196653,19.72279918028717,17.82648974454637,18.42744979105325,18.719760211994906,19.265566927613403,19.669678279401506,19.115802006731194,19.575632632026387,18.889522376257744,19.830868339897375,18.905320514546904,18.989730307449566,19.08491392376901,19.4184560709594,19.747766134732068,19.72279918028717,18.906538385353656,19.55246502492099,20.07952038108043,20.383412472414374,19.378489173060775,20.512499877196653,20.048078339888562,20.53982679974057,20.571242313329186,20.535383161530877,20.119191799876898,20.422117786292304,20.543641548112824,20.835482571721453,20.918969854663924,2022-01-31,25.116666666666664,21.575,19.925,18.416666666666668,test
2022-02-07,25.326710353243076,23.174111936637484,20.836259903311237,20.375930063122755,19.5541556245155,18.860876760108813,19.815250162205196,18.8810664113653,18.96148890383942,19.0573424322515,19.396364904437238,19.732173214640213,19.707515654716136,18.888461607826194,19.54144515453072,20.069184866171618,20.375930063122755,19.36365742366798,20.511533143061076,20.04268799928296,20.54336611733211,20.575034626442903,20.533388377897946,20.111951981535135,20.41868063636702,20.54303096818491,20.836259903311237,20.92339523272587,21.540624081992792,20.769691415733007,21.44410242908823,23.174111936637484,23.86865820214733,25.326710353243076,2022-02-06,27.775000000000002,23.125,19.849999999999998,18.76666666666667,test
2022-02-14,25.378655833931603,23.212761386980095,21.950563487194923,20.79347195071923,19.73123905621161,19.71164334443949,18.88486099969115,19.538579255570077,20.0735096711219,20.38608229450241,19.369562015584904,20.52315622503126,20.057797754532796,20.558024548084003,20.58753236719386,20.55023639179391,20.130762185830736,20.43969747105543,20.564006191427186,20.863967152963536,20.947708906393153,21.564848531648984,20.79347195071923,21.474370950002772,23.212761386980095,23.9090311652233,25.378655833931603,22.53274396016104,21.58600823936861,22.292424919750097,22.117201793766522,21.5054756512861,21.950563487194923,21.79498766689199,2022-02-13,27.775000000000002,23.125,19.683333333333334,18.608333333333334,test
2022-02-21,25.41770587031717,23.65708205710527,22.280064689003925,21.475858051714965,20.465791432243204,19.992445815793367,20.50301815382004,20.532487605457185,20.49643497146404,20.0660788361148,20.381475692398283,20.506630531294746,20.814253548017177,20.902172354137466,21.53125870746126,20.74870919246003,21.439622531184675,23.211138998465653,23.918993611874708,25.41770587031717,22.522210400341052,21.55841335417467,22.280064689003925,22.098397882518906,21.475858051714965,21.926827399835833,21.76939771491053,20.453992941586364,20.327211580547324,20.667848870030667,21.639250013466885,22.11831278658303,22.785102106670507,23.65708205710527,2022-02-20,27.775000000000002,23.125,19.683333333333334,18.308333333333334,test
2022-02-28,25.35188688771629,23.86817466573997,23.11235887881537,22.120501833131446,20.483582207729953,20.7914862693406,20.883556447862183,21.498951685704945,20.72490514243404,21.40921692342027,23.165027396429593,23.86817466573997,25.35188688771629,22.501793199046386,21.54638731671219,22.256243058687375,22.079748744728132,21.4737267715208,21.922916002321653,21.772237351742334,20.479787456600718,20.348902783869164,20.681696029307332,21.641269875057336,22.120501833131446,22.781197689264356,23.644572947554114,24.385937700757253,23.588016881892337,22.53257398766736,23.11235887881537,22.181882586749353,22.50045569185078,22.53496432324646,2022-02-27,27.775000000000002,23.125,19.683333333333334,17.10833333333333,test
2022-03-01,25.235045866309918,23.796628399163826,23.09071896610959,22.127578225216187,20.798205060415484,20.890376093890854,21.48852573002876,20.740393878128668,21.406020656913004,23.112377266845883,23.796628399163826,25.235045866309918,22.480252339977064,21.55755765589972,22.242725380190695,22.073989289099206,21.494303602774522,21.931099643151853,21.787103336623105,20.537082315962163,20.41031158694738,20.7295385189221,21.658470765922722,22.127578225216187,22.76844421184869,23.60497900278485,24.3220289768698,23.55061465581529,22.528024886382607,23.09071896610959,22.197813938973795,22.50939053519125,22.54611238014791,22.085979873501916,2022-02-28,27.775000000000002,23.125,19.716666666666665,17.10833333333333,test
2022-03-07,25.404491712198958,23.993972627842883,23.513355990003266,22.546353869239848,23.897392164208732,25.404491712198958,22.516101678542228,21.541919995960093,22.26274818272826,22.08553871573539,21.47739674313117,21.925728337792687,21.775077353433222,20.468239403124723,20.33134655654745,20.669754688844723,21.64552180994621,22.138533397210786,22.801023375966697,23.67878835094489,24.435086456741555,23.62007971732263,22.548265987114174,23.137129772204055,22.197870813753287,22.511491813376757,22.546353869239848,22.063544740582273,23.513355990003266,22.983735762821535,22.650781953383543,23.15348414484452,23.061108195076258,23.993972627842883,2022-03-06,32.48333333333334,26.89166666666667,23.0,18.066666666666666,test
2022-03-14,26.31018194006463,25.194894334340937,23.95162390886855,23.02935538391429,21.760633067431872,21.61761098344619,20.366722013575007,20.240807813063824,20.56579088025857,21.514646985026772,22.007956044753485,22.662885259561282,23.516378061189027,24.258552573240955,23.482790553535914,22.451438469312457,23.02935538391429,22.143285642942207,22.462139629214402,22.502528513275323,22.048910357800672,23.453727284645264,22.941978683394087,22.62785019673038,23.127469292829996,23.05052431117411,23.95162390886855,24.503294876878908,26.31018194006463,25.358425442853008,23.583902500437578,23.804960001581613,25.194894334340937,24.162697958921107,2022-03-13,32.49166666666666,29.11818181818182,26.672727272727276,19.891666666666666,test
2022-03-21,26.941396695531882,26.31943454236426,25.17595975737553,23.617122244524378,22.508535207265904,23.373349254967675,24.13097432488426,23.36086771100865,22.332295548080857,22.9232983277009,22.036208509934667,22.36571231817786,22.416464822646915,21.97373373434456,23.39926487611297,22.893805998517255,22.58628506114174,23.091299736758923,23.01927602079403,23.931757893197673,24.495326798778276,26.31943454236426,25.364663689833804,23.580683811794767,23.79808399000113,25.194552480636393,24.154385749583138,23.617122244524378,24.84086328464841,25.17595975737553,25.145175369797116,25.211112630875753,26.941396695531882,26.366662287916444,2022-03-20,35.63333333333333,32.49166666666666,27.333333333333332,22.99166666666667,test
2022-03-28,26.937821829435748,26.351713820611813,25.671550110456547,25.12035793004808,22.166167979221196,22.226346924264377,21.77984770499378,23.240692643899028,22.73879848585825,22.434988270546064,22.956922643772995,22.883326750725935,23.825988493947072,24.408154669896838,26.27657475234753,25.316277209647986,23.50528722982039,23.73130733026769,25.15167891528731,24.09826675719183,23.552234360904205,24.80213212781773,25.15052601478841,25.12035793004808,25.184496842276587,26.937821829435748,26.351713820611813,25.778465939508422,25.596949694672666,26.750563273058027,25.671550110456547,25.121732014740342,26.017699665386658,25.463533234327297,2022-03-27,35.63333333333333,32.49166666666666,27.333333333333332,23.974999999999998,test
2022-04-01,27.13321518020791,26.83102122543624,26.254483042046854,25.17099361626223,22.732855164047287,22.431309182446252,22.95150436520999,22.87635202847916,23.822303513381435,24.396413325667442,26.254483042046854,25.29960136097995,23.498796322536716,23.724397123787455,25.134785599189197,24.09528805860927,23.547117630381297,24.789825505936165,25.13632529746063,25.106492953017682,25.17099361626223,26.91244794112811,26.337685273072314,25.762466922264867,25.581627159760917,26.72903711013523,25.6562140573159,25.1102662099621,25.9992193737878,25.45642751135775,27.13321518020791,26.83102122543624,26.75073250627595,25.43408545899331,2022-03-31,35.63333333333333,33.2,29.11818181818182,24.70833333333333,test
2022-04-07,29.283609996106485,27.448910501601453,26.981045259981013,25.841813855040705,26.373315666702236,25.434624303202764,23.662670640718844,23.881162753605466,25.267983086390615,24.246315625831205,23.700121529113353,24.908801215148557,25.24665943575046,25.214548608375026,25.27079015467506,26.981045259981013,26.415394522764633,25.841813855040705,25.648611010938957,26.77649138735762,25.71913649406191,25.17699094293899,26.05120745744755,25.521298748781504,27.170638012808066,26.863111261376392,26.787259571652324,25.49537776664041,26.445460105837935,27.448910501601453,27.674139434704244,29.283609996106485,27.162759020752585,27.13891147119739,2022-04-06,35.63333333333333,33.63333333333333,28.091666666666665,23.918181818181814,test
2022-04-14,29.297879206738767,27.677645351896103,27.41968990870507,26.757684436224242,24.863690029942337,25.208608334351993,25.16890408679594,25.225038967654633,26.95468084269145,26.378899878334682,25.798918399222433,25.608903049553238,26.757684436224242,25.68019465698709,25.131282085852185,26.01448990470519,25.476288340752905,27.15221991446428,26.84683111708697,26.774762590202773,25.45923440345853,26.423562977681865,27.437052393209743,27.66376095199301,29.297879206738767,27.151467209128082,27.130402878734202,27.677645351896103,26.834624665793143,27.452719949273998,28.57339766589721,26.75141566082764,26.243930019895867,27.41968990870507,2022-04-13,35.63333333333333,33.63333333333333,28.091666666666665,24.70833333333333,test
2022-04-21,29.980019803620618,29.30150003559578,28.297009925898173,27.15723796123437,25.615082229622733,26.766901201474695,25.68812935474972,25.15156417030782,26.031363791618627,25.48020752916623,27.15723796123437,26.851444029607705,26.7800264631917,25.46249861667809,26.441399533569395,27.451504286642855,27.666394985591808,29.30150003559578,27.151683919001982,27.131454086209313,27.67992674969404,26.84874024623897,27.463092073079245,28.573763197218955,26.747466846041814,26.239685413818282,27.418687122421908,27.254381056851322,28.297009925898173,28.980643435513457,29.35938675863487,29.980019803620618,29.05412466827886,28.266091442189712,2022-04-20,35.358333333333334,33.2,28.091666666666665,26.066666666666666,test
2022-04-28,30.812785369462798,29.35414318194584,28.99828840262913,28.043084436250734,26.80550550325074,26.73827681637964,25.42251942135749,26.40379556216748,27.417950780878346,27.63638287109275,29.271224061144736,27.122187278199778,27.106926351169804,27.658154736413305,26.82893069218651,27.447015015852816,28.560983071588634,26.73262768016512,26.22506212274662,27.408113109491072,27.24489848967645,28.288427505871727,28.97409749056968,29.35414318194584,29.97162325119973,29.0440377503547,28.257756836408593,28.043084436250734,28.99828840262913,28.872576716613793,28.47550874217509,28.667235340561888,29.098415106037915,30.812785369462798,2022-04-27,35.358333333333334,33.2,29.424999999999997,26.708333333333332,test
2022-05-01,30.8039040853491,29.9363186130866,29.12215391147338,28.516206615108914,26.463874450307546,27.46090768198382,27.67505170996809,29.275659857431254,27.169276808838433,27.158306210198617,27.704980905687695,26.891282310415324,27.49951969772332,28.589234917204454,26.799036383608378,26.298576483073735,27.45987032009802,27.306644735814746,28.325598927800595,28.99963331339907,29.370700581214162,29.974416422299456,29.062748376407324,28.296390110307723,28.092877687884645,29.02552932039342,28.90555660088337,28.516206615108914,28.7034739581186,29.12215391147338,30.8039040853491,29.059806426583286,29.863268074786507,29.9363186130866,2022-04-30,35.358333333333334,31.50833333333333,29.95,27.15833333333333,test
2022-05-07,30.780244183562797,29.986806301998648,29.41968900218811,28.867920385344163,27.646697847880485,26.821835896656538,27.437412905612423,28.54327390352706,26.726237320312197,26.224400639387593,27.39645732408128,27.24734310038492,28.269657983793227,28.953011591688202,29.336524993693825,29.931308148751164,29.016300524859755,28.247886096639167,28.04857468637844,28.98417394742154,28.867920385344163,28.48542354895514,28.660351093414235,29.084306709260822,30.780244183562797,29.028544622577567,29.832878430431045,29.90972965855556,28.812379644418208,28.77569268076695,29.279497340055688,29.41968900218811,29.986806301998648,30.316098677885645,2022-05-06,34.175000000000004,31.008333333333336,30.45,27.90833333333333,test
2022-05-14,30.790035821181213,30.329675106771063,29.924541039258454,29.253521332620448,27.20228076120679,28.23945445307867,28.935546945358396,29.3182941877843,29.924541039258454,28.99631128425617,28.21984717399103,28.01252135834005,28.96262335522199,28.84824473898481,28.4544854329826,28.63529312030709,29.06595718320608,30.790035821181213,29.00777154868939,29.824626572920664,29.90595533878539,28.786562086216243,28.752177807868275,29.263241858736947,29.40816621497505,29.977730665862605,30.311740429170783,30.29299514768869,29.48575043322201,30.429060718008998,29.82236833225061,30.329675106771063,29.160450474494237,29.253521332620448,2022-05-13,34.4,33.1,30.99166666666667,29.591666666666665,test
2022-05-21,30.903402391597,30.481965872242817,30.255640246009175,29.78176644256367,28.00716759710102,28.92583589238777,28.817331431534875,28.438042651301657,28.61469755739045,29.036592568374285,30.715028471373298,28.992629084027953,29.78176644256367,29.863063318264224,28.779022766649422,28.74647590666454,29.246134829085985,29.39108841705758,29.95173906296073,30.271789494370132,30.255640246009175,29.47439417981259,30.390825249135077,29.80505173614157,30.3016358685088,29.173955523319528,29.259929632735865,29.39210976593876,29.8277289227508,29.781857972753283,30.481965872242817,29.921635583139505,30.22912423986145,30.903402391597,2022-05-20,34.4,32.80833333333333,30.675,29.874999999999996,test
2022-05-28,31.550577724196277,31.388404321507636,30.944005586321232,29.94435482371123,28.973926653473814,29.75818256406543,29.840630176422252,28.758450934949533,28.7262441545019,29.228173312089236,29.374294923754803,29.94435482371123,30.259966003374096,30.245853188965107,29.46783135944377,30.386873413854524,29.80174745427887,30.300191344250464,29.178712108581028,29.259400044053013,29.393229023768697,29.833392064055797,29.787373945157697,30.489241347912376,29.927569147900527,30.242427596934462,30.911018612919694,31.484235507103726,31.388404321507636,31.550577724196277,30.953175730004553,30.944005586321232,31.054558842090923,31.24218675077381,2022-05-27,34.4,32.80833333333333,30.99166666666667,29.95,test
2022-06-01,31.733805012649807,31.622792331740172,31.23613027261734,30.304128637426196,28.726477069027776,29.23204290346893,29.378945573496534,29.95357194258001,30.269180362028084,30.254482517477737,29.46877000682877,30.393346224270076,29.802578107703038,30.304128637426196,29.173204453354867,29.25164107215407,29.385791199430308,29.82784641480595,29.779518238076225,30.48606557765642,29.919085724268037,30.236209298308076,30.907539894495752,31.484961111732897,31.387156966692917,31.549192163083134,30.94660540005445,30.937161441399272,31.048972504484087,31.23613027261734,31.733805012649807,31.622792331740172,31.696640633684616,31.202008589571086,2022-05-31,34.4,32.80833333333333,31.058333333333337,30.275000000000006,test
2022-06-07,31.796306769213725,31.70870636515813,31.49482990508923,31.063498842426167,29.47703767317455,30.398863114589524,29.809205188698538,30.311578428443994,29.184877784902937,29.26335327919292,29.396477353285643,29.839142936215953,29.790482950621588,30.49522638188111,29.931613869478817,30.24959882108896,30.91955109544763,31.49482990508923,31.398759782585,31.559799977908565,30.958239405301036,30.95062083425648,31.063498842426167,31.250111430701576,31.745524113764702,31.635961797529138,31.70870636515813,31.214540929813015,31.147085192269234,31.262036423684375,31.63681984282072,31.796306769213725,31.261807872462295,31.196194780755334,2022-06-06,34.4,32.80833333333333,31.391666666666662,30.475000000000005,test
2022-06-14,32.61082630947684,32.10443101229139,31.73422929713735,31.38205154132726,29.917755936632172,29.868662365045857,30.559111031594917,30.006129868198965,30.319695976589912,30.97176261304288,31.5331260336505,31.43886552861988,31.593179632557856,31.007992956581116,30.996732657224733,31.109600187547773,31.289711011955927,31.773040430525295,31.665732602846717,31.73422929713735,31.254374958883925,31.185463729491598,31.301264433602345,31.66604850148454,31.822784958271072,31.302127053614164,31.23698283887032,31.38205154132726,31.528787630769568,31.65963834589846,32.10443101229139,32.449602929427805,32.61082630947684,32.0244615312893,2022-06-13,32.61666666666667,32.23333333333333,31.566666666666666,31.033333333333335,test
2022-06-21,32.5754993091063,32.27845703334091,32.172243185729556,31.61109888435244,31.386255059910532,31.54271984689746,30.944919990448934,30.934978245676433,31.048873353150462,31.22744857103711,31.717415844687903,31.61109888435244,31.681379901599843,31.19242189113418,31.12486709062521,31.242851918528814,31.610851327862946,31.768256939416034,31.24065115645997,31.174920017709503,31.323954201989,31.47646570796364,31.609579391590238,32.058809258006136,32.40792946356828,32.5754993091063,31.976902315794668,31.828371129867104,31.8409074061039,32.23211519601185,32.172243185729556,32.27845703334091,32.26243713771532,32.26106961770292,2022-06-20,33.35,32.61666666666667,31.808333333333334,31.241666666666664,test
2022-06-28,33.24866938024481,32.942464229905944,32.34248614538284,32.04395920474456,31.57877485925197,31.649548711638356,31.174079009140254,31.109788201087564,31.22563811157679,31.590986299506593,31.74960256166984,31.231084270672994,31.168124038552957,31.318246913729528,31.46939848510129,31.599533328052086,32.04395920474456,32.39000879156755,32.55287247570902,31.966357834888232,31.82379118097119,31.836884313899716,32.2195538408553,32.16379525977692,32.2708814088493,32.253026056611006,32.25195688551558,32.15507569085925,32.24633741835337,32.34248614538284,32.80942336652535,33.24866938024481,32.9868413774217,32.942464229905944,2022-06-27,33.372727272727275,33.074999999999996,32.425000000000004,31.600000000000005,test
2022-07-01,33.278121201357074,32.9678024119873,32.5484445443133,32.24380326366059,31.122586142085552,31.238930180229953,31.606092502488373,31.765274271351014,31.241747567357873,31.17886183818789,31.332040273900265,31.485399290223228,31.61672293811818,32.064046887811955,32.41244512884269,32.57561263454146,31.985512712759874,31.843934983099068,31.85820235157088,32.24380326366059,32.18705171925102,32.294434522746705,32.27518636904807,32.27441522520712,32.17838771687249,32.27089811032811,32.36735229862307,32.836631282215976,33.278121201357074,33.01263026026606,32.9678024119873,32.5484445443133,32.40721823230746,32.569873840001584,2022-06-30,33.833333333333336,33.372727272727275,32.925000000000004,31.808333333333334,test
2022-07-07,33.439664623423134,33.11296538146246,32.89303129416112,32.40551376457014,31.335397969121296,31.49079613208251,31.62239963197318,32.072889790401454,32.424531478111675,32.59006317788373,31.991631543729564,31.84804796690855,31.862517393711308,32.250915855601676,32.19147787173497,32.29918327214845,32.280058245161364,32.2772873124596,32.1796213757932,32.27311720692676,32.369149955402825,32.84160097683258,33.28721657357411,33.01930214312587,32.97223102880863,32.54796833590909,32.40551376457014,32.568907863234756,32.82854845004686,33.11296538146246,33.439664623423134,33.049869802105576,32.85890306680398,32.89303129416112,2022-07-06,33.833333333333336,33.372727272727275,32.975,32.21666666666667,test
2022-07-14,33.42702267363536,33.09272980399763,32.99274504989204,32.75085023839604,31.814688696103293,31.83075783205036,32.226326258266354,32.161203908299,32.26793561720076,32.24854046735633,32.247804478385476,32.149088607907906,32.24612920905054,32.34309459684748,32.82165865681108,33.27382061323303,33.00028126368304,32.95436441154171,32.521985039264194,32.37800270343168,32.54391896037877,32.80514138796769,33.09272980399763,33.42702267363536,33.03108949029554,32.83736795627009,32.87411640827874,32.99274504989204,33.0340037845148,32.9658481922351,32.75085023839604,32.6169917005384,32.799399924696296,32.74632124497706,2022-07-13,33.833333333333336,33.372727272727275,32.975,32.50833333333333,test
2022-07-21,33.42572440815824,33.09767107070534,32.99852522428725,32.817450460953424,32.152905442510225,32.24795227428501,32.34397503551958,32.817450460953424,33.26459921226241,32.99852522428725,32.95450925261622,32.53009210690944,32.389001423605215,32.55213410349235,32.81231817686817,33.09767107070534,33.42572440815824,33.03812035834752,32.84622906208814,32.880876500149036,32.99648968823171,33.040093185027416,32.97594542646615,32.76505902328752,32.63275796112239,32.80787553564891,32.75351460981102,32.53134347147641,32.70481339523042,32.90643532537417,32.97782238174204,33.03220088852914,32.77240360566961,32.669789380675674,2022-07-20,33.833333333333336,33.372727272727275,32.91666666666667,32.31666666666667,test
2022-07-28,33.429440476193776,33.05537695375995,33.023322072118155,32.84880110612113,32.529951832490816,32.38948689837854,32.55295113000946,32.81324906959608,33.099582550399106,33.429440476193776,33.041278467139136,32.84880110612113,32.88441340120129,33.00027785608439,33.0435895597554,32.97975495494512,32.769648489502316,32.637105787466176,32.81212127553266,32.75840188946535,32.53571268619124,32.70891476423287,32.911099793098124,32.98354158045555,33.03778952714174,32.77693536679584,32.67468431641406,32.89224082798883,32.84379053939766,33.023322072118155,33.05537695375995,33.005940962675304,32.70931686435733,32.6440214725584,2022-07-27,34.46666666666667,33.833333333333336,32.98333333333334,32.50833333333333,test
2022-08-01,33.443725364292796,33.06246736824136,33.031104279378354,32.866866257068004,33.11649997348274,33.443725364292796,33.057234455058584,32.866866257068004,32.90096164644224,33.014798693016395,33.05698260276481,32.994455027897345,32.7845766121865,32.651770448215046,32.82635579562982,32.77145803448602,32.54868945665514,32.7199316831125,32.92184221543464,32.992908526438114,33.04594874464136,32.78759413170532,32.68478217827212,32.899934492562615,32.8512825238461,33.031104279378354,33.06246736824136,33.012892576771925,32.719407306750384,32.653720598877975,32.646170707647904,32.563374595190915,32.70652156284921,32.398189976513684,2022-07-31,34.46666666666667,33.59166666666667,33.083333333333336,32.50833333333333,test
2022-08-07,33.0315663884318,33.01527803769438,32.96243097677797,32.691203681886236,33.024960717850256,32.96288622399934,32.75473974835332,32.62311847565859,32.79648554827291,32.74166399540399,32.520430732444595,32.691203681886236,32.89166414765506,32.96243097677797,33.01527803769438,32.75865206124252,32.656153848644415,32.86966208796982,32.82196298621009,33.00036053184905,33.0315663884318,32.98237525416062,32.69071765996359,32.6249306542603,32.617140357961915,32.53537567309366,32.67719121940644,32.370922326812845,32.21233604965971,32.19763674112008,32.007113770632614,32.18676594357854,32.21582887338254,32.23854039147762,2022-08-06,34.46666666666667,33.59166666666667,33.083333333333336,32.216666666666676,test
2022-08-14,33.048815633079535,33.01511835360611,32.88270736042587,32.63569132169975,32.69407091998631,32.89663389119077,32.97015173738491,33.02492566873748,32.76713795375626,32.66539591857528,32.88270736042587,32.83455496408194,33.01511835360611,33.048815633079535,33.000492333330605,32.707203784746994,32.642355871832756,32.63569132169975,32.552706272907955,32.69582037090482,32.387899991439575,32.22843656149384,32.2144692544076,32.02294914230546,32.20514197773051,32.233608149490145,32.2558263485704,32.10052296257597,32.12026762761157,31.92640432370442,31.814229775348366,31.832606828688238,32.094353390525455,32.608060608580836,2022-08-13,34.46666666666667,33.59166666666667,33.083333333333336,32.20833333333333,test
2022-08-21,33.01296488757477,32.96468443431263,32.61384266643059,32.201511861966985,32.80300887389398,32.98089524903441,33.01296488757477,32.96468443431263,32.677813465544105,32.61384266643059,32.60897993807683,32.530797467993864,32.672841065526455,32.372250186684,32.215883612335126,32.201511861966985,32.01388148393938,32.192858998018494,32.22281411730213,32.246197218091666,32.093499800377224,32.11079076559353,31.91971965973908,31.808096658067093,31.825854417950577,32.08180031301362,32.58296912936356,31.971331212537986,31.487508621468223,31.362603386762764,31.57496069469966,31.722814554036596,31.73665306505145,32.1365778973476,2022-08-20,34.46666666666667,33.59166666666667,32.98333333333334,32.15,test
2022-08-28,32.68623409578572,32.5436556830796,32.2228591534096,31.97677926260581,32.5436556830796,32.68623409578572,32.379600133595076,32.2228591534096,32.209986998006826,32.01771359465964,32.19993324562713,32.22964802052828,32.2512936437557,32.09586473593485,32.116746072895346,31.924088613642155,31.810013341076854,31.828442499413466,32.08957530621644,32.599642790912185,31.97677926260581,31.487205877858624,31.362975170914662,31.58039072154645,31.732413823063933,31.74725743343547,32.15470179455907,31.644777757058304,31.20943413729195,31.656891075301516,31.13121399203602,30.72831296204906,30.731707935089254,31.13710364333486,2022-08-27,33.46666666666666,33.083333333333336,32.68333333333333,31.958333333333332,test
2022-09-01,32.62371860432887,32.259910626460425,32.144686608654546,31.768155441819047,32.240433493163366,32.04777569398218,32.229524252533494,32.259910626460425,32.28064416436714,32.12474421304554,32.144686608654546,31.95076437727738,31.835837861616522,31.853488309025142,32.11492941660183,32.62371860432887,32.00043121238536,31.510068448594367,31.38461011461873,31.6012053145079,31.752626275404857,31.768155441819047,32.17471367264298,31.66473382552867,31.229032288514787,31.675552428656104,31.149809486775137,30.74700509646628,30.751598210587396,31.156604360506233,31.12696677830188,30.848912890579214,30.846805272425225,30.749333208512663,2022-08-31,32.85,32.68333333333333,32.324999999999996,31.899999999999995,test
2022-09-07,32.608327885818525,32.11986141552714,31.828498789463737,31.358908789225943,32.11986141552714,31.925021615288443,31.81031138353921,31.828498789463737,32.09270105262175,32.608327885818525,31.978765771693496,31.483872891803802,31.358908789225943,31.58064955378849,31.734795658544584,31.75005826934676,32.16230108913458,31.647744446165156,31.20833593903035,31.663105597535,31.13236801313768,30.724627300304082,30.728591557975168,31.13898742947634,31.110965612584984,30.830986400609895,30.830665306286992,30.733612491235203,30.53993250962348,31.153677864233945,31.138675499242726,30.228830239871183,29.801568070679235,29.64061575329957,2022-09-06,33.01666666666667,32.824999999999996,32.324999999999996,31.525000000000002,test
2022-09-14,32.15385959479983,31.730572539883607,31.480644248024504,30.82647563388461,31.480644248024504,31.356640574179817,31.578212711679026,31.730572539883607,31.745044499184484,32.15385959479983,31.642469747997612,31.204175916388046,31.65735399874631,31.129708362899557,30.722623176244717,30.725851913407173,31.132844368386024,31.10589548604405,30.826368770923324,30.82647563388461,30.730667776535455,30.536754028969213,31.14715127912936,31.13063627468698,30.225735278132998,29.79959082775973,29.63977934494271,29.181142336757038,29.63141400853381,29.762515038401887,30.19548932326417,29.796651789474748,29.787902075193234,29.628950425133503,2022-09-13,33.01666666666667,32.525,31.583333333333332,31.058333333333337,test
2022-09-21,31.6070535584254,31.104955977749643,31.06013866746441,30.190576649189534,31.156477303023262,31.6070535584254,31.08125586318135,30.676580197132637,30.681541781874355,31.08611739879029,31.06013866746441,30.782867380147728,30.784020092767797,30.688199521436758,30.49603763340426,31.104955977749643,31.088953212041584,30.190576649189534,29.76761622669157,29.609700176408296,29.152989223804404,29.600648519764704,29.73263796990243,30.162696009254127,29.766513082865625,29.757531327808934,29.599543280568923,29.639702194483576,29.465651613513263,29.019267713287437,29.47312762656814,30.456712350376076,29.559685962388052,29.136013113288968,2022-09-20,33.01666666666667,32.525,31.941666666666663,30.508333333333336,test
2022-09-28,31.145275646899588,30.82547388281288,30.476292922960695,29.650332770691765,30.824847917196028,30.82547388281288,30.73033531225041,30.54062789766106,31.145275646899588,31.128092752384358,30.23372976484765,29.808681510321158,29.650332770691765,29.19572064051641,29.64116715056954,29.77121352932947,30.196829447811986,29.801159405337152,29.78725290291791,29.628665811748824,29.66780636051681,29.49543461741784,29.050831369352956,29.500358710242732,30.476292922960695,29.5802193806928,29.158049194355733,28.868557466983876,29.091502972401695,29.327424059947617,28.899718491525228,28.30936898910894,28.020700228373904,27.77400518072503,2022-09-27,33.01666666666667,31.941666666666663,31.46666666666667,28.891666666666666,test
2022-10-01,31.177324503977392,30.561787064991844,29.81718092594997,29.60099868150443,30.561787064991844,31.177324503977392,31.159288077418463,30.24813101333311,29.81718092594997,29.656989275926446,29.1961808282346,29.649944435463905,29.78083658469185,30.214507963517445,29.812261082989046,29.801047258061317,29.640952812119494,29.68452160638013,29.50847371815199,29.05375391559825,29.512774570283554,30.51130277808814,29.60099868150443,29.17314700742352,28.88262476339546,29.111296198311674,29.352346709082934,28.917428333846086,28.318794337634067,28.029494321619737,27.781773986915525,27.630320035786692,26.581724324471793,26.780875234814868,2022-09-30,33.01666666666667,31.525000000000002,30.508333333333336,28.799999999999997,test
2022-10-07,30.5026184568355,29.826077335930588,29.67078395484906,29.107264618934042,29.22008970873763,29.67078395484906,29.797711489561628,30.22615009832467,29.826077335930588,29.812295891984608,29.650991219167576,29.690631465102207,29.51681031822141,29.06310534007886,29.51604125550194,30.5026184568355,29.59816921928394,29.171513293394977,28.880249428971435,29.107264618934042,29.34273418292955,28.9107431721721,28.316127498070507,28.02712340640793,27.779411119884077,27.6264863980993,26.589352820071383,26.784022932736296,26.940998013830743,27.215299110119478,27.044862188720504,26.86436634717059,26.941549525036738,26.53965823921357,2022-10-06,32.375,29.33333333333334,28.891666666666666,28.225000000000005,test
2022-10-14,30.46339639561736,29.563022074090114,29.138365747931427,27.609977110382022,29.64781104459121,29.475694717691145,29.024305636081557,29.47769389563878,30.46339639561736,29.563022074090114,29.138365747931427,28.849478156070212,29.077997304679947,29.314598940061703,28.885759503804454,28.294552304101092,28.00792231457004,27.761422477939036,27.609977110382022,26.576924682519245,26.77192190258814,26.929441406785024,27.20368399592753,27.03402263864739,26.853208884062823,26.929878852047246,26.529011804675545,26.349284168911915,26.148910887388848,26.40331769400793,26.073760518751467,25.98099874597384,25.701346830256643,25.512856803238083,2022-10-13,32.375,29.33333333333334,28.45,27.875,test
2022-10-21,29.31672727307109,28.883525534055675,27.7605102817112,26.577265562296702,28.845199338685,29.075231684555444,29.31672727307109,28.883525534055675,28.29062112391017,28.00552662494233,27.7605102817112,27.609685702283016,26.577265562296702,26.7776144274977,26.93186316460225,27.205718664167158,27.037909727751515,26.85872214689646,26.936234618738016,26.536587910289725,26.3615143276694,26.157098968614584,26.410662624284953,26.08226513221006,25.990671173343323,25.710836561521177,25.523182569489865,25.60869936547557,25.795154050683564,24.973056951083418,24.059602282724,24.130289472797575,24.20843120589197,24.669130327992466,2022-10-20,31.366666666666664,29.11666666666667,27.983333333333334,26.724999999999998,test
2022-10-28,27.603720511863603,27.037323565389396,26.774696206434186,25.789624948975867,27.603720511863603,26.574908518029783,26.774696206434186,26.928649538702302,27.206773797048672,27.037323565389396,26.857468532679462,26.932052157410265,26.533906092661844,26.35891244644141,26.154769696885506,26.412217641678634,26.082173467548003,25.989221976374328,25.707007325572587,25.519849332030304,25.604334362464876,25.789624948975867,24.974067705570725,24.060314199673073,24.128978747608063,24.203589407564067,24.6628876068899,24.6572707616402,23.7235983982239,23.660790209131605,23.503806090458326,22.70416667885967,23.448783975756264,23.781974930853607,2022-10-27,30.8,28.333333333333332,27.549999999999997,26.15833333333333,test
2022-11-01,27.22167514196237,26.946065431719244,26.37158820038512,24.974695916229408,27.22167514196237,27.0518261165063,26.871321686882307,26.946065431719244,26.548945936550027,26.37158820038512,26.165641567039717,26.422039128394978,26.09047012320047,25.996362573529296,25.71303544497614,25.52691801611333,25.609295126940946,25.793447032215134,24.974695916229408,24.058404374450436,24.12653891748366,24.201181687642215,24.663361481357995,24.656087414992378,23.719730657769528,23.656025976739812,23.498853897354497,22.69777884149722,23.44463461676523,23.781294480029768,24.291647507912938,23.973621437666488,23.681626062119946,23.50031756072918,2022-10-31,30.8,27.89166666666667,26.658333333333335,25.308333333333334,test
2022-11-07,26.414188542380746,26.082787375651705,25.60628185442851,24.05582316844912,26.157980003197828,26.414188542380746,26.082787375651705,25.990384397858627,25.70768946719857,25.522445612910538,25.60628185442851,25.790920329707237,24.971918522350776,24.05582316844912,24.125871762930874,24.201336517766855,24.664595658324597,24.658632534187362,23.722158140484083,23.658202819168608,23.501160725997714,22.701284106842998,23.448757568865496,23.785965023105735,24.297304158178335,23.97885659790477,23.68599605678329,23.504284997472414,23.556873843454163,23.753809524722342,23.866262892667134,23.336576724934496,22.231801731976518,20.955481527679456,2022-11-06,30.8,27.89166666666667,25.866666666666664,24.166666666666668,test
2022-11-14,25.75419881218736,24.63800528032752,24.094039217495943,23.630288973915356,25.75419881218736,24.933193888510875,24.022158818326954,24.094039217495943,24.172103116018942,24.63800528032752,24.63459118337506,23.697832551704867,23.630288973915356,23.476538785693663,22.6796576905546,23.427809705013328,23.76712697232563,24.279148472378512,23.958275138964176,23.661232683334028,23.48179356101109,23.534674887586675,23.732269790964562,23.846231452943865,23.318245659992154,22.211662070242927,20.932253531759862,20.7985219066173,21.26034819335872,20.807614168310845,20.617234031697866,20.846668935310984,20.425375446279176,19.943052846151748,2022-11-13,30.8,26.791666666666668,24.483333333333334,23.299999999999997,test
2022-11-21,24.300074061510273,23.8590964315684,23.67650183956789,22.226921634700762,23.722651835410566,23.651649816605282,23.498780397871215,22.70297864058069,23.44892682214151,23.788743032162365,24.300074061510273,23.977005541845173,23.67650183956789,23.497307175878394,23.547788152509906,23.74440643739051,23.8590964315684,23.33343421366902,22.226921634700762,20.94706918200805,20.813301978099325,21.27135107249214,20.81986934089942,20.6313995458193,20.860919282291103,20.437779236750853,19.952799452770755,19.557948095791208,20.3844668168432,20.436184589009354,20.032050488409467,20.556405083169455,20.90269860966836,20.69871296398855,2022-11-20,30.8,25.633333333333336,24.483333333333334,23.183333333333334,test
2022-11-28,23.987310633250207,23.735043737691157,23.32278954582335,20.692581994123497,23.987310633250207,23.680245423176018,23.50011187972375,23.545063306444817,23.735043737691157,23.845467938636105,23.32278954582335,22.232774775824613,20.95468483416992,20.820237138090764,21.27025564888905,20.818245737494472,20.62895428303652,20.856479614746885,20.445490330000897,19.95705802779427,19.56479628224195,20.381472579007216,20.429719490504368,20.02752649397093,20.54845930977086,20.901558364702744,20.692581994123497,20.305117062450705,20.105414901200355,19.426549069359087,19.039674528229693,19.013041014221777,19.119125031924998,19.56000472820271,2022-11-27,25.691666666666666,24.700000000000003,24.166666666666668,22.850000000000005,test
2022-12-01,23.844392361385932,23.54612821312748,20.960594409763946,20.454218888054996,23.54612821312748,23.734652294534992,23.844392361385932,23.323565698384115,22.23727387790357,20.960594409763946,20.827125472800066,21.275921822927977,20.82478591017064,20.636048425861834,20.863363897804234,20.454218888054996,19.96493319702786,19.574602328268714,20.389023288266337,20.436647197530167,20.03568264580753,20.555464084588017,20.907961068564862,20.697153574372862,20.31146300132484,20.112496874495154,19.43507788690315,19.049181308767892,19.022889335666044,19.12893116265956,19.56576242475994,19.86654878198431,19.04472475405486,18.34690258690552,2022-11-30,25.691666666666666,24.700000000000003,23.64166666666667,22.55,test
2022-12-07,21.275382021792176,20.860501545679668,20.629781638587744,19.950087768787885,20.813337083489188,21.275382021792176,20.818909009380604,20.629781638587744,20.860501545679668,20.44519614796409,19.950087768787885,19.55521997774991,20.38927104551825,20.440502613454843,20.034624546787658,20.562916742042233,20.92331885721692,20.71162176982899,20.321169631425548,20.122309534106982,19.43448839071679,19.04375597747031,19.01541140637257,19.124496216557183,19.572558403273884,19.881429376292107,19.04766483925524,18.338803991844472,18.393574711000607,18.484337496615364,18.373306234774944,18.66721049441591,18.148416541842394,18.36604161981892,2022-12-06,25.691666666666666,24.700000000000003,23.183333333333334,20.841666666666665,test
2022-12-14,20.970205707124503,20.612958720724915,20.15620466264289,19.059437390402806,19.615360798900003,20.445502188755192,20.494445747688488,20.088445144083135,20.612958720724915,20.970205707124503,20.754075279087658,20.357876099947358,20.15620466264289,19.466709475853186,19.07468337184073,19.043450358939825,19.14980569909242,19.591647405898247,19.893275848498526,19.059437390402806,18.3502293605013,18.404016957330516,18.493429764338114,18.382425272639793,18.672866906115264,18.151663681979162,18.36871847650949,18.159678806690273,18.12188298468322,17.71520050820461,17.318154346295334,17.591405641406666,17.997330555316672,17.74366955396938,2022-12-13,25.691666666666666,24.700000000000003,22.55,19.766666666666666,test
2022-12-21,20.431116685833043,19.930056925766362,19.14331788317766,18.39789240720845,20.431116685833043,20.22589494015085,19.535134709760463,19.14331788317766,19.10693036649058,19.20552011551826,19.635865280308625,19.930056925766362,19.09375611066405,18.38155824120123,18.43188730499103,18.51507277245554,18.39789240720845,18.678756388515907,18.156548626503753,18.36746579689862,18.155471473975556,18.118124535339188,17.71183805146661,17.314347417799542,17.582430554236886,17.986473962351052,17.733820453374697,17.81715636883742,17.620685867735602,18.199244345302386,18.899586095270408,18.787137903881973,18.046371017309383,17.646381124250926,2022-12-20,22.04166666666666,21.108333333333334,20.3,19.066666666666663,test
2022-12-28,19.911906347506307,19.12787762498281,18.902810439720902,18.358812580998446,19.911906347506307,19.076690489899907,18.3658214719161,18.414554733895113,18.497914258586757,18.381036486113715,18.66432494097102,18.14695557944139,18.358812580998446,18.1486397455068,18.110866579987757,17.70631262465817,17.31017060197515,17.5811198394899,17.988858453423102,17.737807661426785,17.822314105169863,17.625228983518834,18.20348430488566,18.902810439720902,18.792872105132766,18.05643782401291,17.65714636226265,17.773622118578494,19.22889418245984,18.98711682730799,19.12787762498281,19.09743645244678,18.7789557069593,18.13825636039359,2022-12-27,22.825000000000003,22.04166666666666,20.525000000000002,19.425,test
2023-01-01,19.24534956029879,19.104987298583907,18.780625577651676,18.205047259576215,18.50875498500219,18.389859083684986,18.679441270762716,18.15390454452104,18.372353270695694,18.160280042395943,18.121881380734074,17.706005334236103,17.30154204781959,17.577064531647366,17.990787989666845,17.73728527639188,17.823728566127272,17.62238446312829,18.205047259576215,18.913847706993202,18.80164040071485,18.05169395112217,17.647358807527066,17.766365697593418,19.24534956029879,18.99453128354066,19.135824223131966,19.104987298583907,18.780625577651676,18.131479417300454,17.76142992056016,18.380291752731335,18.68495847078471,18.314578433601106,2022-12-31,25.891666666666666,22.825000000000003,20.974999999999998,19.633333333333333,test
2023-01-07,19.620824204299055,19.131498135513333,18.914044292246963,18.198017309810893,18.134068640427543,17.72226849731464,17.32004450073895,17.594546836349146,18.003232640331674,17.75100395258654,17.83450960453206,17.63445747277453,18.212573462967363,18.914044292246963,18.80428606507882,18.059534264275946,17.657987525466503,17.774030309089607,19.240064055534926,18.992249981919382,19.131498135513333,19.102810171670537,18.780389469655706,18.13659924174335,17.768281521367307,18.382110075593452,18.685451972910883,18.317931003827844,17.78701296681137,17.62169742376913,18.198017309810893,18.436881377179493,19.09535295775056,19.620824204299055,2023-01-06,25.891666666666666,22.825000000000003,20.974999999999998,19.425,test
2023-01-14,19.61819353339454,19.333153953146873,19.09337130971077,18.69009712067713,17.66003231427701,18.23630761507604,18.931951296323007,18.82228830173168,18.082029855097623,17.679006452330853,17.79266843394203,19.24911244915359,19.00347568654711,19.139564174672138,19.110134810544867,18.789594173660724,18.145670752551762,17.77786537468049,18.38725982411411,18.69009712067713,18.32290649300179,17.79484337841858,17.631365486060925,18.201554558104377,18.43850184233123,19.09337130971077,19.61819353339454,18.99807405701513,19.333153953146873,18.66385969742989,19.581785296548514,18.62971819097455,18.841026293948538,19.071761759969075,2023-01-13,25.891666666666666,22.825000000000003,20.974999999999998,19.05,test
2023-01-21,20.42330473247369,19.641682150740273,19.34736737364777,19.063220456668088,19.313417731753887,19.063220456668088,19.19637064397771,19.165432008561552,18.842292073714496,18.190383904869364,17.81630666826133,18.424234293309535,18.726578386549182,18.349553143739197,17.813481386624094,17.648304215028165,18.223121911206636,18.46022009963179,19.11438086489104,19.641682150740273,19.009887120494298,19.34736737364777,18.672296459551813,19.600127615481863,18.63710908566202,18.844708502569336,19.076573711327512,19.340522953344355,19.557507203105523,19.549061447795484,18.730461419452148,19.336697250897608,19.985802364444844,20.42330473247369,2023-01-20,25.891666666666666,22.825000000000003,20.525,17.408333333333335,test
2023-01-28,20.42358600969854,20.36798287310401,19.97059970851144,19.342724122752514,18.487758095275673,18.786820988493208,18.416248626550214,17.888143734967198,17.71950583115662,18.27934958364257,18.513679283175343,19.14478561588728,19.662247703258583,19.03954782082486,19.367921437284494,18.697855832344228,19.60428029885228,18.660659985298217,18.85441843665803,19.083518808508437,19.342724122752514,19.555540617282936,19.54327508926531,18.73822535950805,19.3393639913898,19.97059970851144,20.40562482946811,19.353768575159734,20.35044836156838,19.901693195673456,20.36798287310401,20.35648745898341,20.42358600969854,20.138992125763824,2023-01-27,23.933333333333334,19.958333333333332,19.100000000000005,17.408333333333335,test
2023-02-01,20.666771380336748,20.427069330444606,20.35305881145056,19.550622572624405,17.741552742662876,18.296736651708606,18.528303378733558,19.16024509318121,19.669740463719656,19.04965368037119,19.370506692363637,18.706252497166087,19.605307772486533,18.666677005037318,18.86425326743585,19.087575346233223,19.34391219354569,19.550622572624405,19.54055323049378,18.740604205593858,19.33742903547499,19.970726034676336,20.39984473862007,19.355236007290216,20.341845560110766,19.899510294716112,20.363587697800636,20.35305881145056,20.427069330444606,20.142339433859956,20.353967933802842,20.340092243501825,20.616284966343123,20.666771380336748,2023-01-31,29.458333333333332,28.283333333333335,19.175,17.991666666666664,test
2023-02-07,24.775324285714287,22.87836607986789,20.628919525514547,20.336152927512003,19.32005383049304,18.664056359564757,19.553696605245335,18.626072890831257,18.825716326033152,19.05333417682044,19.309291270695592,19.521521593293762,19.514713638599762,18.72706132328163,19.318992372604146,19.95067899633736,20.382613360569522,19.353021026354245,20.336152927512003,19.90157896947636,20.36251183768462,20.352776350538807,20.42994647962566,20.154258339271898,20.3641934465568,20.35587129979893,20.628919525514547,20.678275506157924,21.208389310218593,20.574744127733588,21.32696792723688,22.87836607986789,23.401803221139975,24.775324285714287,2023-02-06,33.34166666666667,28.433333333333337,23.191666666666666,18.816666666666666,test
2023-02-14,24.78125256202762,22.870494099831646,21.40180329830568,20.548660359818907,19.405295660277037,19.404470682800177,18.61485453773813,19.22105541860005,19.862148354000897,20.300934551828426,19.26674011029137,20.26011881106774,19.829794602116483,20.301512118569722,20.301263814434808,20.382755197889093,20.106741050081858,20.32188878077048,20.312770159423486,20.593880413398733,20.647203486691605,21.188212879919828,20.548660359818907,21.305864691134975,22.870494099831646,23.39379707116797,24.78125256202762,22.026950968432136,21.06889810473241,21.84049998768224,21.782453585153863,21.108075491110824,21.40180329830568,21.25034310263982,2023-02-13,33.34166666666667,28.433333333333337,25.86666666666667,19.958333333333332,test
2023-02-21,24.78243143951205,23.092548702002993,21.853127555322533,21.124145177899308,20.231406023921345,19.801472024585273,20.27709599248927,20.280678803649966,20.36494992335924,20.09349801145441,20.31201115908938,20.30399355452181,20.585116040722742,20.643564835965535,21.18760050896432,20.551850351565335,21.311260041663527,22.876029189132684,23.398325325041757,24.78243143951205,22.03643826274456,21.08215124919554,21.853127555322533,21.79662316627523,21.124145177899308,21.415162375028036,21.260969779429583,20.011872093587417,19.861542188694944,20.29822665441382,21.34680087135691,21.732957667228924,22.254009803975336,23.092548702002993,2023-02-20,33.34166666666667,28.433333333333337,25.86666666666667,20.749999999999996,test
2023-02-28,24.826430422550157,23.419126471767157,22.89129465770596,21.796517940259374,20.278544055788338,20.564531553472563,20.623125438570984,21.176532049011797,20.530703069314313,21.300924321968367,22.89129465770596,23.419126471767157,24.826430422550157,22.038125887244043,21.070866894061485,21.854334792764938,21.796517940259374,21.1152494074602,21.408334554328594,21.253368971328655,19.98488797804714,19.833550547756936,20.276825758611466,21.34034559810969,21.73308407665423,22.25857103436096,23.11042247783538,23.83201172554175,23.065185584626153,22.195980690673824,22.91748882406253,21.97241703136994,22.186602777278218,22.25431259279522,2023-02-27,33.34166666666667,28.433333333333337,26.16666666666666,22.766666666666666,test
2023-03-01,24.805258670418027,23.42975808960143,22.902700353713545,21.831547551230024,20.606097294919273,20.66443427613368,21.209069247127275,20.573850230345403,21.335224444423357,22.902700353713545,23.42975808960143,24.805258670418027,22.056859673733065,21.1013278235907,21.871987745081586,21.815960650401763,21.144345295912313,21.439060024288572,21.27491952206607,20.02322006402178,19.871402788627442,20.307342128887523,21.35662190800402,21.744038498057925,22.269095136733668,23.098414083634037,23.80896584184038,23.053027295137397,22.198438945521982,22.913251024259466,21.985349645847617,22.20624585422723,22.265588551241557,21.831547551230024,2023-02-28,33.34166666666667,28.283333333333335,25.86666666666667,22.583333333333332,test
2023-03-07,25.013915210092406,23.87604744977576,23.150172657093595,22.21342143233204,23.602981527567692,25.013915210092406,22.197530104692184,21.20905189355202,21.98834959753444,21.928563656988896,21.218439646847703,21.51203741678637,21.344859899579436,20.057302237923903,19.889552257369843,20.32578265505503,21.396874018157487,21.771051892432826,22.301924109349635,23.1533479198816,23.87604744977576,23.09364213520876,22.21342143233204,22.946422656928274,21.979283349672304,22.203355960240298,22.27143757882627,21.827447985051265,23.229192220864,22.878999354131135,22.735356762100356,23.150172657093595,22.98193205649928,23.901760829158935,2023-03-06,32.025,26.51666666666667,23.941666666666666,21.091666666666672,test
2023-03-14,26.181152582438987,25.186337468871177,23.88326582135091,22.94543333062178,21.532664757948954,21.36686624376907,20.111462802757067,19.950891500930467,20.38015157474327,21.430762132911237,21.798117777679526,22.30738623242656,23.136486516771072,23.84602902669582,23.083782224922455,22.225395337594332,22.94543333062178,22.001473831044553,22.211401387431966,22.275435099120884,21.845297903798674,23.22042206737901,22.88202193410392,22.74660301077131,23.156003749794642,22.984283941154604,23.88326582135091,24.424513118496794,26.181152582438987,25.402692193149107,23.832787923400375,23.953284534798374,25.186337468871177,24.185153866855646,2023-03-13,33.641666666666666,31.599999999999998,26.51666666666667,21.508333333333336,test
2023-03-21,26.84063350950881,26.148404112350555,25.259268592249224,23.79257063057392,22.26953579721497,23.08662404682114,23.79257063057392,23.044237504327025,22.199747719779705,22.910178595237024,21.983963844345773,22.194234906189706,22.26060828490544,21.846899555831467,23.204271603273945,22.87321172710093,22.74291258146302,23.14978332964632,22.985028059854606,23.873527118066413,24.415896194603164,26.148404112350555,25.383487446764125,23.840226616135997,23.961472773078295,25.177956941776085,24.19445363877853,23.673130256981988,24.81680365958134,25.259268592249224,25.3639275259323,25.323518672917068,26.84063350950881,26.284324344331857,2023-03-20,33.641666666666666,32.025,28.73333333333333,22.84166666666667,test
2023-03-28,26.826375446980638,26.271213568883972,25.720388614760424,25.163499945677973,22.168338234151044,22.235356604713143,21.825028857446863,23.18492809151984,22.852795467156547,22.722613535265484,23.131737860327902,22.96627236037099,23.854110519015617,24.398100957361624,26.13249390008403,25.367489028892113,23.827334468168225,23.951187364814825,25.163499945677973,24.182930664709744,23.664934862166074,24.81106310690615,25.249981111574385,25.3532703951151,25.314962152296737,26.826375446980638,26.271213568883972,25.720388614760424,25.52973760949784,26.71350470708856,25.839529973648556,25.23025840488252,25.946242442602653,25.424324987372067,2023-03-27,33.641666666666666,32.025,28.73333333333333,23.716666666666665,test
2023-04-01,26.954602203418723,26.70762602251393,26.058754765605176,25.312197064036543,22.803737316873285,22.67788018016459,23.085276913853928,22.926648241461077,23.80363299695669,24.341691835425706,26.058754765605176,25.312197064036543,23.794451643917117,23.921354415559364,25.12574293399633,24.156637084571475,23.645348528047418,24.780938339683996,25.224059099927178,25.33009273590839,25.295672992997513,26.7943768771169,26.24418798297932,25.698650673666975,25.510916340768276,26.688191212463728,25.8260771887875,25.225097948815087,25.9353869946684,25.415970969738144,26.954602203418723,26.65916264816305,26.70762602251393,25.627107047240937,2023-03-31,33.641666666666666,32.025,28.73333333333333,23.716666666666665,test
2023-04-07,29.016809059225263,27.301890906084125,26.85027415201703,25.842267374049236,26.13487051540133,25.36763257563367,23.820848565473895,23.948849618534574,25.177519044618908,24.17726153335351,23.651906291172306,24.808090749992413,25.251420561685688,25.357219238559058,25.321458534395884,26.85027415201703,26.277156738951586,25.717958540898824,25.528631128160708,26.720346246188807,25.842267374049236,25.231350295344267,25.959258439289542,25.41885040433198,26.98195077038287,26.684285292316382,26.728434504246177,25.629132050881044,26.44653188964122,27.301890906084125,27.48702037205467,29.016809059225263,26.992564982600644,27.09119503632877,2023-04-06,36.208333333333336,33.03333333333334,29.908333333333335,24.400000000000002,test
2023-04-14,28.980538304065114,27.750400616326555,27.277993085232996,26.67581962512791,24.827922778187375,25.26400564046021,25.374981523762855,25.33555787186083,26.83576399835084,26.262284417211852,25.707202289698802,25.52835393014392,26.706924847809823,25.843118295900506,25.234522246777832,25.942018899544856,25.402680001167017,26.95390769340991,26.669749337068207,26.7126850549376,25.631837454487638,26.441827096754732,27.277993085232996,27.460271873327127,28.980538304065114,26.986274158862443,27.084898699102013,27.750400616326555,26.880725437693535,27.35434331805229,28.376623758230686,26.67581962512791,26.21481964384064,27.432970098028264,2023-04-13,36.208333333333336,30.358333333333334,27.33333333333333,24.41666666666667,test
2023-04-21,29.810598658556426,29.063187391003055,28.31747887083458,27.096048586157757,25.543157862359447,26.76098779540552,25.857581353112693,25.225343840923564,25.958145752466574,25.403170316600743,26.995942315797585,26.70049636686076,26.742531198007768,25.61363122775744,26.448119220593295,27.31297588730273,27.50352774877376,29.063187391003055,26.997339313196218,27.096048586157757,27.773193599507824,26.869133961859625,27.35838356935288,28.41775315750279,26.644630198174614,26.165327672276977,27.422743142394932,27.414295218104925,28.31747887083458,28.873378986784786,29.226194862236408,29.810598658556426,28.926096273213474,28.28458641531701,2023-04-20,36.208333333333336,31.474999999999998,27.33333333333333,24.95,test
2023-04-28,30.74357223166052,29.22413410946114,28.932010695481196,28.260692559759832,26.663190238460526,26.70813070603863,25.621184477532523,26.44100888456514,27.28401933262563,27.47495148908435,28.99791100314025,26.98833375843405,27.090106106898297,27.761400086947898,26.891033982686636,27.369294297870834,28.405610323436626,26.686349269755482,26.21951361014925,27.447442231385146,27.450433984086928,28.336374860492846,28.877434678564267,29.22413410946114,29.795689948983803,28.932010695481196,28.309942649113825,28.260692559759832,29.059585853044283,28.835593575296528,28.449439953051506,28.617781009926823,29.024346641808226,30.74357223166052,2023-04-27,37.95000000000001,31.958333333333332,30.358333333333334,27.025000000000002,test
2023-05-01,30.738355640689658,29.836715010492995,29.050798020613353,28.37350951258148,26.38013170300941,27.229605545252006,27.423083474624754,28.95780685344828,26.932398616599023,27.034283575150567,27.712825803369174,26.842907064788086,27.32717940184708,28.37350951258148,26.645336843303845,26.1741916802385,27.410548989749802,27.416530661029913,28.314788544438283,28.861859147614126,29.213122916809304,29.790284205012448,28.918262642523974,28.290472566480076,28.242093851058623,29.050798020613353,28.825599593224123,28.436957634337414,28.606083385686905,29.010900391446647,30.738355640689658,29.19934895312632,29.879221709701806,29.836715010492995,2023-04-30,37.95000000000001,33.38333333333333,31.033333333333328,27.308333333333334,test
2023-05-07,30.733052078199833,30.11931383410562,29.431199078052867,28.81033345692061,27.705820522674045,26.826358423866566,27.313832675991353,28.368412740441034,26.633457360043057,26.16798783492026,27.398722540997706,27.405298514999096,28.30368187928223,28.853685123473504,29.208533316197137,29.791777854836702,28.922571567418654,28.277828745792625,28.22933585221413,29.03732863306227,28.81033345692061,28.420823677589368,28.593602242668336,29.00871017501041,30.733052078199833,29.185444485181296,29.86412020595513,29.821209765740267,28.74216256661486,28.711053997023715,29.203866280216932,29.431199078052867,30.11931383410562,30.34305507674996,2023-05-06,42.41666666666667,37.083333333333336,31.474999999999998,28.433333333333326,test
2023-05-14,30.684554895171786,30.310321220553348,29.83902066489944,29.19502766021439,27.37090824597603,28.259942573174452,28.803108640591827,29.15603167630829,29.73659711932104,28.884181247547712,28.250369735617532,28.208107111719208,29.00819664833105,28.78757560307082,28.408459606875663,28.58470096209979,28.992612486969055,30.684554895171786,29.167853402609964,29.83902066489944,29.797271740978477,28.738769695540107,28.71272253281152,29.19502766021439,29.414507330539728,30.092411156069332,30.315128896402086,30.182486162138808,29.417954912699745,30.306839012306163,29.749815884482476,30.310321220553348,29.369330395832847,29.369724662368323,2023-05-13,42.41666666666667,37.083333333333336,31.558333333333334,29.083333333333332,test
2023-05-21,30.98525465889732,30.43985620672051,30.330785856003367,29.73459513240938,28.145398699707275,28.97417312115904,28.749152930569235,28.35597068915672,28.532521851594574,28.960026085104747,30.724036340763057,29.137694085237626,29.835518676364234,29.799761626475306,28.701304318633127,28.669057262694256,29.17543226633646,29.40635735444051,30.10639153085083,30.33671743487836,30.205390678257153,29.411778060022783,30.330785856003367,29.75223777018286,30.335849228179743,29.34663789938837,29.342376651756247,29.35847900943702,29.780904259978872,29.73459513240938,30.43985620672051,29.962268857053658,30.40520396378164,30.98525465889732,2023-05-20,42.41666666666667,37.083333333333336,31.558333333333334,29.083333333333332,test
2023-05-28,31.465424955800927,31.31647491648941,30.980542878101268,30.12956465169773,29.206597313582403,29.877612874144955,29.840049831963118,28.79096960754864,28.753085852362144,29.233658837093383,29.461636062991666,30.12956465169773,30.35265689360851,30.22271288128695,29.463982870576633,30.333938116842294,29.779735380634943,30.345426155588132,29.40287252663981,29.404131930836527,29.41727932471416,29.821726835160867,29.773322376033448,30.447288184969317,30.0032609543222,30.430421440629022,30.99215360530106,31.423773274120734,31.31647491648941,31.465424955800927,30.89942055836551,30.980542878101268,31.2113087241309,31.312925712254955,2023-05-27,42.41666666666667,36.75833333333333,31.04166666666667,29.40833333333333,test
2023-06-01,31.65070450809261,31.53011912631574,31.290648245591232,30.3379761190127,28.72961461885658,29.21550060503914,29.44517465560493,30.121961307335955,30.3379761190127,30.208960926198166,29.444588329091914,30.32286777567653,29.76285217241589,30.33365626012317,29.382654053474457,29.374259586299917,29.389624219722123,29.800549315117863,29.75048473208967,30.431466535634822,29.981637809094636,30.414734015662987,30.972636159761354,31.41082949799324,31.304532760544724,31.453921974976197,30.881820302880914,30.962813252661835,31.197568062470495,31.290648245591232,31.65070450809261,31.53011912631574,31.593913775149698,31.124118595825085,2023-05-31,42.41666666666667,36.75833333333333,30.883333333333336,30.05,test
2023-06-07,31.72453713832341,31.66107177602156,31.418964053662567,31.155909164793773,29.510882321361162,30.382084826212527,29.831523787904587,30.378881139097313,29.437353423765114,29.427444969145924,29.438658928679068,29.843031218460638,29.79956333697037,30.472612642786128,30.01520438717208,30.439100120124127,30.989022529052537,31.418964053662567,31.315887211140115,31.471408241212018,30.912102991469276,30.98039424491901,31.21140089740796,31.305751966981177,31.66107177602156,31.546122185003842,31.61928757671849,31.162550059104557,31.17574410582417,31.41034055471671,31.684223610991385,31.72453713832341,31.21078282493003,31.155909164793773,2023-06-06,36.75833333333333,32.29166666666667,30.991666666666664,30.150000000000002,test
2023-06-14,32.51129968126665,32.13406355174014,31.68199759754762,31.324859527973963,29.845970680114572,29.801524799113892,30.489226866892977,30.01526342992428,30.441408540345826,30.996452143681083,31.429867840262375,31.324859527973963,31.481849760134033,30.921209783401263,30.979956500861324,31.21103920447535,31.305066217211102,31.66349120514354,31.547166006454994,31.621531329636515,31.165661007193837,31.169510489155964,31.40516827920244,31.68199759754762,31.722237274758527,31.202793390434913,31.148258138322777,31.307001111358883,31.524336563734717,31.776831098738285,32.13406355174014,32.360818684229415,32.51129968126665,31.947252646052437,2023-06-13,35.56666666666667,32.341666666666676,31.55,30.691666666666663,test
2023-06-21,32.50671879413838,32.354802508126674,32.24120434932394,31.641164447021097,31.29800519818182,31.45521573275426,30.89851311263077,30.964437322348743,31.18800382928553,31.28227087604277,31.641164447021097,31.52807150338526,31.603728739926314,31.152229839244526,31.163941171389204,31.392442034780274,31.66923427043567,31.710791268023705,31.195479647433494,31.142262414615143,31.303322688490884,31.527369235227063,31.771945792049504,32.12811362078345,32.354802508126674,32.50671879413838,31.94431789707366,31.821329910822993,31.91197417992922,32.40407827731067,32.27254972017936,32.266081380326966,32.24120434932394,32.24943043350972,2023-06-20,36.09166666666666,35.09166666666667,33.541666666666664,31.325,test
2023-06-28,33.19649039820909,32.895083385967396,32.372786600377516,32.09312939731976,31.478986847976373,31.554957721471915,31.11149436392916,31.12538485222253,31.35414379467123,31.62873207491811,31.6704917418089,31.16196561310287,31.11083170921275,31.27240263673436,31.495943281788104,31.74041418188624,32.09312939731976,32.317371584058606,32.46737319829979,31.912854133137607,31.793327193359822,31.884503430836652,32.372786600377516,32.243177914671904,32.236473863840466,32.21119816515257,32.219577007752896,32.142087253966864,32.30616903814536,32.51535021499579,32.8864588952207,33.19649039820909,32.932287493401084,32.895083385967396,2023-06-27,36.275,36.06666666666666,35.09166666666667,33.483333333333334,test
2023-07-01,33.23172753128528,32.92010901514756,32.519950305006596,32.237284637638226,31.125310596242542,31.35571202322525,31.635265768341462,31.678718365858813,31.1569800405662,31.104802608201357,31.2721270931597,31.502430080527017,31.74985795788303,32.110252932445924,32.34135771913331,32.495230749751784,31.92695782465992,31.80593449644084,31.900221156650503,32.39721641166606,32.262396358593676,32.25593700371224,32.22923180333304,32.237284637638226,32.15842337398027,32.32652173033793,32.53638224103727,32.91416546021905,33.23172753128528,32.95933733061769,32.92010901514756,32.519950305006596,32.454860673063116,32.726184367063134,2023-06-30,36.275,36.06666666666666,35.11666666666667,33.55,test
2023-07-07,33.343898979515195,33.04841572512203,32.906342203275855,32.45699554679578,31.268502535529322,31.495165155025347,31.74062828829506,32.09751355745822,32.32614017509831,32.47699372573808,31.91919929920452,31.801192524147357,31.894622415251153,32.385465642033274,32.256354605273174,32.25194986233611,32.225680455203694,32.233955268745866,32.15741964451468,32.32332271366893,32.53212061733743,32.90619066832423,33.21969802934124,32.95182242550825,32.913229625236056,32.52067114537016,32.45699554679578,32.72548326067193,32.892448786206316,33.04841572512203,33.343898979515195,32.97574585703856,32.80329971407953,32.906342203275855,2023-07-06,36.275,36.06666666666666,35.11666666666667,33.800000000000004,test
2023-07-14,33.35233202750204,33.13836534667616,32.961252106958916,32.76521071637193,31.809688105129624,31.903674091480124,32.39427879033944,32.26513662919316,32.26155812731938,32.235435816875366,32.24588389529044,32.16725706321621,32.33342521508869,32.5425000881942,32.915200416242875,33.228611360349284,32.961252106958916,32.924736781404505,32.530612068473346,32.46752196480994,32.73593287690139,32.90180185086268,33.057837735627075,33.35233202750204,32.98684818197573,32.81216282408527,32.915262920114344,33.13836534667616,33.09894027802446,32.924025166791026,32.708128547208055,32.58792042902636,32.76521071637193,32.78715130632576,2023-07-13,36.275,36.06666666666666,35.11666666666667,33.87499999999999,test
2023-07-21,33.37564376988336,33.155891748945606,33.011855626827696,32.87762425593828,32.23770139031921,32.400012309114665,32.60767100660782,32.975812044176905,33.280690554893376,33.011855626827696,32.973963905903084,32.57969559668808,32.51337980968622,32.778172908861855,32.940654527365574,33.089193736920045,33.37564376988336,33.01256051200599,32.835787581786334,32.93468447173198,33.155891748945606,33.116889309087725,32.93994888750163,32.72369282546057,32.60530444691636,32.77884498280216,32.79980351230558,32.709476697483524,32.79867721608226,32.87762425593828,32.93251692777958,32.99498723483507,32.76444584007531,32.7441003963414,2023-07-20,36.275,35.85833333333334,34.766666666666666,33.36666666666667,test
2023-07-28,33.44102324217047,33.16326198430547,33.05473390824085,32.955096328466574,32.656312292648416,32.58792224154765,32.85105850279677,33.012246921204664,33.156667662288974,33.44102324217047,33.07435063216553,32.891599956565436,32.98681873274488,33.20486506207616,33.16326198430547,32.981155469789115,32.761936580558235,32.640682275713964,32.8095572748664,32.827888864095,32.735454861298514,32.82410571296246,32.9004057261645,32.955096328466574,33.01748372047776,32.784259242577846,32.763871505815956,33.09126370985425,32.97657025293987,33.03541573438674,33.05473390824085,33.02094815252338,32.75405910682299,32.76706323429002,2023-07-27,35.51666666666666,34.766666666666666,33.55,32.833333333333336,test
2023-08-01,33.456323953996225,33.16796627567699,33.056750628086576,32.89982453554442,33.16641626921128,33.456323953996225,33.08271068514746,32.89982453554442,32.994008316612636,33.21122521757847,33.16796627567699,32.982563766630214,32.75984577053135,32.636357124535145,32.811803863631084,32.82802701890616,32.72946727026431,32.819265134510125,32.897449205554466,32.954131085182475,33.01814378962423,32.784654450526425,32.761971111491796,33.091433444904055,32.97468404156325,33.03559849668514,33.056750628086576,33.02330340044427,32.75598535317392,32.76773362366898,32.88015423918277,32.72678851168104,32.74763011465233,32.43603570116545,2023-07-31,35.06666666666667,34.00833333333333,33.23636363636364,32.73333333333334,test
2023-08-07,33.1847733228666,33.057758775302666,33.00185664038128,32.7924196235837,33.1847733228666,33.00185664038128,32.78131116130464,32.65753320855731,32.826600468469685,32.84172337720709,32.75085796242057,32.83793582539565,32.91209234291189,32.964233086672344,33.023433077554024,32.7924196235837,32.76942638767941,33.09714917365006,32.98244040039383,33.03999272136536,33.057758775302666,33.022091908046725,32.758474242737385,32.769644114660345,32.88563363144058,32.735592561155116,32.75439054845611,32.44715966380063,32.30205214282228,32.294827568363445,32.181104725527966,32.468101457132846,32.416467499613,32.315883726104545,2023-08-06,35.06666666666667,33.94166666666667,33.02727272727273,32.625,test
2023-08-14,33.09102255649565,33.03087978732131,32.957105814976025,32.73924882426645,32.82755384730219,32.90238312126726,32.957105814976025,33.018519077743754,32.784725126364734,32.76097136751371,33.09102255649565,32.97318938585242,33.03087978732131,33.05045678742331,33.015320357504564,32.74831097682045,32.759260350765,32.8742500532381,32.72068109961321,32.73924882426645,32.42894997775528,32.283045481340885,32.27706335695595,32.161700040807894,32.451097067298655,32.398222622882585,32.2962366975132,32.12657313973967,32.14724013961995,31.96618348204559,31.923720438908816,32.05509519963903,32.22372687277727,32.59038231169862,2023-08-13,39.98333333333334,35.975,33.550000000000004,32.625,test
2023-08-21,33.06014372315501,33.02599636852188,32.75161814646084,32.27239688520911,32.974062097439074,33.03713156384715,33.06014372315501,33.02599636852188,32.75161814646084,32.763829452239044,32.87794329413236,32.71802304389901,32.74038866109636,32.42134799991674,32.27239688520911,32.26876938735336,32.15028152052749,32.44557642687214,32.390534578328676,32.28851882314677,32.11598204127889,32.14051732150494,31.95626385357369,31.91429337510456,32.04674671234362,32.222351473737326,32.607194296811976,31.973101177487884,31.494182010726867,31.382114502610698,31.67417795789461,31.94454241776208,31.88101611104643,32.16947840745678,2023-08-20,39.98333333333334,35.975,33.550000000000004,32.21666666666666,test
2023-08-28,32.72068208056611,32.588018656041186,32.28693058611002,32.05129494816003,32.700531016146,32.72068208056611,32.41185874305982,32.26693880066445,32.262850386402555,32.14881258318646,32.43842245253078,32.38678222590593,32.28693058611002,32.11883260823605,32.14038176008147,31.961348194965957,31.919899792086127,32.05129494816003,32.22039727980026,32.588018656041186,31.973539663214186,31.508294626781076,31.39707311849978,31.675751695207342,31.938384486762903,31.875558844538034,32.14892139315606,31.646483473425963,31.23698076801847,31.676381127146477,31.247141224010697,30.981341934779284,30.90944058215121,31.18192986436932,2023-08-27,39.98333333333334,35.975,33.550000000000004,32.041666666666664,test
2023-09-01,32.61362028766004,32.40496422786791,32.17386315551911,31.93682890246953,32.2811232422133,32.16588905205459,32.45818280362089,32.40496422786791,32.304564913917524,32.1371910147138,32.15974851801983,31.978305094150212,31.93682890246953,32.068848656613554,32.23970212076963,32.61362028766004,31.99380524556763,31.522950674445717,31.41055196691925,31.694005577909678,31.95938948929141,31.895293654909423,32.17386315551911,31.667893947376736,31.25376613533569,31.6999486336143,31.26561134257557,30.995200245759712,30.921983682126562,31.199725076550177,31.159843589022444,30.8976187760917,30.906223568826693,30.884656820193367,2023-08-31,39.98333333333334,35.975,33.21666666666667,31.950000000000003,test
2023-09-07,32.62618265633484,32.18184890533087,32.00203618179628,31.431364384903482,32.18184890533087,32.00203618179628,31.959470946137564,32.089973707240674,32.258023223162276,32.62618265633484,32.014853716999994,31.544590747696574,31.431364384903482,31.707426388566475,31.968129242826766,31.903971488577405,32.177543968092515,31.67776822901081,31.26303285059086,31.69958718694958,31.269110422849163,31.002628322844732,30.929941868176794,31.203305357363504,31.163107233935786,30.89876055769057,30.905474101148805,30.882331311947812,30.815277182450945,31.31435729326225,31.182695288483163,30.30646288704702,29.898152364613583,29.74792489521699,2023-09-06,39.98333333333334,35.675000000000004,32.425,31.708333333333332,test
2023-09-14,32.245235515692364,31.966274590137523,31.60599167881417,31.025918886905625,31.60599167881417,31.49462051615845,31.770103089815418,32.03147045119408,31.966274590137523,32.245235515692364,31.726521546782354,31.30520860812883,31.75813956863417,31.30669310337279,31.025918886905625,30.95220415885152,31.231586047690794,31.186366807015755,30.921018438352466,30.933698966820867,30.90298124578462,30.829429690612432,31.34593826458723,31.21145310811655,30.309346139078528,29.89868169737932,29.752708898909674,29.36548733689579,29.91574210013259,29.962151069588753,30.26196290826847,29.849451333577484,29.842410966576143,29.69497327431925,2023-09-13,32.86666666666667,32.34166666666667,31.90833333333333,31.249999999999996,test
2023-09-21,31.740589995692833,31.28981083096897,31.172357586782653,30.30196760215681,31.28753947531762,31.740589995692833,31.28981083096897,31.00938342718266,30.93692533183742,31.216770364899244,31.172357586782653,30.908557095222392,30.922003095676725,30.892161273994372,30.81913943027553,31.336826982248073,31.203005398367306,30.30196760215681,29.89273125632824,29.747309782122514,29.360736092438422,29.91083059284484,29.9580853680647,30.25782042734887,29.845575019541762,29.839166159010883,29.691628809498756,29.790193279305715,29.730735325699914,29.211609497508068,29.535450462887272,30.47596687437731,29.602233748641208,29.197553982930508,2023-09-20,32.86666666666667,32.34166666666667,31.90833333333333,29.716666666666665,test
2023-09-28,31.35555224475222,30.936684230247792,30.48984465894617,29.793403229527435,30.922216497786586,30.936684230247792,30.907605909224568,30.83221706976724,31.35555224475222,31.220695027797213,30.30968555451778,29.895113083127704,29.748311870657602,29.35793351287457,29.912657474523975,29.959971725806096,30.263773905909435,29.847461534409288,29.8407742261616,29.692343873274957,29.793403229527435,29.732242694741714,29.207453019086135,29.53660471538634,30.48984465894617,29.606803729244497,29.19933458622703,28.97711776645839,29.31484727156406,29.473626619034356,28.933733600176804,28.33112607821324,28.058989810844004,27.831618927017576,2023-09-27,33.47272727272728,32.86666666666667,31.79090909090909,29.716666666666665,test
2023-10-01,31.372649168332906,30.853990129098893,29.97856577241038,29.705587118441024,30.853990129098893,31.372649168332906,31.23746293453247,30.33220768657893,29.92150294988566,29.773563486855295,29.38485047126818,29.932884316756475,29.97856577241038,30.277670705180306,29.862374189440516,29.855625860441805,29.705587118441024,29.80391535377673,29.740847812655925,29.218963048652533,29.543175333633087,30.486290764035136,29.610535617269,29.203842545276313,28.98188628047697,29.31485769133097,29.47141639112584,28.934211218598175,28.33475659118687,28.065458114382025,27.8379407498222,27.75507335308687,26.854470432083545,26.973748700500753,2023-09-30,33.47272727272728,32.63636363636363,31.272727272727277,29.716666666666665,test
2023-10-07,30.472757617525435,29.96617417991951,29.79576039231773,29.214664464970806,29.37797490246027,29.92192522713807,29.96617417991951,30.263811198213137,29.85303159289324,29.84921238706402,29.6985786199502,29.79576039231773,29.733547960230837,29.214664464970806,29.536821986171958,30.472757617525435,29.606460432968777,29.20055567129438,28.979274470215323,29.308956037374763,29.46199757845541,28.92887267010422,28.333975214088273,28.068186032999407,27.83905795835999,27.754845228522555,26.860301276124293,26.97563707211118,27.015260672154305,27.264070337083794,27.113163089862226,26.948323751648392,27.08569549657418,26.805101836387824,2023-10-06,33.47272727272728,32.63636363636363,31.272727272727277,29.7,test
2023-10-14,30.461578653552934,29.724002499874533,29.30406862619956,27.755769436870384,29.784893732989485,29.724002499874533,29.204915593917317,29.527278429351433,30.461578653552934,29.59759199290157,29.19280780659187,28.97340465761815,29.30406862619956,29.455904948540216,28.924957433101536,28.331650885855684,28.066994938603408,27.838557345357692,27.755769436870384,26.86440067236616,26.978242996186726,27.01844517897449,27.2666315718273,27.116055175706766,26.95116209198834,27.08886752770641,26.809551442081737,26.557103487870343,26.246701927614534,26.47195670468236,26.161997931828775,26.078147280076823,25.86526469588664,25.78752325258616,2023-10-13,33.47272727272728,32.63636363636363,31.272727272727277,29.7,test
2023-10-21,29.38883624292642,28.91477107290136,27.797225622765826,26.83816296296866,28.91477107290136,29.237718818744327,29.38883624292642,28.866393513694447,28.28119408580367,28.021800826316912,27.797225622765826,27.71563791344065,26.83816296296866,26.95245547139648,26.99169511042499,27.233661642807853,27.08619386903727,26.92363664375536,27.058113387232503,26.781375202354166,26.53457665516778,26.227986551520534,26.446070880271947,26.140502945153788,26.056099381109387,25.844435918446898,25.764294451369455,25.760623762715827,25.821738533611278,25.010118743818428,24.143238608087323,24.210811579378447,24.33867701433783,24.875976101128586,2023-10-20,33.47272727272728,32.63636363636363,31.272727272727277,29.790909090909096,test
2023-10-28,27.793587367636686,27.15316947467245,26.986306827585945,25.864908763993053,27.793587367636686,26.91204475506399,27.024531684584925,27.06049969768649,27.302595077452303,27.15316947467245,26.986306827585945,27.112220640309047,26.830607497218097,26.5785704814982,26.265860629279217,26.482833112383364,26.17420068434231,26.08572447576983,25.864908763993053,25.781600615200688,25.775047652674534,25.833254080854864,25.01958050649475,24.150547956770225,24.21754536724679,24.34055537401407,24.88000429400754,24.79099500131657,23.781158377652382,23.6954822692553,23.55923836176419,22.801344176750046,23.57537953908141,24.002801581435527,2023-10-27,32.63636363636363,31.8,30.37272727272727,27.872727272727275,test
2023-11-01,27.380616980581465,27.181400372580846,26.53431501536009,25.045933997040176,27.380616980581465,27.228955194005106,27.05939140872207,27.181400372580846,26.902550804980464,26.648081674104915,26.33353588143989,26.53431501536009,26.223130179587066,26.128465338677337,25.907301333664606,25.822476218908157,25.8090343921625,25.859570170693075,25.045933997040176,24.18387007202936,24.243688022469023,24.36290574472215,24.893499558975268,24.801423718643353,23.803139407066688,23.709338228781505,23.571953727278167,22.82274601876305,23.58617584687626,24.00956053374603,24.41647200810806,24.011895814751835,23.713513724324617,23.563233779377267,2023-10-31,30.727272727272723,30.37272727272727,28.845454545454547,26.672727272727272,test
2023-11-07,26.596059639224762,26.2797739810129,25.870695086541843,24.201267844239364,26.387913074024567,26.596059639224762,26.2797739810129,26.182979961730496,25.959168989426495,25.870695086541843,25.85465411106652,25.902459377782016,25.078597441606565,24.201267844239364,24.259912715929904,24.380710099903844,24.916511202087054,24.820639771840757,23.804180819414963,23.711929512129316,23.571526285641763,22.810519225240103,23.587232558054566,24.016409715565118,24.429503085294346,24.018315479056735,23.721045993061335,23.570246706541635,23.63664982718183,23.897698624501345,24.1211392523024,23.54597124219629,22.388004474780484,21.153190515038364,2023-11-06,30.727272727272723,28.63636363636363,27.763636363636362,25.563636363636363,test
2023-11-14,25.981331794721505,24.98351257615115,24.33054553034718,23.74582384428392,25.981331794721505,25.15422298051715,24.274908269456752,24.33054553034718,24.448563322940814,24.98351257615115,24.8840319056259,23.860184122283822,23.76287307122659,23.619109268309003,22.853478049882856,23.626940242982553,24.054929983105676,24.464830524283308,24.04716951304144,23.74582384428392,23.593135016793273,23.657122494300875,23.91682718123303,24.14137935174318,23.565148977960273,22.403075507274973,21.166530314082163,21.061759313384773,21.519339578589783,21.15457348022411,21.08376024017331,21.227533714174434,20.71398792949798,20.23105913402217,2023-11-13,28.63636363636363,26.672727272727272,26.045454545454547,24.245454545454546,test
2023-11-21,24.449491835285293,24.04665421306783,23.767640589170867,22.393038138317255,23.866438027062845,23.767640589170867,23.624971603679793,22.863668136229442,23.627610260690854,24.04665421306783,24.449491835285293,24.036559834761427,23.735426339134715,23.58395955673437,23.645282191315882,23.90014684533968,24.117849369904878,23.543476854469,22.393038138317255,21.165307677890365,21.061925182162405,21.514049389570232,21.15043443265071,21.075918664853425,21.215924474474548,20.7089709253423,20.2288630001428,19.86431558969322,20.654045791114765,20.755314732565914,20.459450252135937,20.86460648432983,21.07551193540378,20.84811954689168,2023-11-20,28.63636363636363,26.045454545454547,24.9,23.518181818181823,test
2023-11-28,24.17531566637108,23.952864589023626,23.579846030277743,21.038876912894622,24.07268500679924,23.768693970778685,23.61803005400265,23.68654972950771,23.952864589023626,24.17531566637108,23.579846030277743,22.40082147913006,21.13986823325755,21.038876912894622,21.51113828314803,21.139187198510964,21.060433061069624,21.20331750889708,20.689574463283126,20.20154450401951,19.83188900497154,20.653832471201923,20.763014700616665,20.45678307798354,20.87450724652606,21.102994587506387,20.876778878063078,20.497391769859387,20.29746964583065,19.673785437345753,19.37386822414046,19.241661391376244,19.221252302797204,19.63925486755787,2023-11-27,28.63636363636363,25.87272727272727,24.045454545454547,23.127272727272725,test
2023-12-01,24.100380630443873,23.639413781871482,21.217689742363497,20.75994454393816,23.639413781871482,23.887709195119427,24.100380630443873,23.52781510289002,22.38884466083794,21.1787588683562,21.076256246243148,21.520588064289274,21.159167534311823,21.084202212761294,21.217689742363497,20.714744395330676,20.243432471697776,19.883757056687333,20.661946626146133,20.75994454393816,20.466853676956884,20.862396481939765,21.068329366127493,20.8466154665573,20.476984157430476,20.277672007412736,19.674594378734223,19.387283620777165,19.25701850433201,19.22517988720838,19.619810496711686,19.90653041049148,19.120119749831296,18.506394649698912,2023-11-30,28.63636363636363,25.87272727272727,24.045454545454547,22.809090909090912,test
2023-12-07,21.541161376962705,21.176777707937546,20.878043189165524,20.248768061623917,21.090129822298554,21.541161376962705,21.176777707937546,21.101805389429156,21.239167825218605,20.72647228072531,20.248768061623917,19.88414635650018,20.672196346963116,20.77225898932235,20.475653515268565,20.878043189165524,21.083242747094108,20.85844167978381,20.48403262677085,20.282413209483526,19.673000816519526,19.3830956546628,19.253827428371846,19.21922714095605,19.6198668544693,19.911437196731736,19.116201953070682,18.497039760549853,18.64165701402104,18.64049436647816,18.4150929345282,18.68908053181981,18.217859362497748,18.43887927072966,2023-12-06,25.87272727272727,24.6,23.136363636363637,22.172727272727272,test
2023-12-14,21.14583157728255,20.916381583260748,20.510189423677872,19.2322196364575,19.888643386905066,20.712394160621685,20.816670576010623,20.510189423677872,20.930078613689375,21.14583157728255,20.916381583260748,20.532894596253527,20.329927624749427,19.697957372036175,19.39738728595698,19.265606150288676,19.2322196364575,19.65018399099174,19.956228500338185,19.137907829168764,18.495551935017193,18.644915295009472,18.645621601646816,18.414309312448545,18.700768190325615,18.216182634194354,18.450297384979375,18.318974428178368,18.397121181260136,17.927939609808117,17.431889677880147,17.716135006671834,18.15562273966514,17.936625520692417,2023-12-13,25.87272727272727,24.045454545454547,23.136363636363637,21.845454545454547,test
2023-12-21,20.578602424877644,19.970050160592113,19.309929505081566,18.5209809610234,20.578602424877644,20.374533486232227,19.748053893218184,19.445040514522784,19.309929505081566,19.269065426842552,19.675282106213984,19.970050160592113,19.158295184417593,18.5209809610234,18.661424338425153,18.65746237372422,18.422644542609987,18.700914635662546,18.218577243194492,18.446773668836887,18.31617760478212,18.389779344999514,17.92628554526523,17.43432069343937,17.714299483442446,18.14667831799192,17.932118979165356,18.095564467935738,18.01702495897215,18.51321957913522,19.08773136844296,18.989752684670187,18.295943771223858,17.924555261545457,2023-12-20,24.90909090909091,23.636363636363637,22.163636363636364,20.69090909090909,test
2023-12-28,20.04780566309375,19.335101883008555,19.114505249360988,18.478644151171725,20.04780566309375,19.211438235579873,18.55796267337691,18.699169000143947,18.6974191595311,18.45883730546409,18.74491307860642,18.248482702313986,18.478644151171725,18.34325305049812,18.41264912051276,17.93534793070899,17.429841123915754,17.71575397323349,18.15906424991677,17.932545944552352,18.09906858228989,18.011671809230855,18.52205896130525,19.114505249360988,19.01238781929198,18.29804345433939,17.911612088089502,18.09677298511447,19.65360721000604,19.32270851250911,19.335101883008555,19.29292721236113,18.978041970625874,18.328728916567687,2023-12-27,24.90909090909091,23.44545454545455,21.920000000000005,20.672727272727272,test
2024-01-01,19.596120448598167,19.27891175075691,18.945830690414567,18.42518884207537,18.722204501694904,18.48668216988842,18.754437444001727,18.274088732966153,18.49090203717558,18.358498780208045,18.42518884207537,17.963692718239226,17.473397473216735,17.74249607809582,18.16535839673471,17.945908354152714,18.105120296999214,18.02347445401946,18.51165050294992,19.076840444239103,18.975866781428074,18.290293133578444,17.919503417837607,18.098563387046678,19.596120448598167,19.27891175075691,19.28915836834715,19.24703170391813,18.945830690414567,18.323826281545358,18.020524308860907,18.68491925514123,18.877627751511753,18.388216415239935,2023-12-31,24.90909090909091,23.44545454545455,21.40909090909091,19.12727272727273,test
2024-01-07,19.62772406465123,19.296934749129875,19.103668782728008,18.3924912753596,18.474735571516987,18.01582071292124,17.52296644573376,17.78931104820579,18.210604358506462,17.987719999266954,18.1457001101062,18.057717606055785,18.54471094836469,19.103668782728008,18.99978802060609,18.31449356632157,17.94035062653089,18.11824064200344,19.606405246816625,19.290592406284883,19.296934749129875,19.25313819291475,18.952967841355346,18.32997262817132,18.02853194624931,18.68745554929184,18.882555199433984,18.3924912753596,17.858923674789917,17.700635325835822,18.236576336551494,18.51257562193205,19.215683167423265,19.62772406465123,2024-01-06,24.90909090909091,23.44545454545455,20.69090909090909,17.836363636363636,test
2024-01-14,19.61359929760959,19.44915771514315,19.204125499594433,18.874117548976695,18.09769046515796,18.57794717077579,19.127227031402334,19.018554876623348,18.331675607952228,17.956941630434027,18.132031060673533,19.61311111714845,19.295744492188483,19.296194570423925,19.24742412625341,18.94354619300827,18.322675081069242,18.02310235109459,18.682378356306874,18.874117548976695,18.383706660785794,17.850832108399466,17.69014808014999,18.222390256519603,18.49858228442973,19.204125499594433,19.61359929760959,18.89177992138745,19.193921962675283,18.567122714186247,19.44915771514315,18.613542809397572,18.91947305072903,19.073297085658,2024-01-13,24.299999999999997,22.363636363636363,20.689999999999998,18.53,test
2024-01-21,20.520306001770344,19.672595025289745,19.447005066965225,19.081040275898587,19.672595025289745,19.345753295371725,19.347210602340112,19.297267315580477,18.9892590436519,18.354653709205117,18.048631739891082,18.712927202319,18.9051767821719,18.404231049795374,17.858920873419954,17.696562561361745,18.23952864900252,18.52133545031901,19.232593795442227,19.64707433735066,18.909554353963465,19.217257867186607,18.578629617686957,19.478939632997836,18.62482721235347,18.92778957226125,19.081040275898587,19.230414038463426,19.447005066965225,19.47527907318351,18.718330819234517,19.398865338090605,20.14900086896372,20.520306001770344,2024-01-20,25.059999999999995,23.490000000000002,20.060000000000002,18.169999999999998,test
2024-01-28,20.790336065520364,20.5174124528093,20.151968163562408,19.232709194257392,18.720520615242457,18.906735268379546,18.412818074820425,17.876958069301697,17.720196521158982,18.24765835583384,18.52222231322807,19.22552699578362,19.629447977979414,18.906161352635237,19.20334055014045,18.583907201223667,19.461526788721038,18.630628296304184,18.937916886128384,19.08926064085819,19.232709194257392,19.44318254517841,19.475971629053124,18.73995573202968,19.407024014030096,20.151968163562408,20.5174124528093,19.422146810090496,20.393823133630924,20.01801433588661,20.50280660449304,20.58617718914825,20.790336065520364,20.462924951947652,2024-01-27,25.059999999999995,21.636363636363637,20.318181818181817,19.080000000000002,test
2024-02-01,20.92191025390473,20.77852227963971,20.504611626606778,19.429505198952874,17.667891670104563,18.19758977360371,18.474234623229957,19.176849180931132,19.583125323065982,18.861620412468586,19.162847762717938,18.547394409411044,19.429505198952874,18.59997852323915,18.906803895235907,19.06062961475101,19.207651054880778,19.42187088389367,19.45932738726034,18.724053977994362,19.394073632042637,20.137939002164725,20.504611626606778,19.4088493420651,20.383670085914158,20.009718160702935,20.49533932257406,20.57848776508381,20.77852227963971,20.449117452154898,20.55387115696274,20.550428840519952,20.85326301228915,20.92191025390473,2024-01-31,26.14545454545454,23.490000000000002,21.209090909090907,19.37272727272727,test
2024-02-07,24.919632619255054,23.06223447256008,20.925052464009102,20.450663799118715,19.128424985482848,18.508069632142124,19.398055369978092,18.565908038967855,18.874395279945777,19.032011460431594,19.185967664390315,19.404010703141633,19.44140558145226,18.704913061335716,19.381509449811908,20.129524190035408,20.500791981954894,19.4037380525936,20.385844848239763,20.00801823096512,20.49814679204244,20.582599056524106,20.781629001493272,20.450663799118715,20.559274878829022,20.55523824165042,20.856271404327494,20.925052464009102,21.52023298024724,21.00154814983696,21.65838405584534,23.06223447256008,23.559038864394893,24.919632619255054,2024-02-06,26.14545454545454,23.490000000000002,21.636363636363637,20.060000000000002,test
2024-02-14,24.94089063993806,23.072776230382473,21.657031484468924,20.8586951802658,19.45904320673624,19.495929036652345,18.747606546382503,19.42735775911592,20.177849263407012,20.550252131910533,19.44081814763178,20.421481903803866,20.03704733979991,20.523673038381308,20.604665205729457,20.800458668262138,20.464159920870376,20.570681611945002,20.55740516462296,20.8586951802658,20.921968890780448,21.52004161611766,20.994416020377,21.657031484468924,23.072776230382473,23.56775924160984,24.94089063993806,22.23814260287586,21.35479995628885,22.20345708655037,22.05831014016533,21.271604452641988,21.536817557097677,21.39789356302866,2024-02-13,26.14545454545454,23.83636363636364,21.636363636363637,20.290909090909093,test
2024-02-21,24.895762892678068,23.13772664065669,22.195239949977424,21.35604022802019,20.383312481830448,20.00617930135684,20.48861311298053,20.571845808146346,20.76844355922412,20.441305012770997,20.55049230307601,20.54156727810624,20.84257864871488,20.90739412381342,21.50149206691989,20.985362597951006,21.64428107873453,23.045679653669374,23.537571351099317,24.895762892678068,22.226969217607696,21.35604022802019,22.195239949977424,22.054244620651232,21.27819085763402,21.54100399497645,21.403697012082233,20.186596891763827,20.096906013875515,20.61469376890962,21.550834139165136,21.8084939176306,22.302453844309337,23.13772664065669,2024-02-20,26.14545454545454,25.60909090909091,22.58181818181818,21.018181818181816,test
2024-02-28,24.896301323199076,23.53867032183703,23.047407296136026,22.062942871335405,20.54021190488763,20.84204743411301,20.90603592314958,21.50332550242433,20.98767676867838,21.648398810781377,23.047407296136026,23.53867032183703,24.896301323199076,22.22996874535392,21.36384066587063,22.201507870589463,22.062942871335405,21.28679745755949,21.548784829346353,21.412276010914923,20.195268269472766,20.10884493141186,20.624956609827684,21.56164421075097,21.817411324814824,22.30979185254342,23.14422773523335,23.837784385448998,23.17617358832959,22.452575827876537,23.07617099497403,22.068509170928845,22.276971280885537,22.375710857659048,2024-02-27,29.91818181818182,26.14545454545454,23.83636363636364,21.01818181818182,test
2024-03-01,24.94059883679249,23.567862038246577,23.080908234996514,22.068300653880176,20.912514166868284,21.51499269190823,20.991174406558002,21.657186034029962,23.070737050066523,23.567862038246577,24.94059883679249,22.242076983508007,21.36541424387498,22.209977563157523,22.068300653880176,21.283297153729844,21.54899660602864,21.41163328356856,20.178593017931945,20.09045698075824,20.610229196157114,21.555772063109615,21.814121263873915,22.31284372861741,23.157073361197494,23.8554336942138,23.185739318348094,22.45210617538472,23.080908234996514,22.06174107657849,22.27309290075157,22.37319148719513,21.959752953306463,23.385806384941098,2024-02-29,29.91818181818182,26.14545454545454,24.89090909090909,21.01818181818182,test
2024-03-07,25.00134881408079,24.02283483830804,23.20864251572697,22.314662349300416,25.00134881408079,22.254947478319927,21.35568257902857,22.211106180308313,22.064392546304724,21.265428568049277,21.535684028420324,21.3987353680674,20.147924865131554,20.053797770630755,20.57894563702526,21.54144945693772,21.806707261397463,22.314662349300416,23.17840605495626,23.89647419888007,23.20864251572697,22.454792246691625,23.09313100671326,22.05437589945511,22.26774168412241,22.371030433047885,21.953658928859497,23.400879109832598,23.166354291868938,22.949842654717443,23.260297093618373,23.089787420474615,24.02283483830804,24.570566080203317,2024-03-06,32.50909090909091,29.91818181818182,26.027272727272727,22.81818181818182,test
2024-03-14,26.32009685768642,25.271332024171024,24.05548835119516,23.132501820143496,21.38480404747794,20.16945369835957,20.079800220626005,20.595335147001123,21.53817521385165,21.803297928465636,22.296449281758232,23.132501820143496,23.837183361326613,23.169570929649026,22.439172885045952,23.066925716443173,22.061821781206405,22.268774941891927,22.364494377612168,21.963284499933067,23.37789550535402,23.15462394655966,22.94985656990317,23.260716179803975,23.094086019817066,23.99918877354072,24.5391815697126,26.32009685768642,25.66276454856225,24.05548835119516,24.078202851135025,25.271332024171024,24.319530887601413,23.80183786713117,2024-03-13,32.50909090909091,29.91818181818182,26.027272727272727,23.291666666666668,test
2024-03-21,26.876523993418694,26.283172211453266,25.545751184083763,24.00646389764482,23.11836268861967,23.807367328814415,23.157078154199933,22.45140779867976,23.063326469263746,22.079283535723114,22.284595812864264,22.381724272235008,21.99265324142412,23.378784001515086,23.17074211390528,22.97146799160481,23.274963671121927,23.11708803659728,24.00646389764482,24.538164986047256,26.283172211453266,25.651823860041272,24.08285111238938,24.10498840251395,25.275323748381314,24.35021599979266,23.84793662688869,25.01753955126813,25.545751184083763,25.561981768248092,25.421688334956823,26.876523993418694,26.358608378395846,25.820470922129687,2024-03-20,33.541666666666664,30.427272727272726,27.727272727272727,24.727272727272727,test
2024-03-28,27.005696687995293,26.88116137160548,25.993041024390003,25.302043774347883,22.3639213178334,21.96706527790215,23.360274266378717,23.151931073643258,22.95224859136152,23.261726582153443,23.109132213257027,23.99905245031833,24.526013221801282,26.27910408265239,25.64568477557783,24.0712100420948,24.09782833215395,25.27731919370796,24.345895182387807,23.834610361538967,25.009550894952472,25.538816748762837,25.55411584440869,25.416962089506065,26.88116137160548,26.35760650653006,25.809701392508003,25.682147181525934,26.931705392545478,25.995322410234262,25.302043774347883,25.993041024390003,25.502150135327216,27.005696687995293,2024-03-27,41.21666666666667,33.541666666666664,29.91818181818182,25.525000000000002,test
2024-04-01,27.020192047263414,26.94472869536784,26.382712822034044,25.583318596112708,23.032979105015915,23.340048878687863,23.186248300534004,24.07856494894191,24.595906452471713,26.338678107692537,25.710645224674597,24.131701802278567,24.15423563715052,25.32499434083864,24.401132445926372,23.882840172451097,25.048798610166987,25.57854353847241,25.583318596112708,25.44332456207321,26.898772938147342,26.382712822034044,25.82984867700159,25.70061121519765,26.950392795337613,26.009923056615914,25.3188625897065,26.007099362878368,25.526584624299325,27.020192047263414,26.792444459687975,26.94472869536784,25.798375355549073,26.488706170676103,2024-03-31,41.21666666666667,33.541666666666664,27.866666666666664,25.525000000000002,test
2024-04-07,29.04319644254172,27.539477630561176,27.02114278182633,25.988871856028418,25.783020548987274,24.16832991922716,24.181903276465057,25.370715048527916,24.417008025358935,23.879158976416345,25.060412223212374,25.595459502019402,25.601770815278375,25.449802866003825,26.93132450940083,26.396838050923257,25.825932414229296,25.6843728126843,26.959347498382513,26.001546862111603,25.2890316849673,25.988871856028418,25.494252527086076,27.02114278182633,26.782008826876698,26.936801642403303,25.771027572366933,26.47464592945761,27.309968682752228,27.539477630561176,29.04319644254172,27.11343769056974,27.33058964274753,27.905480560533782,2024-04-06,41.21666666666667,33.541666666666664,27.566666666666666,25.499999999999996,test
2024-04-14,28.968077575540445,27.88368390990681,27.42177276389496,26.852520606055286,25.547507710161273,25.563018225468962,25.416798672110215,26.852520606055286,26.34225449363385,25.793527112679605,25.65992384567133,26.902311320783646,25.984075810763052,25.294742328842105,25.973174114275377,25.500966906543344,26.982696913087025,26.75400623396264,26.911219504625546,25.79098910351102,26.472091571638313,27.2810730151374,27.50935378708041,28.968077575540445,27.102023994153676,27.319108653877496,27.88368390990681,26.955890809468226,27.42177276389496,28.46257811345332,26.82947961917315,26.4414904655293,27.738503022569777,27.668741506452932,2024-04-13,41.21666666666667,38.36666666666667,28.516666666666666,26.166666666666668,test
2024-04-21,29.908963384002845,29.134992847973827,28.534095830912907,27.323757437806613,26.934130424243225,26.003190134996277,25.307190665696638,25.998424938718834,25.513286921505706,27.00907187946707,26.776869578051418,26.92946066660481,25.793039420420666,26.483074288126215,27.305587500722886,27.528678501069823,29.00060098600304,27.110831808733003,27.323757437806613,27.892404134861756,26.954186792421076,27.42970400172691,28.4755459594273,26.81885886214919,26.425714320933217,27.732443428085134,27.660026272131912,28.424212258514675,28.96474140806525,29.347834625047167,29.908963384002845,29.134992847973827,28.655552997516516,28.534095830912907,2024-04-20,41.21666666666667,38.36666666666667,31.70833333333334,26.28333333333333,test
2024-04-28,31.083616981023415,29.558744557222283,29.1352124567083,28.52634112032148,27.039243971982263,25.920699712932947,26.603674498187498,27.41562985782691,27.632626074757116,29.060870645671827,27.191545541010964,27.396185991559676,27.954094472834566,27.03077163249525,27.49944798956971,28.52634112032148,26.872912719469525,26.478991409793107,27.763008971751923,27.692010822911453,28.448933374899063,28.985424875212882,29.36366463584043,29.899522126917677,29.1352124567083,28.664560061485076,28.550110553651994,29.229594011962103,29.04197238046458,28.725601049734347,28.879490844517807,29.325448394670453,31.083616981023415,29.558744557222283,2024-04-27,38.36666666666667,35.13333333333333,31.266666666666666,26.958333333333332,test
2024-05-01,31.08026518089731,30.080712713073233,29.306026180250324,28.70027881222615,27.397106012268374,27.615659200702712,29.059572553737137,27.168931874665084,27.37249961760283,27.935766934024198,27.00053120864447,27.475359452209286,28.512610152572506,26.84097291287402,26.441819828246945,27.736500660919155,27.663877201257495,28.427229995286805,28.970555129356924,29.352000826409988,29.893632812869587,29.12004316804833,28.640858186926387,28.524372275109027,29.209526337126604,29.020918106321943,28.70027881222615,28.85591376158692,29.306026180250324,31.08026518089731,29.53809342077754,30.098157534495844,30.080712713073233,29.099045832815328,2024-04-30,38.36666666666667,35.13333333333333,31.266666666666666,27.041666666666668,test
2024-05-07,31.079294186818032,30.484070629526055,29.916640332098794,29.110534118159624,26.96730798149757,27.4393493864043,28.473493225104576,26.811774867590273,26.420954933323223,27.710475709550703,27.640382825443197,28.40759416556392,28.949475860892203,29.33251183651189,29.873624618713173,29.110827771000533,28.63573046854109,28.521734050799022,29.210499774270925,29.02320005527855,28.706420147140552,28.86188888425604,29.31462662794328,31.079294186818032,29.544705706750012,30.106696255927762,30.08730826507002,29.110534118159624,29.06388210861585,29.579538972087974,29.916640332098794,30.484070629526055,30.6025926696924,30.483427976472992,2024-05-06,38.36666666666667,35.13333333333333,31.70833333333334,28.90833333333333,test
2024-05-14,31.067723622951952,30.60320096584575,30.099984419710363,29.647564006935163,28.42715962734832,28.966453981767234,29.351630609585165,29.896263150090675,29.12685142193346,28.648578800995512,28.532850206475963,29.217165354467873,29.03062519865216,28.719392939579432,28.880207939089086,29.319126597473954,31.067723622951952,29.539941689174807,30.098748988370968,30.079886978867247,29.113406711519364,29.07435482502407,29.57704247123648,29.90765721002194,30.471104891727133,30.590433971756884,30.473798519142335,29.777606447709424,30.60320096584575,30.099984419710363,30.746434165136957,29.750196145907456,29.647564006935163,29.661157383509053,2024-05-13,38.275,34.85,31.883333333333336,30.89166666666667,test
2024-05-21,31.522679866791552,31.042064625299584,30.59985664034164,30.089288963845018,29.234226787353393,29.057109905895974,28.761246012593183,28.91927629447225,29.34934012400027,31.042064625299584,29.57891194219682,30.10756299183265,30.089288963845018,29.15930264072008,29.122149592819987,29.611245986364008,29.935317029137753,30.485426420305778,30.58889738433927,30.475039595593998,29.804482199356162,30.59985664034164,30.11925236144178,30.74765797905867,29.795058705134995,29.68522096698049,29.697708519899724,30.1012270616595,30.040524064140307,30.69702490795123,30.38743652836597,30.70625289283829,31.118444161859937,31.522679866791552,2024-05-20,38.275,34.85,33.53333333333333,31.358333333333334,test
2024-05-28,31.776015010115113,31.531058102511864,31.280934776506093,30.521918035352964,30.143882422418905,30.12605931185113,29.18359044801919,29.13863852126254,29.6315230696864,29.95633776929974,30.521918035352964,30.616569626455515,30.500750820434728,29.820418448141556,30.618891240674284,30.12792915092777,30.76095747834137,29.802614150834106,29.680989975372125,29.69350251032234,30.102689705383057,30.033694092272043,30.696512431305404,30.379326751321997,30.711233688135195,31.120089320319323,31.531058102511864,31.4649362900622,31.589213339317652,31.094120596839463,31.280934776506093,31.43879933356096,31.426129378395547,31.776015010115113,2024-05-27,37.025000000000006,34.56666666666667,33.39166666666666,31.808333333333337,test
2024-06-01,31.77435727139504,31.70871393806,31.461945889494288,30.713295795531515,29.602308999170166,29.926658554217763,30.489081279190952,30.580798155469807,30.467589377596642,29.797440686016177,30.59066162576993,30.10849540521004,30.739489550691616,29.794340849447842,29.672969657683232,29.6876235452003,30.096755974119223,30.031361407623937,30.69156246962656,30.38147835942288,30.713295795531515,31.116397268212303,31.52458868047144,31.461945889494288,31.586581672449576,31.09886816204057,31.28624582417876,31.444134474175947,31.42825348820774,31.77435727139504,31.70871393806,31.764674209258818,31.381352946524434,31.525593591285148,2024-05-31,37.025000000000006,34.56666666666667,33.39166666666666,32.166666666666664,test
2024-06-07,31.909516911164157,31.77431369886696,31.604505923130873,31.413335318636797,30.61544810915446,30.127534317472946,30.762824505398783,29.805148127948147,29.681255939578598,29.69521697417716,30.108117726086412,30.03786165885952,30.70352702426161,30.38644964699267,30.718761353025734,31.124377944302708,31.535699528541592,31.471452809765037,31.593272397600813,31.098728979699985,31.284922608868097,31.44200278289146,31.424841658598524,31.77431369886696,31.708073201450567,31.761607766110895,31.373798671634486,31.51763103480183,31.687632379766065,31.8493676302983,31.909516911164157,31.473957480851794,31.413335318636797,31.604505923130873,2024-06-06,37.025000000000006,34.85,33.583333333333336,32.37500000000001,test
2024-06-14,32.813580454095394,32.38379452656766,31.950850583268643,31.6065323677382,30.09298038118212,30.758410055564365,30.43254515299296,30.76424460689406,31.169338317808176,31.579089114701464,31.51200904158212,31.631605939465917,31.13045901522393,31.308789916702988,31.463822183738948,31.44412463597843,31.791941062342378,31.72345257211364,31.775475570510554,31.382863087665985,31.520344739972085,31.69031956590097,31.852454736327044,31.91212600301041,31.47528253058474,31.415225382683847,31.6065323677382,31.950850583268643,32.142108558388216,32.38379452656766,32.621093697585,32.813580454095394,32.27581774422073,32.199599934120826,2024-06-13,37.025000000000006,36.18333333333333,34.23333333333333,33.00833333333333,test
2024-06-21,32.879731732572615,32.692151184691504,32.65712473647131,31.956326191799636,31.72091926263463,31.21462815812406,31.386991370700212,31.53673615957808,31.51267357524327,31.859702933027467,31.787329725323517,31.84076248174531,31.44316509044016,31.574085416640866,31.739036860240876,31.898791478961705,31.956326191799636,31.513958323154725,31.456008199419085,31.648795125676294,31.990255946743087,32.1788922083281,32.4211713571981,32.66013922136104,32.85448030344903,32.31739271640727,32.2427871395906,32.45801626146143,32.879731732572615,32.65712473647131,32.670912623523755,32.692151184691504,32.68879124542422,32.64726681131575,2024-06-20,36.266666666666666,35.933333333333344,33.89166666666667,33.266666666666666,test
2024-06-28,33.608217895550744,33.331506168618915,32.89805597721711,32.61934714803363,31.847351943415465,31.44119462965431,31.570171055764835,31.734567734120777,31.895573339630477,31.95062043043366,31.49986115894024,31.440223644937742,31.63244110621236,31.974608895159534,32.16280915273021,32.40749221501912,32.64673772098544,32.842231908708555,32.296966317042056,32.21852073764661,32.43336779306792,32.85888978385766,32.63290130323388,32.64473977054159,32.66572071352325,32.66306980793224,32.61934714803363,32.89805597721711,33.0441450181024,33.296985226009255,33.608217895550744,33.38762684578429,33.331506168618915,32.97425639435276,2024-06-27,36.266666666666666,35.933333333333344,34.69166666666668,33.60833333333333,test
2024-07-01,33.616507146479236,33.34213036305196,33.05434588797786,32.6600370235012,31.753337914396823,31.913570155512957,31.968195661565222,31.518718450596847,31.460033304415262,31.651104967949117,31.991662672425488,32.17884978562617,32.422116254065614,32.6600370235012,32.8544825381299,32.31158135152432,32.2327807905901,32.44641882184848,32.87021921341081,32.6444671589352,32.655908239497535,32.67665184428337,32.674900231642965,32.63104146445199,32.908694927018445,33.05434588797786,33.306257786782005,33.616507146479236,33.39683077441246,33.34213036305196,32.98607576612763,33.034979695886946,33.230822167840536,33.27634120904899,2024-06-30,36.266666666666666,35.933333333333344,34.69166666666668,33.733333333333334,test
2024-07-07,33.731212405729394,33.5639090943162,33.35660427315358,32.97390066733655,32.00984333760879,32.19582085158653,32.43423436304606,32.66870974595475,32.86261490367339,32.32286561844066,32.24157915102616,32.452790559158956,32.871191183929724,32.64616069213536,32.65668694564305,32.67894232959112,32.67296350309495,32.6263009017746,32.90102141562789,33.04557707375855,33.29246215301099,33.59860219382183,33.384640952958506,33.327460220165186,32.97390066733655,33.0240578428941,33.219205827486455,33.263524284725584,33.414642025546144,33.731212405729394,33.35660427315358,33.20856376911909,33.41415109949895,33.5639090943162,2024-07-06,36.266666666666666,35.51666666666667,34.425000000000004,33.86666666666667,test
2024-07-14,33.744554649538074,33.57420073983905,33.415277352781686,33.22146261640866,32.51354570132987,32.9291972872584,32.703941946444644,32.713711829810414,32.7340478209203,32.72577136903543,32.67458312058978,32.94381817292044,33.08556384046275,33.32787804760099,33.63037320350878,33.415277352781686,33.35581198458423,32.99969659736494,33.04618558538162,33.23897069134694,33.28104533078044,33.43082639527925,33.744554649538074,33.37140810393818,33.22146261640866,33.42444489818608,33.57420073983905,33.42242993751945,33.259999159184,33.092175696902984,32.953248037425745,33.13892535110669,33.26783775144347,33.120143911255646,2024-07-13,35.041666666666664,34.69166666666668,34.166666666666664,33.733333333333334,test
2024-07-21,33.7528368885751,33.5753265985492,33.424867603699276,33.26419413280427,32.95646742741118,33.09872776595242,33.34384821204438,33.64822218496351,33.42975383285421,33.36947984442968,33.00836224489343,33.05150384306932,33.244822644038415,33.2876443517165,33.43781033190569,33.7528368885751,33.37626177581114,33.22342555579359,33.424867603699276,33.5753265985492,33.423251175852876,33.25920300599696,33.08925733597515,32.949857091863294,33.13653245092431,33.26419413280427,33.11551856183373,33.08920028832345,33.174408732125045,33.2686140478772,33.30629319455041,33.105229949376,33.19560410361908,33.45189720332634,2024-07-20,35.041666666666664,34.69166666666668,34.333333333333336,33.80833333333333,test
2024-07-28,33.79371233030237,33.48042245313574,33.4148376669183,33.292323685847315,33.09733997678775,33.28896864905143,33.33130672118942,33.478122793757635,33.79371233030237,33.4148376669183,33.261543053071705,33.463420440071616,33.61178573909962,33.459278462686434,33.292323685847315,33.123883780633044,32.98175623315364,33.16746818105889,33.2960494502623,33.146347617691326,33.11987926761824,33.202291473569126,33.29815103951906,33.33348324594691,33.13304466738313,33.22521016256715,33.48042245313574,33.2592867160667,33.32603928918901,33.38913419700899,33.333339520726824,33.10207918259662,33.22812454083961,33.27973661539546,2024-07-27,37.0,34.425000000000004,34.166666666666664,33.80833333333333,test
2024-08-01,33.78974253324409,33.470265146163044,33.377279563389884,33.264052466488764,33.78974253324409,33.41552002083777,33.264052466488764,33.46474435081415,33.61095844866207,33.459389947460764,33.293961324705705,33.126524864206935,32.984814634603396,33.16670041978752,33.294628194024675,33.146733016262296,33.11901675929821,33.19906468776481,33.291932648157896,33.32508119188674,33.126639597826745,33.218911735112414,33.470265146163044,33.251139209701165,33.316203460435645,33.377279563389884,33.32116324578411,33.09288288702365,33.21905649632286,33.270313201002814,33.019188481248506,33.04912262677522,32.80257883661345,32.64414431481728,2024-07-31,37.0,34.425000000000004,34.150000000000006,33.65833333333334,test
2024-08-07,33.47175392434643,33.329198862833465,33.305798416296646,33.15986927138951,33.306906860197294,33.14237025348752,33.00091508437993,33.179243611825086,33.305798416296646,33.15986927138951,33.13107188599161,33.20807441256936,33.29902216353321,33.329198862833465,33.1336680161071,33.22520053223382,33.47175392434643,33.25506344521687,33.31763598977518,33.37770166094236,33.32056473383253,33.096154375422266,33.221464498074006,33.27183238522414,33.02413548339057,33.05258988634504,32.81069817149124,32.65330095525224,32.67090289792584,32.6812677315129,32.8933792876854,32.7391762491631,32.65694255474952,32.5444474905641,2024-08-06,37.0,34.36666666666667,34.00833333333333,33.425,test
2024-08-14,33.48427304513661,33.34221716131552,33.27896989392319,33.02659979916913,33.21462722877431,33.30944794542195,33.34221716131552,33.141097217696256,33.23214972212803,33.48427304513661,33.26391836768613,33.32931819809391,33.39194667278977,33.334516091358864,33.103334860393105,33.22882450097788,33.27896989392319,33.02659979916913,33.056887840304455,32.80907257375632,32.64874207345775,32.666774958405824,32.67450641061026,32.891558245251154,32.736019384286195,32.653261432515265,32.53939348498813,32.537110256421535,32.38904412005971,32.46496124715213,32.53081482503299,32.582871729327906,32.94109204915589,32.40093735311603,2024-08-13,37.0,34.44166666666667,34.01666666666667,33.25,test
2024-08-21,33.405362417274276,33.34340317833162,33.06983134300244,32.664229832886875,33.34340317833162,33.405362417274276,33.347174747376336,33.11818616422286,33.24342700170663,33.2930630675864,33.04099038901291,33.06983134300244,32.82369356035033,32.66314038090511,32.68079941086561,32.68904542251448,32.903857410203756,32.74756200317289,32.664229832886875,32.55075349362495,32.54679343364339,32.39984001026506,32.47570471603227,32.54074757594091,32.590300874852794,32.944140314903436,32.408338282615595,31.94344904719992,31.856197810757283,32.22832235922658,32.41153572488229,32.23742673533421,32.496586664139635,32.0596457469632,2024-08-20,37.0,34.44166666666667,33.98333333333333,33.06666666666667,test
2024-08-28,33.13714808773957,32.97013695934183,32.7447558537538,32.52934728011319,33.13714808773957,32.89011674215225,32.72827516762633,32.7447558537538,32.752300094279676,32.97013695934183,32.80924774734638,32.72283941844658,32.608563886557384,32.60373818640059,32.454011083760626,32.52934728011319,32.59628918137213,32.64273393159172,32.996743723360375,32.45768101142123,31.989356963465877,31.900462958473007,32.274932473219955,32.46180107894743,32.28407776246229,32.54384140695922,32.10542031942457,31.68425306221724,32.110751945660034,31.80962730154874,31.490872101473876,31.299263786622948,31.553323539439532,31.54543804693248,2024-08-27,35.166666666666664,33.733333333333334,33.199999999999996,32.43333333333334,test
2024-09-01,33.00034975617903,32.79372443153362,32.590036839717946,32.27792441792543,32.73376478033062,32.956708017118544,32.79372443153362,32.70721193255898,32.590036839717946,32.5887681326633,32.43631506016076,32.51176724885516,32.580031089822135,32.631777897675704,33.00034975617903,32.44614481608587,31.96791533771343,31.87910802922367,32.26386725585433,32.456592199893734,32.27792441792543,32.54995387057696,32.10005787180532,31.670883904843834,32.11382208862324,31.80218861725252,31.473672058568496,31.280695507936972,31.54675861814081,31.54062203730931,31.253540618278944,31.27218212571469,31.355333757736027,31.219383197101298,2024-08-31,35.166666666666664,33.733333333333334,33.175,31.925,test
2024-09-07,32.99394920285452,32.58095495615889,32.444602030760144,31.801391608937127,32.436162566362945,32.511594912070684,32.58095495615889,32.62996986127879,32.99394920285452,32.444602030760144,31.969651426192936,31.88119879816812,32.262889971609326,32.455388591034826,32.275982242401724,32.54416649267162,32.09800610056458,31.671512871499743,32.10970924702949,31.801391608937127,31.477408206100975,31.283729665687822,31.545917812030787,31.539298124657673,31.253506212438953,31.271313370378326,31.354046493301603,31.220789329529097,31.579484353652344,31.449442906295808,30.634499675341306,30.21181545266057,30.081494618139356,29.831090936455983,2024-09-06,35.166666666666664,33.733333333333334,33.14166666666666,31.03333333333333,test
2024-09-14,32.58370792123817,32.32197190721587,31.93838500295874,31.379746299363177,31.93838500295874,32.3137526423999,32.50205218530545,32.32197190721587,32.58370792123817,32.14301452124171,31.717702666525778,32.145353812434934,31.840173762239875,31.519037090056123,31.32429678288481,31.57977964044011,31.571804992672213,31.285188774512267,31.29926277846868,31.379746299363177,31.247203358562427,31.59733921454659,31.467675232178873,30.664920909112052,30.244755298368084,30.11424954052544,29.867970092929795,30.31911300650657,30.239577506535017,30.52008562882432,30.179684089283707,30.142896623425045,30.020612763818,30.234976579710047,2024-09-13,33.733333333333334,31.716666666666665,31.058333333333334,30.474999999999994,test
2024-09-21,32.10587826180924,31.56655951515836,31.43756396880106,30.494699726822304,32.10587826180924,31.80130015404248,31.48030614316598,31.286104607470794,31.542149260989042,31.535824184964515,31.253800986432807,31.266671000212497,31.348059997507875,31.215884373981368,31.56655951515836,31.43756396880106,30.636545987013836,30.22076930790095,30.088743604076075,29.842999019916906,30.29381259670037,30.214308032270605,30.494699726822304,30.155197152772683,30.12195570381286,29.997399696762354,30.21143713478065,30.106711905439283,29.511552841187378,29.823673953334637,30.747765205114536,29.917858508088507,29.561591229818173,29.483762173864978,2024-09-20,31.366666666666664,31.250000000000004,30.825000000000003,29.724999999999998,test
2024-09-28,31.543132014517433,31.32093147378655,30.616088616688305,30.098203852298244,31.239605082700425,31.32093147378655,31.190411482413744,31.543132014517433,31.415070436827612,30.616088616688305,30.20305811604802,30.07135918801987,29.82633856883383,30.27850449401782,30.201586868180097,30.4824334522778,30.1442670744973,30.112988349901652,29.988203586550092,30.201817172616984,30.098203852298244,29.505255395589035,29.816823597132434,30.739943388816474,29.91174855885134,29.554423104999675,29.475417638567823,29.739325600378653,29.773184174721298,29.287780140961544,28.783204118895046,28.510509359222823,28.312494573115035,28.35429835911192,2024-09-27,31.26666666666667,30.841666666666665,29.95833333333334,29.391666666666666,test
2024-10-01,31.526443916635515,30.723503616984075,30.19117108863202,29.898695939360177,31.526443916635515,31.398450185071916,30.60286862117412,30.19117108863202,30.05975568005048,29.815599696944634,30.265492606780796,30.18921768279804,30.46843780625133,30.13170896513847,30.10014241722947,29.975751977885782,30.188178898232895,30.08497973275598,29.49513744282728,29.804928930547295,30.723503616984075,29.898695939360177,29.54274779446699,29.463789789295017,29.726208613472995,29.76002479564013,29.276381608764822,28.773753249979876,28.5015852259227,28.303945904442376,28.344973141714895,27.464156229747662,27.45322157250872,27.489513938564006,2024-09-30,31.250000000000004,29.975000000000005,29.558333333333334,29.11666666666667,test
2024-10-07,30.710697647931436,30.23673278427626,30.076239019402564,29.475966486536052,30.23673278427626,30.159044603785787,30.440255799775798,30.10569737970917,30.076239019402564,29.953838301302824,30.168355545790984,30.067188014195306,29.475966486536052,29.78822909904053,30.710697647931436,29.887112030700806,29.532734086987876,29.45518994593027,29.71956310522951,29.7520684430878,29.26915864604651,28.767830670540246,28.496519591936604,28.29955255541427,28.341007631792305,27.459658928391026,27.44622717895954,27.482764873242857,27.75144464368637,27.573124573070384,27.421777645110375,27.65466747799648,27.328939602685047,26.961736609036542,2024-10-06,31.250000000000004,29.975000000000005,29.509090909090904,28.781818181818185,test
2024-10-14,30.6804365655226,29.86144014560377,29.509798900603798,27.73840341889392,30.041386718564752,29.454031005573544,29.76382143234123,30.6804365655226,29.86144014560377,29.509798900603798,29.433446995799958,29.696337958512697,29.729242260972722,29.248731519903313,28.750059135905946,28.479996595247858,28.28467476210347,28.326364236059074,27.450012201879353,27.436835757122207,27.472195638180942,27.73840341889392,27.560185582296803,27.409585081300378,27.640920907492177,27.316228450167163,26.950736872611472,26.648877393402685,26.88159133040438,26.544774855894165,26.459053194975606,26.35768030578984,26.21220028932665,26.071273377095753,2024-10-13,31.250000000000004,29.509090909090904,29.081818181818186,27.045454545454547,test
2024-10-21,29.718838328455554,29.2375310641752,28.273837544416583,27.319341273625177,29.68620565169189,29.718838328455554,29.2375310641752,28.73823753256911,28.469892341436942,28.273837544416583,28.318370465571796,27.44472366624563,27.432029428464634,27.467448410078266,27.73386265790253,27.557800969385603,27.406750982620547,27.641130105574565,27.319341273625177,26.954049465646904,26.651843571505292,26.884355819558262,26.54913083170501,26.46238679897046,26.363253595280117,26.22000816753344,26.07858564809182,26.119059346875236,25.38116675727053,24.51778490512852,24.57552386882829,24.798797118754422,25.240782755153745,25.024427482660624,2024-10-20,29.509090909090904,29.233333333333334,27.79166666666666,26.066666666666663,test
2024-10-28,27.699325374972855,27.5275943862142,27.37778850471549,26.202487580554873,27.406850802634924,27.394024206189854,27.431735325894504,27.699325374972855,27.5275943862142,27.37778850471549,27.613451849776382,27.29106706496072,26.92731183097532,26.628778869837785,26.86238871029556,26.531714173067677,26.445325167070408,26.348022838817094,26.202487580554873,26.060589199191238,26.102132839359854,25.36800165567216,24.50999057357218,24.566149237309457,24.788608155613755,25.22463176964315,25.006889411943913,24.05325786567158,24.00248500204039,23.83328916082697,23.12428892547919,23.960794879831408,24.29874182383912,24.558461414514444,2024-10-27,29.425,28.654545454545453,26.590909090909097,25.383333333333336,test
2024-11-01,27.59218887879291,27.351979868476445,26.600015644818914,25.21409719604002,27.501142740425397,27.351979868476445,27.59218887879291,27.26772616934388,26.900825948581623,26.600015644818914,26.839971421175,26.510620514339813,26.426481107198928,26.329083957663702,26.18464936723124,26.043379975682456,26.08814876764608,25.345451656306064,24.480584392741594,24.54110762286146,24.76823727342732,25.21409719604002,24.995427343202415,24.029116087899528,23.979866133505727,23.81393439623597,23.09680646006144,23.946873349467126,24.292480093663514,24.558032682478302,24.167632490808778,23.92568735050177,23.75195911698168,23.822211882777808,2024-10-31,29.425,27.79166666666666,26.34545454545454,24.941666666666666,test
2024-11-07,26.83024345837654,26.41786711599282,26.038554771768446,24.331427042932773,26.83024345837654,26.501783843143443,26.41786711599282,26.32035347396084,26.178352056241682,26.038554771768446,26.085894347913335,25.346954430319226,24.488021478941906,24.547745192511876,24.772021711631098,25.215118306968137,24.998389835746018,24.04310660869733,23.991118792075977,23.82446899102317,23.112640949601992,23.953694390895752,24.296611301983145,24.559056301604233,24.173819301651754,23.92995932303563,23.754748171410633,23.822657252065774,24.180274393036722,24.331427042932773,23.6661145806422,22.580341541680507,21.456544589093088,21.325784222748265,2024-11-06,29.425,26.75,25.933333333333334,24.625,test
2024-11-14,25.343378036183026,24.985399543763375,24.4908439465264,23.918781106335985,25.343378036183026,24.4908439465264,24.54607583588512,24.765744793449546,25.201463276689818,24.985399543763375,24.03940737117494,23.990009216539164,23.82149318693435,23.11566558439233,23.94482516746074,24.2822474622851,24.539798746358276,24.157096652956746,23.918781106335985,23.74225535940127,23.806556984210097,24.158777118639694,24.307120393328944,23.648946014333152,22.574747905126628,21.467750594557963,21.33500873080937,21.76392428532738,21.535790994176438,21.40928759444885,21.418802014757315,20.946048187613528,20.53817297153319,20.16025678139268,2024-11-13,26.75,26.066666666666663,24.8,22.666666666666668,test
2024-11-21,24.53845537922793,24.28150375837572,23.946608081254087,21.779547562987425,23.98793918121971,23.82128987295358,23.115467729418867,23.946608081254087,24.28150375837572,24.53845537922793,24.1613275883146,23.923903790111257,23.749921288787156,23.815124141841515,24.169503194469826,24.31547523645147,23.65636371969978,22.587347582981984,21.48061492589319,21.350066352247328,21.779547562987425,21.552677901923214,21.42294200705486,21.431004747043946,20.962817080764477,20.554586765861195,20.177778525887373,20.92212144123554,21.129593478800604,20.791674695917084,21.047590214457184,21.251642453878564,21.080256747315662,20.694389157215532,2024-11-20,26.75,25.933333333333334,22.86666666666667,21.866666666666664,test
2024-11-28,24.23913623867666,23.854828856370062,22.527992838235434,21.116177804858427,23.854828856370062,23.68298423089789,23.749225567021888,24.095888106634874,24.23913623867666,23.585385013455937,22.527992838235434,21.438699365800467,21.313158661076432,21.743748800923562,21.515959456870696,21.3875237778181,21.39734950638779,20.93717992924243,20.54152637197071,20.17149391896377,20.91397171316138,21.116177804858427,20.77964100799048,21.033565664851203,21.238341258253055,21.075260827103705,20.69355299737541,20.513438060692245,20.053591622625927,19.72089429721419,19.478317099202467,19.458088112953096,19.87456699429979,20.110298516895085,2024-11-27,25.933333333333334,23.03333333333333,22.666666666666668,21.649999999999995,test
2024-12-01,24.2386114514854,23.577090326679293,21.39400632535342,20.911791015748225,24.090721587558537,24.2386114514854,23.577090326679293,22.503515461957463,21.39400632535342,21.272096471442886,21.715039338012573,21.487522758138496,21.35953331081106,21.375595466325073,20.911791015748225,20.510187628182553,20.139470185554657,20.90070176447915,21.111699269624346,20.771413479947544,21.036047494812767,21.249719070263023,21.08455351265483,20.701059104853908,20.520569370124687,20.05534663599784,19.717659208966886,19.474626136733022,19.45735908943569,19.881523670438575,20.125931515401454,19.37955165712876,18.90206821928748,18.97344049984192,2024-11-30,25.933333333333334,23.03333333333333,22.666666666666668,21.55,test
2024-12-07,21.700244333570218,21.362711079154128,21.06585317137476,20.149466810905498,21.700244333570218,21.474130194147346,21.348677527975177,21.362711079154128,20.907077091572173,20.512905513857902,20.149466810905498,20.891219420699525,21.09575702551544,20.761121578558715,21.018856047254925,21.22841208588683,21.06585317137476,20.68902544834012,20.504288916081787,20.043322933682354,19.710457424249835,19.4684795952894,19.450424712592245,19.866638712697103,20.106640070195063,19.36548681967987,18.89245295697702,18.9618258616239,18.855098172794236,18.77307775354622,18.620946115600425,18.86244372515218,18.415714069779018,18.75212266016514,2024-12-06,23.816666666666663,23.03333333333333,22.600000000000005,20.958333333333332,test
2024-12-14,21.274066829501503,21.108740205452197,20.7283766599331,19.3824401667894,20.93838279311087,21.14291200405112,20.806390205225373,21.06415708833682,21.274066829501503,21.108740205452197,20.7283766599331,20.540240017921118,20.07388417289859,19.738125743399337,19.492371483811482,19.472822208362768,19.88966712970237,20.130042259281893,19.3824401667894,18.904560807067906,18.97435523728472,18.865712438836866,18.782991128112823,18.629302460452006,18.872581043745726,18.42266036861564,18.760667141112847,18.71297237664399,18.582629905307346,18.07706965452881,17.68587387443787,17.9288392205504,18.31636993698692,18.245253954747874,2024-12-13,23.099999999999998,22.849999999999998,21.649999999999995,20.099999999999998,test
2024-12-21,20.537099195900538,20.080220491918453,19.48199090815242,18.788459824460993,20.537099195900538,20.080220491918453,19.749341957265532,19.504107703899546,19.48199090815242,19.88856312131566,20.11595394258487,19.381251809153266,18.91372827074093,18.981336401527294,18.87147932679988,18.788459824460993,18.636710064782463,18.868204156287252,18.426754334209516,18.76071269398169,18.714555478719852,18.58488966484067,18.088694908763607,17.70548975040687,17.938083575512152,18.319202707131844,18.25322257217039,18.47005070069205,18.201367152256044,18.566877167685615,19.141402872243308,19.031344657431642,18.39631787156662,18.18712657744475,2024-12-20,23.48333333333333,22.849999999999998,21.599999999999998,20.099999999999998,test
2024-12-28,19.576143166289192,19.26950226408554,19.0210261804499,18.71003389069768,19.374269069539974,18.91136576379145,18.978681748168228,18.86774400502452,18.786440050514795,18.63141600174658,18.858356558338638,18.420987844116684,18.755240314746484,18.71003389069768,18.579978429769977,18.088580697157845,17.704079792906136,17.932677719365575,18.31343864709008,18.25068774716611,18.46734725647264,18.199543632446577,18.56500526334404,19.132749669574522,19.0210261804499,18.39198874837042,18.187021675422784,18.416859760050922,19.576143166289192,19.207772026386486,19.26950226408554,19.209100791767213,18.927569795796067,18.4952052675843,2024-12-27,23.48333333333333,22.849999999999998,21.491666666666664,19.650000000000002,test
2025-01-01,19.577188239303613,19.213690428618072,18.930624894152228,18.561702062970024,18.765307552098676,18.610589607082993,18.8390861006536,18.400871047658008,18.738457447601927,18.690415596335658,18.561170420659735,18.07360798674801,17.689728719110466,17.92060547523725,18.303030466481086,18.243067598770335,18.457743385352316,18.190478965189683,18.561702062970024,19.132057005015906,19.02137015819449,18.391018625816713,18.18779870784607,18.414871969358533,19.577188239303613,19.211860318672077,19.273977535824336,19.213690428618072,18.930624894152228,18.498437338143752,18.287878249970017,18.69525235639949,18.796806281203484,18.409950854909486,2024-12-31,23.48333333333333,22.849999999999998,21.825,20.099999999999998,test
2025-01-07,19.587460450635007,19.281151463836675,19.14859830769114,18.501982350748488,18.583590469890503,18.09245788826287,17.70723132399717,17.938204902156755,18.322312424492047,18.263874491489787,18.47452221250764,18.20378707731667,18.575151486721783,19.14859830769114,19.035293530753524,18.40030985450102,18.197449670633322,18.420427897507295,19.587460450635007,19.218366689278824,19.281151463836675,19.219161329584203,18.93421085443485,18.501982350748488,18.285838985441504,18.694706902318096,18.796245272101856,18.408616531869793,17.90373384741183,17.755757243186096,18.393234160183162,18.71538312366559,19.175135518405394,19.486540823556364,2025-01-06,23.48333333333333,22.625,21.599999999999998,20.175,test
2025-01-14,19.62719330416006,19.48624293299678,19.207288455693796,18.871164528667286,18.250558648536213,18.627058640443632,19.207288455693796,19.088314060893985,18.43699090210246,18.226094428262297,18.44833743325971,19.62719330416006,19.250309679172513,19.310947408354018,19.243304888752107,18.947052031791706,18.503749008384904,18.28122816150982,18.69200180422696,18.794550649008087,18.400220199535234,17.885532012418114,17.73094884483891,18.376072455009922,18.70271175633178,19.16796164900503,19.48624293299678,18.887683431066094,19.167271672395064,18.58890334787537,19.573697041353004,18.871164528667286,18.97306613677834,19.061666226370058,2025-01-13,23.48333333333333,22.516666666666662,20.766666666666666,19.858333333333334,test
2025-01-21,20.509489919384638,19.717033994795656,19.49374699345912,19.07314707269481,19.667069978435123,19.291654927570214,19.347815143630225,19.276912887109074,18.98234590423292,18.545609970923078,18.32514498332245,18.728314824282233,18.823079368738497,18.43104329198443,17.920189657853918,17.765031181628967,18.399134545805993,18.71969701402212,19.17790246793433,19.48667661789403,18.89606254542418,19.168806659072448,18.599773383978267,19.57094029253243,18.882702867489577,18.986912900536577,19.07314707269481,19.293117641588562,19.49374699345912,19.533820742872802,19.018194793210988,19.717033994795656,20.22648541690962,20.509489919384638,2025-01-20,22.674999999999997,22.516666666666662,20.7,19.841666666666665,test
2025-01-28,20.890658002781635,20.739252745813882,20.224738246741467,19.287934561275623,18.734694772231112,18.82926364672288,18.4320158899215,17.917801582701284,17.76246245595991,18.400117021615415,18.722661552113177,19.18368317968071,19.4933581624748,18.89556218431124,19.170318441114652,18.5975658836253,19.574373440700427,18.880197953147338,18.984223689988816,19.069377653978894,19.287934561275623,19.48980554285002,19.53051962707746,19.009309101920916,19.712476382273994,20.224738246741467,20.508155227642995,19.570506429724883,20.476668284267028,20.130987123879844,20.739252745813882,20.890658002781635,20.890295773365516,20.51895440561281,2025-01-27,22.674999999999997,22.516666666666662,20.675,17.73333333333333,test
2025-02-01,21.17789980787209,20.89499587221791,20.69330425030042,19.58748755201739,17.81839041983023,18.446187987846674,18.763165091702284,19.215910856709606,19.520111514918565,18.93102066130787,19.196486408106125,18.628854325235366,19.5894386317099,18.90640368850867,19.00820652904517,19.092105081020865,19.306534431325503,19.501514948550856,19.538579518301088,19.027996288578766,19.720930897709398,20.226336874742323,20.507510517898023,19.58748755201739,20.477392173810706,20.13690471397604,20.739174183225487,20.89170818820816,20.89499587221791,20.534051964300286,20.704503120453484,20.69330425030042,20.964000734402557,21.17789980787209,2025-01-31,22.674999999999997,20.983333333333334,19.891666666666666,17.73333333333333,test
2025-02-07,24.68746895934768,23.012116338408372,21.14330367383693,20.507346751239503,19.20214163081262,18.636901731928386,19.59524751690211,18.913355205261094,19.012733953348324,19.093794498364318,19.305850247728422,19.503967010162704,19.543116306557213,19.03272039707124,19.72559208019991,20.22865209699278,20.507346751239503,19.587026090909177,20.479773016873928,20.14243105787754,20.74398916922672,20.897641836420554,20.899654390099712,20.537412553636585,20.706439473491795,20.6994414590951,20.97261095278983,21.1863294150826,21.79781584225934,21.14330367383693,21.67232286492635,23.012116338408372,23.455827723111135,24.68746895934768,2025-02-06,22.674999999999997,21.158333333333335,20.583333333333332,18.025000000000002,test
2025-02-14,24.68010876585581,23.008931445363558,21.790767053673555,20.96201349207425,19.416574642754693,19.46050452414093,18.95284845065793,19.65079099744005,20.159450388094605,20.44190653463164,19.531199424144724,20.426155835730107,20.09689721527269,20.700825416278498,20.861773671398712,20.870814816424744,20.513333813426627,20.688816932249864,20.68420762775783,20.96201349207425,21.17612226097113,21.790767053673555,21.141008422038134,21.669115068761112,23.008931445363558,23.449945550048948,24.68010876585581,22.401747657135033,21.67851146987426,22.256240319060804,22.054259389074712,21.41343717564059,21.646698549508155,21.519546372470412,2025-02-13,31.233333333333334,27.25,21.616666666666664,20.275000000000002,test
2025-02-21,24.68000036943268,23.155796642468548,22.246186313334295,21.507659702347908,20.42248046248949,20.09604990930919,20.69857056815844,20.858651176656583,20.86810152961441,20.505114772075533,20.678897719900895,20.67256404148352,20.95523298233064,21.166684309938553,21.78222076592833,21.130942692044847,21.657003644782183,22.999626476317903,23.441046547541454,24.68000036943268,22.391182019088475,21.665015488735158,22.246186313334295,22.040422205891225,21.39637083603955,21.63002235886579,21.507659702347908,20.54736594708816,20.539585176620974,20.834589181505592,21.619420150656524,21.927184483114424,22.381168763324332,23.155796642468548,2025-02-20,31.233333333333334,28.733333333333334,25.774999999999995,20.583333333333332,test
2025-02-28,24.606629182183422,23.420069788801285,22.913358750669904,22.008679736596722,20.538574876868932,20.82650679987017,21.04131323507162,21.661858670113165,21.023924939947268,21.560433468611443,22.913358750669904,23.36008475399527,24.606629182183422,22.32792116806721,21.610515913745463,22.203507412555677,22.008679736596722,21.37634109317156,21.612831797988683,21.49650583159451,20.539628620196662,20.534178310438705,20.835607156282876,21.62349665547332,21.934878663875534,22.384652369916907,23.157201134037283,23.946199377996404,23.420069788801285,22.594831190616365,23.10084953786954,22.263528716261835,22.457412192151423,22.56166695345783,2025-02-27,35.20833333333333,31.233333333333334,27.25,21.366666666666664,test
2025-03-01,24.56179326308664,23.412158978146678,22.89441798182069,22.2020671099682,20.830815817978404,21.04597170177056,21.659599376273405,21.032523293899647,21.561492819894948,22.89441798182069,23.331970661364952,24.56179326308664,22.32240559349017,21.618622442712272,22.2020671099682,22.010619490983142,21.389249023927647,21.619309405421287,21.5074753417358,20.568434239195366,20.564968514405436,20.86134391063219,21.63692834277457,21.944354975421664,22.38456031898578,23.147829013173038,23.92735805845325,23.412158978146678,22.60057824300339,23.099626599635258,22.277573800840123,22.46693277989526,22.57355663236715,22.36962204956227,2025-02-28,35.20833333333333,31.233333333333334,27.25,21.525000000000002,test
2025-03-07,24.631309253314033,23.981411795865373,23.364063815227198,22.46316080925381,23.364063815227198,24.631309253314033,22.316236884793646,21.587544245270674,22.1933433869049,21.99795984409558,21.356224177280232,21.599419949482105,21.4831743586227,20.512244701131415,20.507513521450342,20.817085462840893,21.61988494348743,21.93626433073614,22.39492024324892,23.18025666131455,23.981411795865373,23.445298880952162,22.60747041556896,23.121132527712618,22.267418213729396,22.46316080925381,22.56652439593793,22.348287915853522,23.73233654525247,23.36182232778398,23.107084427455636,23.465824411890964,23.315659642189615,24.16367075224155,2025-03-06,35.20833333333333,31.233333333333334,28.53333333333333,23.691666666666666,test
2025-03-14,26.461197864783923,25.372429758749316,24.223247170207422,23.157804290826444,21.61246848681206,21.504037694671315,20.572142026403174,20.572323683248367,20.871401800707066,21.654644207955734,21.967199812575153,22.39383275273236,23.157804290826444,23.941376427053594,23.427132456677217,22.615638208908372,23.119519955530784,22.30003999770887,22.47317501834749,22.578127618618975,22.376172089135714,23.722547064964928,23.36515988531432,23.126821786582934,23.482962882644212,23.322930896069025,24.1505112238759,24.78850328285702,26.461197864783923,25.715182577429065,24.223247170207422,24.32042091033582,25.372429758749316,24.53994713688887,2025-03-13,35.20833333333333,32.766666666666666,28.733333333333334,24.933333333333334,test
2025-03-21,26.884978943116863,26.41134271456308,25.59139559581526,24.142679508103498,22.471146151549085,23.21097081962657,23.978369685121766,23.47519519198803,22.673985219594197,23.154893414355314,22.346487452167928,22.52039390032701,22.616827895326146,22.422882133308097,23.737644653867427,23.381988677134558,23.141192915635784,23.483919235397327,23.336493882037253,24.142679508103498,24.773288046225716,26.41134271456308,25.68107001157913,24.22118475878235,24.31566080543173,25.355787708317546,24.545320867067126,24.255284305775486,25.381438707323657,25.686745591256866,25.641740922607354,25.59139559581526,26.884978943116863,26.436947555442686,2025-03-20,35.20833333333333,32.766666666666666,29.075,23.691666666666666,test
2025-03-28,27.018534954518728,26.42990118545568,26.110391141539544,25.391797163482014,22.505632915009397,22.606712874831413,22.420491353491848,23.73297634986429,23.38600154530714,23.15214567878634,23.503201181012198,23.34116409474754,24.14575844203788,24.776667456538306,26.40842361022154,25.68770965784994,24.24167101720838,24.34404494952692,25.358407008734268,24.55587328382712,24.2705207457362,25.391797163482014,25.696754826784616,25.65304344024677,25.60977371128964,26.874063601163105,26.42990118545568,26.110391141539544,26.08003853582121,27.018534954518728,26.132508442096068,25.59594747146377,26.175283403694863,25.75739025374428,2025-03-27,39.77499999999999,35.20833333333333,29.083333333333332,25.308333333333334,test
2025-04-01,27.252805481011364,27.094584416307068,26.43652889898112,25.712524931054666,23.44125964316035,23.206089703374158,23.555241858880198,23.40366247946938,24.19152721585306,24.819732329853657,26.453128151805608,25.725030088819384,24.276412752695972,24.375543130344504,25.39875904972275,24.579550559438022,24.291636506140197,25.414909696382534,25.712524931054666,25.666468931620887,25.621227325204536,26.895765789375176,26.43652889898112,26.116449018872792,26.090754533967957,27.023874888168535,26.13819309801468,25.602198152175557,26.194364131555965,25.763560318115715,27.252805481011364,27.13666981830272,27.094584416307068,26.023400350509615,2025-03-31,39.77499999999999,36.40833333333333,29.083333333333332,24.933333333333334,test
2025-04-07,29.074865735597132,27.50190006052064,27.127454623072367,26.132975075376667,26.49648241300266,25.771385252773626,24.311168924877418,24.407693962582382,25.4268847411989,24.602710179137752,24.317733872506416,25.433739892923626,25.73542737658737,25.680103932903524,25.631421948844487,26.902416206797437,26.43933843809378,26.12279597892554,26.08821192209372,27.028224019412566,26.132975075376667,25.594288535085862,26.183413434644763,25.751056887199812,27.250332422324338,27.127454623072367,27.092354879000766,26.013456518794445,26.700144007488237,27.404141627264433,27.59759038174148,29.074865735597132,27.484027651928535,27.50190006052064,2025-04-06,39.77499999999999,36.40833333333333,27.174999999999997,24.808333333333334,test
2025-04-14,29.097523080178185,27.953242642136516,27.526452981905813,27.027424547718066,25.40382802556415,25.717029200968547,25.656200258482983,25.60317037272121,26.881725187805912,26.418666807139175,26.101683593280832,26.069993433664695,27.027424547718066,26.123688373918597,25.579396654734097,26.173368962324872,25.742106137959983,27.252040529863137,27.13169384413027,27.10811866046251,26.019090526936015,26.70640494733287,27.414711522876626,27.611421247027764,29.097523080178185,27.498774022360127,27.526452981905813,27.953242642136516,27.18870199068693,27.586186878251098,28.513868121061968,27.213085716027628,26.945969267020253,27.94700866650156,2025-04-13,39.77499999999999,36.40833333333333,29.083333333333332,26.558333333333334,test
2025-04-21,30.00512736728203,29.328205147349994,28.53411164761055,27.47485740519952,26.02940429256852,26.994314541572635,26.088407391846836,25.54737106349839,26.145193076519625,25.710661049425926,27.229502271460206,27.103970882298743,27.08186990653936,25.98921197335743,26.68658557824946,27.398677486776197,27.594963476427935,29.088777784260536,27.47485740519952,27.50308448149188,27.934023290145635,27.169572982302896,27.56770600837934,28.498095804470168,27.187222546328314,26.911834657868127,27.918297843368766,27.774104652623656,28.53411164761055,28.99067237709003,29.328205147349994,30.00512736728203,29.390455515484557,28.799339052095704,2025-04-20,39.77499999999999,38.21666666666667,30.316666666666663,26.766666666666666,test
2025-04-28,31.09022034941613,29.646650343527504,29.155826490712343,28.5120841842446,27.165670542411114,27.148855705821425,26.059063273655546,26.738171430861822,27.442089184022667,27.633808915614974,29.120234966643316,27.50971599004872,27.542778943408997,27.973404084622445,27.194552453739202,27.586321916743245,28.5120841842446,27.201899777846545,26.929230639252744,27.94091487661409,27.800401474990522,28.545540962563756,28.998557439519953,29.335712673172065,30.011861266209948,29.403413596207624,28.82359618060201,28.644293846981725,29.319990445056042,29.11700155012244,28.825041219461127,29.155826490712343,29.646650343527504,31.09022034941613,2025-04-27,39.06666666666667,36.80833333333334,30.316666666666663,27.299999999999997,test
2025-05-01,31.084913625027,30.15671326899586,29.411766311254304,28.837612343982133,26.775108476169798,27.47225178988394,27.662515722322222,29.135780432011384,27.539674940927576,27.572554586305728,28.013030243962366,27.229947387590553,27.61694257663245,28.532945067232326,27.23652566913358,26.964200819105923,27.965350106964756,27.839892364562,28.565319660640373,29.01277898476607,29.346001766050264,30.016281408164478,29.411766311254304,28.837612343982133,28.674238721884556,29.331500006641694,29.13014019810577,28.841228515852297,29.17035155718518,29.65498097614753,31.084913625027,29.656602195099538,30.204443841063195,30.15671326899586,2025-04-30,39.06666666666667,32.141666666666666,29.95,27.55,test
2025-05-07,31.065310793008198,30.565364861782122,29.976400854235933,29.269418659820534,27.954211471353407,27.174594549071966,27.56258314093041,28.47669664471231,27.185232905992546,26.919360902429663,27.92255299987646,27.801387268827675,28.525136813946567,28.974625051273396,29.309519923242576,29.976400854235933,29.37998493448551,28.814751994029685,28.65522323473196,29.31014065476305,29.112454926531424,28.82645745859703,29.15190801580318,29.637694076788108,31.065310793008198,29.644328995091477,30.18802820138661,30.14099669955258,29.269418659820534,29.416159977172015,29.958609164679817,30.117435079650573,30.565364861782122,30.71450637427501,2025-05-06,39.06666666666667,32.141666666666666,30.316666666666663,28.275000000000002,test
2025-05-14,31.072990987609096,30.867323126517658,30.50843113065056,29.95103110023949,27.852048133769266,28.571058722414,29.016576699887967,29.34591077572014,30.01168535674223,29.41571218880794,28.855886100938868,28.690934430564962,29.3398082508243,29.141966792858835,28.85429985755937,29.18051170719613,29.657001334733167,31.072990987609096,29.657175703429083,30.19610887855692,30.148316196000337,29.280926800293262,29.43114188962565,29.965264121477386,30.1247364103078,30.563950241176112,30.71352579397229,30.57905943303679,29.95103110023949,30.867323126517658,30.50843113065056,30.94659738567296,30.001028522455012,29.951760612310927,2025-05-13,39.06666666666667,31.900000000000002,30.316666666666663,29.058333333333326,test
2025-05-21,31.319020047214842,31.08499905250702,30.71962592294591,30.156875512874095,28.690185752224313,29.342803557715005,29.147171115400756,28.864819421118913,29.182283077422934,29.658785705559,31.08499905250702,29.658810576529273,30.200932544446527,30.156875512874095,29.29051723706224,29.430912037408536,29.965826012470234,30.125813735261833,30.569712552418185,30.71962592294591,30.588423459812347,29.963516453273638,30.876236899280535,30.511128059425474,30.952097691443957,30.000209813689512,29.949688277788255,29.93253794119227,30.300270962355345,30.41497106714176,31.100319498882026,30.666831630778024,30.889753400019227,31.319020047214842,2025-05-20,36.80833333333334,31.008333333333336,30.416666666666668,29.53333333333333,test
2025-05-28,31.85722752240234,31.60102192097648,31.4862279308929,30.573529432319457,29.639195907667297,30.180432851331805,30.13938263162648,29.277367702105664,29.419305058910005,29.95914818725656,30.108326254131473,30.55197395176779,30.70189012872613,30.573529432319457,29.95168030798154,30.862873283374363,30.505150326177052,30.933854086016044,29.985824548719954,29.93547616459282,29.920326879097836,30.28740512760583,30.402843619870524,31.091772690716336,30.6486513702887,30.87133478554342,31.299043755083915,31.64173941605572,31.57032560361424,31.85722752240234,31.4862279308929,31.498936607119603,31.559929703293033,31.60102192097648,2025-05-27,31.900000000000002,31.35833333333333,30.908333333333335,30.183333333333334,test
2025-06-01,32.041078886722474,31.861921077445302,31.60356524761479,30.87334603652288,29.40926838440348,29.948539838167594,30.098000171827668,30.53768514887588,30.68933604153251,30.56345040423694,29.949154000279872,30.856820023109805,30.501786341760326,30.93034315157736,29.982828732868736,29.934950389632103,29.92192055616245,30.293410177598332,30.407436201062158,31.09547846529693,30.654313529325062,30.87334603652288,31.301366803819466,31.644319340941273,31.577810125294423,31.861921077445302,31.492363758073285,31.504789821943543,31.561784769581184,31.60356524761479,31.8886909323185,31.81935586821832,32.041078886722474,31.768678939480605,2025-05-31,33.800000000000004,32.90833333333333,31.008333333333336,30.40833333333333,test
