tag,pred_m1_hot,pred_m1_p3,pred_m1_p7,pred_m1_p15,fc_d1,fc_d2,fc_d3,fc_d4,fc_d5,fc_d6,fc_d7,fc_d8,fc_d9,fc_d10,fc_d11,fc_d12,fc_d13,fc_d14,fc_d15,fc_d16,fc_d17,fc_d18,fc_d19,fc_d20,fc_d21,fc_d22,fc_d23,fc_d24,fc_d25,fc_d26,fc_d27,fc_d28,fc_d29,fc_d30,pred_point,true_m1_hot,true_m1_p3,true_m1_p7,true_m1_p15,split
2021-06-14,31.524823231754425,31.18434506560019,30.73044183933853,30.365460359824382,28.77495173665778,28.73706907903371,29.4927020439455,28.91132719575534,29.25429419166466,29.80934671935149,30.239215503464184,30.29055996202791,30.73044183933853,29.957459220317094,30.26129605796646,30.269681324174503,30.16456360059702,30.600405301897883,30.675411695348465,30.81505779128925,30.3364394871328,30.3554542190793,30.29312306268451,30.46129676657487,30.80910381149576,30.439919435491955,30.37101978402504,30.365460359824382,30.5773579013917,30.71747865060865,31.004738025595998,31.309278707575054,31.524823231754425,31.18434506560019,2021-06-13,32.48333333333333,32.41666666666667,31.691666666666674,30.849999999999998,test
2021-06-21,31.500367087332027,31.423506479657892,31.162602150194722,30.65826840379819,30.21872555148121,30.65826840379819,29.891511362688604,30.196151708363185,30.20813708425085,30.106739412068126,30.542401988271518,30.62131545813314,30.764057338949254,30.29115653914491,30.313570666058887,30.255754184799695,30.42609529069209,30.77396210866069,30.4107060685422,30.345156877424035,30.341145659747223,30.55368433844645,30.695269615883216,30.981960219006055,31.284665345446847,31.500367087332027,31.162602150194722,31.06435749191657,31.06437522731558,31.168855724528697,31.034211256083214,31.290987624766352,31.43828455170497,31.423506479657892,2021-06-20,32.48333333333333,32.41666666666667,32.28333333333334,31.308333333333334,test
2021-06-28,32.26417917807174,31.98078905578183,31.442526096865617,31.071222878446555,30.609273377821758,30.75100865416556,30.287870639744995,30.312060946278933,30.25727486719505,30.426511147923534,30.774013003869772,30.41657837118612,30.352857464864556,30.35058846597573,30.56122781113771,30.70195494157547,30.984923852206368,31.287182742640184,31.498699606909607,31.166278404873573,31.070484429677833,31.071222878446555,31.174724072323748,31.04239226662979,31.298856886081712,31.442526096865617,31.42750197212943,31.365251675737436,31.509242634223046,31.327174786205497,31.72083310958617,32.26417917807174,32.03825037164208,31.98078905578183,2021-06-27,32.48333333333333,32.41666666666667,32.28333333333334,31.483333333333334,test
2021-07-01,32.261719379467834,31.980146892579082,31.589545622996884,31.29610060955007,30.33146136634688,30.27625092878914,30.44488098174268,30.791630134376366,30.435056603409375,30.36977475726799,30.36740260892524,30.574186517327583,30.71364788032968,30.995265775213433,31.29610060955007,31.5082588524653,31.17382441542719,31.07772733699528,31.074523218729336,31.17691781622969,31.04337073506637,31.29886806409023,31.443756463119353,31.42759497911571,31.36587878799699,31.506892284686554,31.324533662383253,31.71821050355484,32.261719379467834,32.03781629010884,31.980146892579082,31.68628602511611,31.68288757554289,31.589545622996884,2021-06-30,32.53333333333334,32.41666666666667,32.25833333333333,31.483333333333334,test
2021-07-07,32.51948402084468,32.29045349379971,32.00655059172349,31.537475889207975,30.41299393083574,30.6219424113085,30.76079545012666,31.04143959462974,31.33949242937712,31.55043498988826,31.212978281396726,31.115284741614303,31.113046696455655,31.2143903149295,31.078363176460456,31.330982241965213,31.474666816534107,31.45694146229713,31.39430820323833,31.537475889207975,31.35395907687274,31.747843545744473,32.29045349379971,32.06520615618823,32.0069505006861,31.71252657929616,31.71191309876631,31.618778419390317,31.705254308664713,32.02367190008204,32.51948402084468,32.35055887299816,32.00655059172349,31.95054575365006,2021-07-06,34.583333333333336,34.166666666666664,32.46666666666666,31.724999999999998,test
2021-07-14,32.52082322001115,32.29133224838348,32.0116269113195,31.752407761788028,31.12615540693995,31.123862507062388,31.22355502495419,31.08813439911649,31.339808039910043,31.48243338802726,31.465199354508528,31.403512880496475,31.545268912963333,31.363055762263077,31.752407761788028,32.29133224838348,32.06884706228608,32.0116269113195,31.72058303777283,31.720093017299167,31.627437773316082,31.712485326012366,32.02945759584994,32.52082322001115,32.35396758050298,32.01372788799218,31.958257967679216,31.889925167842208,31.902515144557743,31.925307047983708,31.864352563931675,31.75047666767067,31.89280976689298,31.90340158715204,2021-07-13,35.11666666666667,34.300000000000004,33.13333333333334,32.27272727272727,test
2021-07-21,32.51221355413675,32.30174892790556,32.00460365607194,31.869617518214657,31.38469149610496,31.529896711706552,31.343871723499017,31.747551795224954,32.30174892790556,32.060595394772776,31.9977645435019,31.691729268806235,31.687956127343526,31.59601563259098,31.681764233572608,32.00460365607194,32.51221355413675,32.33625735319393,31.980643152261553,31.921454096780106,31.857298058049572,31.869617518214657,31.88694296092675,31.818769215066784,31.70072417894879,31.852694405709297,31.864845198642993,31.577403324565715,31.672144655882118,31.90993788852305,32.15506624860863,32.24413841042886,31.94732265000127,31.982886187511127,2021-07-20,35.11666666666667,34.300000000000004,33.21666666666666,32.46666666666666,test
2021-07-28,32.503388895606236,32.3327206425706,32.16211327925252,31.93540637295093,31.692043176177325,31.690105871865843,31.599632304030983,31.68387503442559,32.003823811723436,32.503388895606236,32.3327206425706,31.98558910723426,31.928954040710238,31.8647851917138,31.87649708833517,31.89746370770931,31.83437798309324,31.71905219257029,31.86580827940168,31.877595954208154,31.594529923378662,31.685554872093928,31.920544357991144,32.16211327925252,32.24798336229686,31.95634427598587,31.990393043595304,32.06205917298469,31.93540637295093,32.1943411509082,32.31614903405164,32.39489864174067,32.03555796310528,31.951602266445835,2021-07-27,35.11666666666667,34.300000000000004,33.21666666666666,32.46666666666666,test
2021-08-01,32.5084579061204,32.34035101953789,32.163041221578524,31.9436319739767,32.01684876155629,32.5084579061204,32.34035101953789,31.999672376232592,31.9436319739767,31.877076915239773,31.888644285341275,31.90995313823364,31.84873629145186,31.73396775148284,31.8768290449955,31.887225886786794,31.605492854853818,31.694493791051542,31.925508409033228,32.163041221578524,32.24571873094224,31.95893644312721,31.99157906492,32.05825387566347,31.934402555186633,32.18958902884518,32.31040608408621,32.386848306114004,32.034408479986084,31.952024379423296,31.841034981551324,31.717203535698808,31.942531041672037,31.77686112983267,2021-07-31,35.11666666666667,34.300000000000004,33.36666666666667,32.33333333333333,test
2021-08-07,32.40631119312904,32.28342032288377,32.051713155888685,31.949229056887017,31.949229056887017,31.97022638145743,31.90756559410258,31.790404181778523,31.93256007457279,31.939636274003888,31.655368349548155,31.73778563316059,31.967541121403592,32.20343351272597,32.28342032288377,31.993125922846083,32.022117903293214,32.08782538294822,31.95675446710643,32.21150961619716,32.331210254953156,32.40631119312904,32.051713155888685,31.96704252017831,31.856352478283466,31.727530147026346,31.954609670963364,31.78886184533732,31.66323664329394,31.70159791388487,31.47737551941043,31.419435559675883,31.415422875996725,31.637755172293417,2021-08-06,34.300000000000004,33.21666666666666,32.74166666666667,32.12500000000001,test
2021-08-14,32.41493118975987,32.30485359293912,32.058380867601834,31.849328201081086,31.764522996522118,31.99091426905512,32.226000952895895,32.30485359293912,32.01298435204358,32.04021937457577,32.105339778600865,31.97286422564603,32.223483547054954,32.341389505153565,32.41493118975987,32.058380867601834,31.971654603132116,31.86011219131491,31.730381234028638,31.95393125477314,31.78639152631633,31.659630804188772,31.698414441525063,31.472994305341594,31.41572814180288,31.41260352986913,31.632826737427287,31.49326763026021,31.518267585468003,31.384180857910792,31.250161487657834,31.28471939464175,31.314449909556615,31.849328201081086,2021-08-13,33.36666666666667,32.74166666666667,32.15833333333334,31.658333333333335,test
2021-08-21,32.42664960920197,32.23435020151793,31.960142957017375,31.518728055760654,31.981128031244907,32.23435020151793,32.35219471189824,32.42664960920197,32.063960686722325,31.975347525519613,31.865070826670532,31.734431782348253,31.960142957017375,31.78708592596507,31.65755111737857,31.698350953487697,31.468756060709428,31.414364092025778,31.41345021762535,31.636465039476853,31.492699605990293,31.518728055760654,31.384089375513632,31.248556548145483,31.28865607662405,31.322079510049317,31.866750318716704,31.306683269894982,30.981341610366744,30.72817059804794,31.122504406908174,30.912509497144423,31.160299221835007,31.359777238739287,2021-08-20,33.36666666666667,32.266666666666666,32.033333333333324,31.416666666666668,test
2021-08-28,31.9551046704467,31.78145874583941,31.632777552435545,31.31861357631688,31.72971918520248,31.9551046704467,31.78145874583941,31.652414037173692,31.69416515902476,31.465356245943923,31.41265983313765,31.410225005723277,31.632777552435545,31.48821436342539,31.514322668112843,31.3806716406969,31.24556789093505,31.286996470719114,31.31861357631688,31.86213416588771,31.30162853751018,30.976647305550784,30.72443452438304,31.118276651319377,30.909814417440593,31.155375839422813,31.35410082218041,31.051660470504704,30.574323328397945,30.692154851175687,30.64851135092874,29.9392414058096,29.850988079082242,30.273929730562,2021-08-27,33.80833333333333,32.266666666666666,31.75833333333333,30.941666666666666,test
2021-09-01,31.83830612159236,31.628744453067622,31.41343567083639,31.134239964923438,31.69153583765112,31.46965582028347,31.41343567083639,31.41092042712296,31.628744453067622,31.490183339748196,31.512691443160765,31.380073794362605,31.247779676259352,31.281506862897277,31.31070956647344,31.83830612159236,31.295455354404847,30.97659818858394,30.728056160310413,31.107445121655278,30.89827434862786,31.134239964923438,31.327339226890405,31.034400417809,30.567937413596386,30.678228097337325,30.634100107462814,29.940230132541505,29.85348312183217,30.264770864424314,30.319697158775085,30.36792352186768,30.333109093034437,30.253537605265432,2021-08-31,33.80833333333333,32.033333333333324,31.416666666666668,30.650000000000006,test
2021-09-07,31.855227758487864,31.38148605034515,31.28661702855631,30.77268017053336,31.515151541254426,31.38148605034515,31.248007743788076,31.28661702855631,31.31881556683419,31.855227758487864,31.300955390724738,30.97891257073073,30.727732951473435,31.11699847826987,30.908312612428077,31.151880681073333,31.347256302460657,31.048082522826125,30.575388227916637,30.690138392332408,30.646939045383263,29.943228627756746,29.856932695520346,30.274238853282316,30.329228575472396,30.38085775636489,30.346697068928897,30.26647497977741,29.791336964895915,30.77268017053336,30.933999669919054,29.877188588315438,29.382308758785662,28.920373019263106,2021-09-06,33.80833333333333,31.900000000000002,30.7,29.783333333333328,test
2021-09-14,31.314651751913047,31.093971306428113,30.882921887642002,30.318939624645203,30.957383774847475,30.708963550195374,31.093971306428113,30.882921887642002,31.121305630048017,31.314651751913047,31.02505706304067,30.557703579527423,30.669992380684374,30.630342643868772,29.933046010679995,29.847570869905105,30.259738478597427,30.318939624645203,30.367650505804853,30.33367358806564,30.257691744485605,29.785181708271676,30.749691504201046,30.9097511042474,29.874907422984442,29.38548207930202,28.930036090509986,28.759107936845336,29.135173871301596,29.22449756623099,29.80200483444924,29.458737384576313,29.190920679947034,29.111083335576186,2021-09-13,33.80833333333333,31.325,30.466666666666665,29.45,test
2021-09-21,30.94928307073915,30.672965703700694,30.378657356552225,29.83756674944697,30.55345747398426,30.672965703700694,30.633768176099196,29.922435731997,29.83756674944697,30.261747891707515,30.323912293224097,30.378657356552225,30.347007626366914,30.269786052459196,29.789392534614613,30.785758116431158,30.94928307073915,29.883136871525043,29.382467321397726,28.915687171720634,28.739915916252595,29.13341885687132,29.227457202918405,29.82092109397547,29.467404336880044,29.195261940055264,29.115927455022607,29.5227219823471,29.58047386120713,28.60277932364479,29.084901361877677,30.45860688273269,29.899949242024828,28.780361231739473,2021-09-20,33.80833333333333,30.650000000000006,29.725000000000005,28.708333333333332,test
2021-09-28,30.933328707376052,30.43103618014037,29.880482398603622,29.226954202050837,30.372442066572216,30.338152417395218,30.26061307690837,29.78333696991255,30.764992783655227,30.933328707376052,29.879787587307796,29.387981285953508,28.925425125682462,28.75088254188351,29.13388703527027,29.226954202050837,29.818232953779468,29.46582888146835,29.198427389158354,29.11662427351321,29.514834822956043,29.566394610365123,28.603350158208258,29.08399386764439,30.43103618014037,29.880482398603622,28.77345269150721,28.36506004843081,29.00320854109616,29.11418173781086,28.659181075756486,27.976494140556984,27.92326328967157,27.5166711880619,2021-09-27,30.650000000000002,29.633333333333336,28.858333333333334,28.225000000000005,test
2021-10-01,30.91574338045451,30.43285042057807,29.761628683799493,29.117983555105965,29.761628683799493,30.74688081774412,30.91574338045451,29.859597551086672,29.365677107454836,28.90358979305408,28.7297042939791,29.118042204270854,29.212825165314527,29.8066285360396,29.45434273879877,29.185970102052398,29.106119461523818,29.50691706647638,29.56285324269723,28.598230092138323,29.08085130633889,30.43285042057807,29.880026218829613,28.771297485281686,28.36242384630406,29.006052010781453,29.117983555105965,28.661354702666557,27.97667815892232,27.921918385984398,27.515006494163252,27.343095864524273,26.278976951842687,26.085328611719557,2021-09-30,30.75833333333333,30.0,29.066666666666666,28.208333333333332,test
2021-10-07,30.410084304947084,29.75256089873959,29.154515669347585,28.66243583500227,28.66243583500227,29.05843952895759,29.154515669347585,29.75256089873959,29.39807285872848,29.131359805296576,29.055616241695585,29.4642966416233,29.526590700466205,28.55437678713988,29.041708091125987,30.410084304947084,29.85707401629887,28.742767615809022,28.334001206890036,28.990049582155414,29.10510370658643,28.64320540172419,27.953553685362188,27.902676360452816,27.49611126934655,27.325353320540643,26.254886496154548,26.05968963605055,26.175134981915498,26.579286678842024,26.35092764938659,26.041136904314268,26.10723179686508,25.83027176754512,2021-10-06,30.75833333333333,30.0,29.066666666666666,27.28333333333333,test
2021-10-14,30.4015000146853,29.52485671487982,28.984864871831736,27.326307217560668,29.466015630584902,29.52485671487982,28.556512913535645,29.041538712077653,30.4015000146853,29.85225798763336,28.74258716198466,28.33663854816201,28.984864871831736,29.096180285112705,28.637978131698684,27.953352354275502,27.902697307852705,27.495913715131532,27.326307217560668,26.259493006197197,26.062655756255026,26.178034789094127,26.580053705889544,26.353261154626843,26.042797504501184,26.10867478172926,25.830300405988986,25.296773506627957,25.26761064617029,25.55098261536482,25.602268719611715,26.01423839948995,25.46702712516568,24.94988789880711,2021-10-13,30.984615384615385,30.75833333333333,29.725000000000005,27.058333333333326,test
2021-10-21,29.02264773863211,28.57467542276124,27.453176887812997,26.028693706317405,28.28635879333435,28.915758935624876,29.02264773863211,28.57467542276124,27.902386050031243,27.851380968408062,27.453176887812997,27.289996686141983,26.24088042895365,26.04724003695425,26.16225176609475,26.55528359619692,26.332283699643433,26.028693706317405,26.096155927987123,25.81906651694487,25.294976296624757,25.26749338963647,25.543142412998243,25.591166109296847,25.993693920480904,25.458817101446588,24.945950326249598,24.989296182495647,24.96856302189474,25.016106033526867,24.037196123885423,23.977551694232073,23.95132429287425,24.347972738090206,2021-10-20,30.984615384615385,30.75833333333333,29.030769230769234,26.946153846153848,test
2021-10-28,27.219370795321737,26.275067735698045,25.979503273899613,25.228143421112375,27.219370795321737,26.17114382186273,25.979503273899613,26.09728983930693,26.49428525755203,26.275067735698045,25.976150782524023,26.047316001043733,25.77363149171794,25.252299788570888,25.228143421112375,25.50790006910346,25.559890837161895,25.96738435510456,25.434531504964582,24.92347336680044,24.96862692444197,24.94931478823052,24.99854902348895,24.020059062313862,23.962393340990086,23.93631264644955,24.33336883886254,23.705291559348645,22.880222003363578,22.453109372783246,22.445932024966993,21.893592830042877,22.605138009435507,22.9652589463247,2021-10-27,30.984615384615385,30.75833333333333,29.030769230769234,26.84166666666667,test
2021-11-01,26.53920364897749,26.092325297210277,25.59174001591772,24.950742793919698,26.53920364897749,26.3185684589029,26.016963744736046,26.092325297210277,25.81870679458794,25.28579754584582,25.261039996297626,25.539821152315056,25.59174001591772,26.003804725310143,25.46589501677751,24.950742793919698,24.990895450893646,24.97073490735605,25.0161195202849,24.024781423671307,23.96655756249939,23.943141716529592,24.349300240094696,23.709338689729563,22.87505363230581,22.440133454115582,22.43489474518628,21.877981214428893,22.604038437404718,22.97509335320811,23.26823848810681,23.34518053429917,23.036274418768656,22.46358141727476,2021-10-31,30.984615384615385,30.38461538461539,28.38461538461538,26.72307692307692,test
2021-11-07,26.04089100800794,25.590354008117174,25.035808075708353,23.349526973410267,25.31475633236179,25.590354008117174,25.63654061455794,26.04089100800794,25.50729410027157,24.996738199334292,25.035808075708353,25.007525370174577,25.050871172601642,24.063983835031475,24.002081816535615,23.976351799627807,24.376195366865378,23.742052912931324,22.908226816562127,22.47638943030052,22.464806356151524,21.909953491789246,22.625912390651767,22.991678779632572,23.281190342206006,23.349526973410267,23.04339669278831,22.47177490330485,22.512532562539413,22.83386509419076,22.740188079546034,22.202848450025982,21.494880026049685,20.33622186768912,2021-11-06,30.984615384615385,30.26923076923077,28.23076923076923,24.384615384615383,test
2021-11-14,25.131693134663912,24.43553889880686,23.791784765500964,22.638610243269618,25.09099286879551,25.131693134663912,24.132447239079923,24.061950834024476,24.029636069179684,24.43553889880686,23.791784765500964,22.945955238714145,22.504610455118282,22.490130457564828,21.92096413909327,22.638610243269618,23.010969321455885,23.302340768914213,23.37046255263228,23.058718274885702,22.481106693105144,22.517276499872573,22.839587926264244,22.7512652021389,22.210661135673284,21.49789406149565,20.328124989794865,19.719999159021675,20.64537650550085,20.3929692979318,19.843780495640004,19.86551887190444,19.44995275450749,19.302986183901744,2021-11-13,29.815384615384616,28.28461538461539,26.23846153846154,23.146153846153847,test
2021-11-21,23.34658501430729,23.037155888544966,22.719465988510674,21.48495101640373,22.94279637163452,22.504050226228586,22.48547503938242,21.920856705136398,22.626063280622617,22.987118397923272,23.269757847715372,23.34658501430729,23.037155888544966,22.46236414111115,22.49802540258236,22.81315889288887,22.719465988510674,22.179858551759654,21.48495101640373,20.3273720388043,19.723332760541997,20.639891264751157,20.38692833779661,19.837678124050694,19.85504241011179,19.454536673427132,19.309335913174472,18.96271726543894,19.352836569194572,19.280125438429067,18.800482207095627,19.022069434508047,20.01662683318358,19.648954018279742,2021-11-20,29.815384615384616,28.28461538461539,24.03846153846154,21.799999999999997,test
2021-11-28,23.362956648849934,22.832472879195063,22.201801001834987,19.741713140258135,23.362956648849934,23.05576532558531,22.48442103586461,22.520865922837412,22.832472879195063,22.73824853502341,22.201801001834987,21.498920184949164,20.343578455300197,19.741713140258135,20.65637978267407,20.399789577901252,19.84988307166541,19.868764069018155,19.45927136526911,19.314287065673582,18.969285750966463,19.358466851113857,19.282087891703117,18.802113949759395,19.025484234519606,20.009473198006827,19.64327822744523,19.54585337321505,19.27628969831626,18.813057319837537,18.381762385794854,18.19549450876723,17.995945174542097,18.74106828552237,2021-11-27,29.815384615384616,28.28461538461539,23.146153846153847,19.684615384615384,test
2021-12-01,22.895959898522605,22.59296880877289,20.454298689313095,19.51199885236692,22.59296880877289,22.895959898522605,22.79437985808393,22.260119583233674,21.570779069205862,20.427926530544134,19.829369057458955,20.713885809691316,20.454298689313095,19.90154681946894,19.913116501389126,19.51199885236692,19.36458819836015,19.01939028533793,19.386728944614077,19.306018152287415,18.823928668743573,19.039217078188045,20.014081189045484,19.651507027137356,19.553438527457043,19.274807701364576,18.81621800055719,18.38555935851553,18.20053443345679,18.012233172768806,18.748198329903012,18.77049686609842,18.3878740785365,17.57551336318648,2021-11-30,25.684615384615384,23.16153846153846,21.430769230769233,18.684615384615384,test
2021-12-07,20.69406093027862,20.02969833029466,19.662800199061806,18.992484987302948,19.78642182304079,20.69406093027862,20.432288662633493,19.876304833300278,19.893988334748705,19.487406559120533,19.341244795423567,18.992484987302948,19.371785202653225,19.292124539088253,18.807611993476154,19.03245690916475,20.02969833029466,19.662800199061806,19.56517256620831,19.28373480488663,18.81697504461405,18.38361177161144,18.198377574763075,18.006709490314826,18.759931463889686,18.783794281577183,18.39481444799541,17.565536464304742,17.3741159870768,17.51230224070932,17.768176761808874,17.955535634958316,17.313724186838893,17.490582617767313,2021-12-06,25.684615384615384,23.16153846153846,19.376923076923077,17.89230769230769,test
2021-12-14,20.069874936771086,19.597831679896746,19.08524068955946,18.229607891558306,19.057012133847945,19.425588613055183,19.345354075614836,18.864532594692594,19.08524068955946,20.069874936771086,19.707006059749663,19.597831679896746,19.311667367846542,18.847176652079487,18.415176075665,18.229607891558306,18.039272055691782,18.781958584521156,18.792632062772512,18.400574751689774,17.578827105105802,17.386873783425752,17.522199794370486,17.775686105398314,17.961797561684378,17.317609753370558,17.487022781686274,17.57224001633202,17.27398289592877,16.817256655181225,16.126703386584065,16.56527565399224,16.74260429719452,16.354374080435065,2021-12-13,23.16153846153846,21.653846153846153,19.376923076923077,17.75384615384616,test
2021-12-21,19.5117839183445,18.772593966919498,18.33418169274773,17.538543714052857,19.5117839183445,19.224591487576333,18.772593966919498,18.346939564955196,18.166064476981624,17.98586944457478,18.701375935367647,18.720337739315415,18.33418169274773,17.540374037577102,17.349088177603058,17.480311953040903,17.730551551429816,17.91070496722477,17.299165808882506,17.456098376280774,17.538543714052857,17.245355897506872,16.80565610051087,16.145070582137844,16.568956636145025,16.75019893056192,16.36877975320971,16.813743970139413,16.421335428518308,17.085491111115036,17.490047969237693,18.145017741667758,17.680158670252755,16.771904533817825,2021-12-20,22.092307692307692,21.13076923076923,19.169230769230772,17.43846153846154,test
2021-12-28,18.679069310996507,18.29084276333899,18.14484593309268,17.485023359938705,18.679069310996507,18.29084276333899,17.485023359938705,17.299671447679454,17.442574566605266,17.702778130970955,17.892593401489346,17.26863534445967,17.437033884117568,17.52845419810617,17.23771772048184,16.794153126487153,16.119099013973617,16.555748076826898,16.740525177248372,16.35368210788923,16.812297320073096,16.41550174028871,17.098056784486044,17.50938096851283,18.17805885969358,17.696433992894843,16.76555600969057,17.14836242079152,18.354573465926357,18.136200600850927,18.15677025338489,18.17418141899904,18.14484593309268,17.795006986038043,2021-12-27,22.092307692307692,21.13076923076923,19.169230769230772,17.423076923076927,test
2022-01-01,18.38115719117289,18.188541004963913,17.908509809882766,17.44782076758212,17.45099818052493,17.715145490543172,17.908509809882766,17.273897760443482,17.44782076758212,17.543568426187477,17.251507772295373,16.798183656075647,16.109274922906963,16.552598552052398,16.7397910418804,16.347362715241385,16.815564041219407,16.414346358988038,17.105937899139025,17.521566127595822,18.200015558152447,17.708072264815943,16.761153456898473,17.151512079350827,18.38115719117289,18.155418491545838,18.173068244884742,18.188541004963913,18.15686890155037,17.801373110911968,17.378830724324253,17.27759639715009,17.906689951318192,17.240440793218905,2021-12-31,22.092307692307692,21.13076923076923,18.86923076923077,15.63846153846154,test
2022-01-07,18.515392194061167,18.224853495496408,18.165709852742904,17.375966582980777,17.275852270384302,16.81514936880552,16.11288841797374,16.560241702156002,16.750613073455742,16.349834418314586,16.829460386845845,16.417953261633667,17.12009147768062,17.539786168336686,18.224853495496408,17.723090690324273,16.75723487589025,17.15694807172767,18.404080241234322,18.172826438300664,18.187732615591514,18.19867553564239,18.165709852742904,17.802280248129506,17.375966582980777,17.27027384163074,17.909852360134984,17.23029687479267,17.15012489971425,17.177529498669113,17.666266068655208,17.674252136714795,18.083095998677216,18.515392194061167,2022-01-06,22.092307692307692,21.13076923076923,18.86923076923077,14.930769230769233,test
2022-01-14,18.90664930333785,18.511162953721357,18.248294960652718,17.921758611685295,16.520587485246317,17.207731636671742,17.61929520555262,18.283201129764795,17.787241164824906,16.835894828537533,17.2209994346174,18.438391991482934,18.208161077393424,18.221471743543848,18.223495284243704,18.187430497680705,17.827646577938687,17.403579263962545,17.29554554781644,17.921758611685295,17.256407106732585,17.17202537394978,17.198475912348798,17.678201152989192,17.683893609489967,18.08443801361712,18.511162953721357,18.184339980551936,18.759668153390635,18.248294960652718,18.90664930333785,18.47006311188408,18.23097532040523,17.912462930458783,2022-01-13,19.86923076923077,19.56923076923077,16.830769230769235,14.838461538461539,test
2022-01-21,19.049517313432652,18.812670310916562,18.59184825162278,18.108520539156395,18.302749239350153,18.07998771930469,18.10026665399493,18.108520539156395,18.08188082534654,17.736234247797736,17.327662356899292,17.230985907421115,17.849271049891698,17.20810917726282,17.133388671522212,17.168572713747373,17.64394394622352,17.654760593991476,18.053809839373866,18.474507312005986,18.16144668557816,18.72849586113576,18.233644359787387,18.87951787176408,18.453312105869614,18.22223915277255,17.909576592940017,18.59184825162278,18.625444964926825,18.61085077946584,18.05997973623943,18.546574089457938,18.812670310916562,19.049517313432652,2022-01-20,20.361538461538462,19.63846153846154,18.169230769230772,16.776923076923076,test
2022-01-28,19.80616849543286,19.622752746369468,18.926793626593216,18.557813480217153,17.130799433349047,17.751849362855193,17.118128306747312,17.046213177864974,17.092612095487898,17.570108061411016,17.589722671445905,17.994072052844878,18.422085021077308,18.11738012689552,18.685602940918947,18.20566784308419,18.852759944425973,18.436815632264324,18.212715708268394,17.90883488370057,18.591063632744874,18.624964908898544,18.618540185616883,18.0706646608944,18.557813480217153,18.82322506215588,19.06087368129788,18.63214774409309,19.212332317285192,18.926793626593216,19.622752746369468,19.472510534597028,19.77511576753074,19.80616849543286,2022-01-27,25.907692307692308,20.361538461538462,19.56923076923077,17.338461538461537,test
2022-02-01,20.09844084811495,19.800876678575726,19.622860664341385,18.6354296302729,17.061320089623447,17.536756851889255,17.55824125975642,17.955900461513775,18.384163399955316,18.089305101400967,18.656242325238072,18.18318285006348,18.828442961029115,18.41821062379972,18.19222791970348,17.89379225927671,18.57979973025942,18.615800819191957,18.61293385801702,18.0703285341141,18.556650227650877,18.81608000815887,19.05456541546334,18.6354296302729,19.21281192094714,18.931126005824837,19.622860664341385,19.474312382234366,19.769158195333592,19.800876678575726,19.646750054443537,19.775766933528484,20.09844084811495,19.976450235224473,2022-01-31,25.907692307692308,20.453846153846158,19.56923076923077,17.961538461538463,test
2022-02-07,24.29354938747747,21.926561896132586,19.98379862522676,19.20604628919582,18.62844971980986,18.16220967437468,18.800804113399895,18.39850077724732,18.169540189206895,17.87819472565913,18.559008433107575,18.599080199107476,18.597078777892264,18.068125824700136,18.549571608895597,18.799657610390142,19.0379425479735,18.632239775524727,19.20604628919582,18.93041832681759,19.616804939445817,19.473831657561234,19.758941093602616,19.79369420702931,19.648536813345384,19.78061997216725,20.099091104458772,19.98379862522676,20.424746173933517,19.77067964703988,20.473584772489094,21.926561896132586,22.49267456599345,24.29354938747747,2022-02-06,25.907692307692308,21.88461538461538,19.823076923076925,18.169230769230772,test
2022-02-14,24.446998395082062,21.981919371021373,21.041127713791624,19.79838740412211,18.59077800589039,18.590647153697766,18.034891286963916,18.52988527078975,18.79602905265077,19.043631788313164,18.609960723581068,19.19812630077285,18.91010867008649,19.623395604060022,19.463790972510257,19.7649938376326,19.79838740412211,19.635981432532308,19.761359442040465,20.09394303361695,19.96868720070996,20.419715473619917,19.739310523491433,20.472129780167375,21.981919371021373,22.56259789437231,24.446998395082062,21.818935621162066,21.041127713791624,21.3156435909678,20.89028656453993,20.23529687315025,21.12956750849859,20.614844769781786,2022-02-13,25.907692307692308,21.88461538461538,18.846153846153847,17.892307692307693,test
2022-02-21,24.40185609509114,22.54309511695623,21.319063923142203,20.420121619679353,19.18211188460636,18.901093384042742,19.607028443467506,19.453270551393434,19.75166027548418,19.786350356286672,19.634295404584527,19.761087112206614,20.09221221475232,19.97219934094481,20.420121619679353,19.750945820541105,20.474173582345166,21.968885218470444,22.54309511695623,24.40185609509114,21.814016101394646,21.04926067095711,21.319063923142203,20.899039315012722,20.258606768837378,21.139776420948206,20.632569791532116,19.456704433702512,19.337084126366175,20.082292454237432,20.480585186789963,20.816217111994924,21.514218300491535,22.90884923013422,2022-02-20,25.907692307692308,21.88461538461538,18.846153846153847,16.653846153846157,test
2022-02-28,24.351232878382774,22.998354467722187,21.936814728989372,21.073515389232565,19.744615873149925,20.075362594736955,19.96356505123043,20.4021077801422,19.732283784722696,20.452201506665496,21.936814728989372,22.507687396160986,24.351232878382774,21.796660143060688,21.034904936950408,21.294794485738965,20.88292431600495,20.253679725329498,21.128253565102185,20.629238048632164,19.472155046496948,19.348654331081757,20.078711867182243,20.476453445945328,20.81296801969772,21.505668450224405,22.888922982886513,23.059166647290233,22.998354467722187,21.79118433021157,22.505736683865457,21.073515389232565,21.145757991018293,21.345035750429616,2022-02-27,25.63076923076923,21.88461538461538,18.56923076923077,16.284615384615382,test
2022-03-01,24.438696968790097,23.040561418940726,21.959747649817828,21.114624821913672,20.058620221008667,19.94184870439955,20.38944344530382,19.70156449498108,20.439220386360102,21.959747649817828,22.540840489782116,24.438696968790097,21.81059851182557,21.025341155858353,21.296239231979346,20.871519716547677,20.21911837167843,21.114624821913672,20.603927110429765,19.415265711570107,19.287991225262548,20.04362963226947,20.452589562351562,20.794189306053898,21.50252217073786,22.92812843188236,23.10442683646462,23.040561418940726,21.80153927779858,22.534763971847052,21.05451565782702,21.122264150606444,21.327298673798047,21.201989495173336,2022-02-28,25.63076923076923,21.88461538461538,18.846153846153847,16.284615384615382,test
2022-03-07,24.434463308537072,23.113339541605377,22.536683006011703,21.495565179984165,22.525550238934382,24.434463308537072,21.793645769091324,21.000559248110793,21.27175802753609,20.84598226487962,20.192320362252186,21.094889029131636,20.580297172340835,19.389900095919995,19.260239319988703,20.020195099587735,20.434225517249146,20.781513049247057,21.495565179984165,22.930092591579722,23.113339541605377,23.046696667442163,21.797411370161814,22.536683006011703,21.04836914627479,21.115976833541982,21.32004244484349,21.19797731690588,22.64729605067674,22.315376735328382,21.65885144962437,22.07680942891296,22.057552899868806,23.233319104568906,2022-03-06,32.04615384615384,27.800000000000004,22.90769230769231,16.346153846153847,test
2022-03-14,24.98029633384005,23.940213393816794,22.910497578020514,22.09469484305065,20.951502536606146,20.46438297083312,19.334060315109262,19.220479186559768,19.943564474216206,20.349948950590854,20.698974300340694,21.398258982570898,22.775515203761636,22.960022161962446,22.910497578020514,21.72040473491782,22.439325281739993,21.03912285328773,21.12251115149747,21.326037430931247,21.21840267004359,22.613053734206996,22.295548537228846,21.6802536581147,22.09469484305065,22.09132822634874,23.217380594569466,23.940213393816794,24.98029633384005,24.26089970231788,22.65343897809142,22.48491827421823,23.43210400678731,22.734598629588255,2022-03-13,32.04615384615384,30.461538461538456,25.63076923076923,19.415384615384614,test
2022-03-21,25.57350951521401,24.977356982387683,24.21216776577793,22.67622525391541,21.211681624322836,22.62305305483908,22.822912002043388,22.7816466155003,21.57959537341284,22.319618859242663,20.892933072271973,20.985088202999712,21.20269956053947,21.106547294728387,22.538683141388162,22.225769491996036,21.603025672025392,22.02371132668303,22.022984270584296,23.176022801168116,23.920568916074533,24.984161083119517,24.253949805910406,22.611599947425205,22.42983469011948,23.39060619574704,22.67622525391541,23.3269602013719,23.8635326614373,24.63179807320817,24.35175379583227,24.21216776577793,24.977356982387683,25.57350951521401,2022-03-20,34.80769230769231,32.04615384615384,27.800000000000004,22.37692307692308,test
2022-03-28,25.91590903559912,25.360254218554363,24.952667670275723,23.837199888275354,20.8044172074362,21.02705060456498,20.937599816715952,22.36249580167906,22.067538901852604,21.46915066333267,21.901419569393987,21.910982743929548,23.061206728139627,23.804483982860155,24.868667939830424,24.16339977108966,22.559500226009472,22.395914602258156,23.349693031713628,22.65454433029075,23.29941369942662,23.837199888275354,24.601112556984337,24.33155461764978,24.20071652147722,24.952667670275723,25.54015505020882,24.899882151018318,25.088463156795168,25.91590903559912,24.965845585025225,24.84108626994503,25.337069898636912,25.360254218554363,2022-03-27,34.80769230769231,32.04615384615384,27.800000000000004,24.100000000000005,test
2022-04-01,26.26521593400106,25.838002467542097,25.34737449439402,24.493079369087503,22.090516857992,21.495587080987406,21.927521403471346,21.93624906090967,23.08795297817345,23.822726636694185,24.882041238404575,24.178246547807625,22.582034389263374,22.420435237810167,23.368388387748436,22.683147473931875,23.319657475794116,23.854848038921098,24.61304362981795,24.344713214262512,24.215719812681183,24.96291674078306,25.554365160912127,24.912142276050353,25.10013525367266,25.921964266134648,24.976833133322877,24.85438785754734,25.34737449439402,25.377769487063958,26.26521593400106,25.838002467542097,25.665725088516147,24.493079369087503,2022-03-31,34.80769230769231,32.23846153846154,29.069230769230778,24.184615384615384,test
2022-04-07,27.900087985375745,26.491188334847294,25.962123721303673,25.026078716988895,25.01987326537834,24.322933906395573,22.721719186891367,22.54941422967801,23.490640593688354,22.80615666648223,23.431403241083824,23.94981648846168,24.708232729074297,24.429395980231014,24.286971543234195,25.026078716988895,25.615951889940735,24.964646954537226,25.137775637905694,25.962123721303673,25.0106471155558,24.878776904336387,25.36870035075621,25.403501782655976,26.285424342052373,25.850085362552313,25.68771751521989,24.515069911510693,25.184057127094437,26.491188334847294,26.529736150788764,27.900087985375745,26.0650696497995,26.062579231347485,2022-04-06,35.338461538461544,33.13076923076923,25.976923076923075,23.691666666666666,test
2022-04-14,27.907592707168043,26.909708526455244,26.233423088180814,25.588601724165756,23.91138039971329,24.685563363526835,24.39313506700218,24.250992867112313,24.99279169768886,25.588601724165756,24.92774444356464,25.10719915208779,25.950488912261374,24.97733054969748,24.847767433945794,25.338271694041964,25.372042546397466,26.26864496311175,25.831299490476955,25.673540132691187,24.476118470932953,25.159417662473345,26.479093014831616,26.51605642608288,27.907592707168043,26.0484307506152,26.051730584525117,26.909708526455244,25.655386563166182,26.233423088180814,27.444765398065506,25.345100223367208,25.28113699107781,26.116817442035845,2022-04-13,35.338461538461544,33.13076923076923,26.83076923076923,23.784615384615385,test
2022-04-21,29.325304707005206,28.674806100922943,27.462964288260274,26.05336333671923,25.123933293542937,25.991999044196337,24.991589079263356,24.86280733526551,25.363241458006108,25.37929157150206,26.298808998212976,25.847850054159053,25.687656016318837,24.456637541341674,25.162280533985466,26.51384337560015,26.532739511300782,27.96009982671313,26.04855022124024,26.05336333671923,26.932833619326907,25.64833331207824,26.238083254275256,27.462964288260274,25.30501907180659,25.23726582988641,26.097231805999236,26.01204247792328,27.0952855372915,28.124179040538884,28.97756617780953,29.325304707005206,28.674806100922943,27.55702006980082,2022-04-20,35.338461538461544,32.23846153846154,27.369230769230764,24.523076923076925,test
2022-04-28,29.788415564226803,28.95705193003298,27.828720928200326,26.943906564952048,25.816864414541186,25.665112641499746,24.469781452237985,25.165811275045872,26.49044592934789,26.51249871336549,27.904000454204272,26.042870562482005,26.05326385643981,26.916239486988182,25.673130549470745,26.255680073278093,27.453494034725548,25.350018465996552,25.28573126390864,26.12895572803942,26.05055651318578,27.11413134167735,28.12316437190072,28.95705193003298,29.29406319298809,28.65959781359272,27.572728093676293,26.943906564952048,27.828720928200326,27.606121355123808,27.437355748076712,27.63461760075291,27.739790595412146,29.788415564226803,2022-04-27,35.338461538461544,33.93076923076922,28.984615384615385,25.576923076923077,test
2022-05-01,29.804872362896027,28.97900067682325,28.15035502924585,27.490733035448404,25.218058573770826,26.537568896484007,26.55915561682421,27.94338922351998,26.086628605258834,26.102587278695406,26.96588947855238,25.720436957443695,26.299895413977833,27.490733035448404,25.394785754338027,25.325873496445652,26.17022579949427,26.095935626874088,27.146438417345056,28.15035502924585,28.97900067682325,29.312753312566524,28.676657273628077,27.60020374432408,26.978664444909068,27.852011332924633,27.630739970612147,27.46220219231172,27.657813623034762,27.75900491331282,29.804872362896027,27.860571465093233,28.67377685025288,28.92031076721426,2022-04-30,35.338461538461544,33.93076923076922,29.115384615384617,25.59230769230769,test
2022-05-07,29.766489784749965,29.214850849962502,28.631504845838915,27.60815850006273,26.89761947777083,25.642571678580182,26.225988506883485,27.432698596613793,25.316193276825455,25.248639940652144,26.09923459772475,26.030597003449717,27.0803166143487,28.090914555862646,28.93547422810334,29.257298765051107,28.621517460923556,27.545762726196845,26.928414819446072,27.80042820007329,27.58176458680457,27.425562572906852,27.60815850006273,27.711140355719426,29.766489784749965,27.82109156717391,28.631504845838915,28.880767181806995,27.56248691764452,27.532849589154086,28.022012364625198,28.078420430339946,28.83427115001841,29.214850849962502,2022-05-06,34.676923076923075,30.61538461538461,28.984615384615385,26.83076923076923,test
2022-05-14,29.743144918771048,29.209246585137503,28.885844323171796,28.083389436873546,26.000823692276576,27.04594746749304,28.05234756354376,28.885844323171796,29.209246585137503,28.583414449435626,27.525681348513157,26.913095732846674,27.783074238401678,27.57453883829637,27.418583800001116,27.603753874696974,27.707201865352246,29.743144918771048,27.81633396277643,28.623680862855807,28.875746958020958,27.56909728323993,27.54236984056322,28.02539935413294,28.083389436873546,28.82458910796954,29.20516478648238,29.00938055817786,28.29603251750626,28.986859027786526,28.76871972228472,29.213441364414937,28.03343116093513,28.098578392539462,2022-05-13,34.676923076923075,31.661538461538463,29.26153846153846,28.16923076923077,test
2022-05-21,29.76344447333437,29.271430626259708,29.00236692009979,28.519214167740177,26.902795436475095,27.770518936146207,27.55196944300684,27.395590936325792,27.580501886215522,27.68622603549432,29.73162415048677,27.808296571031995,28.614757790253766,28.85943583524574,27.55079406084363,27.52449235161794,28.011829374435653,28.075142018864902,28.82729816528633,29.206396543958224,29.00236692009979,28.288600015025878,28.981531465617792,28.76557364678687,29.216066482477274,28.041427644711995,28.10344101802895,28.239269134938628,28.592496467434255,28.519214167740177,29.271430626259708,28.61766464048981,29.097272581530717,29.76344447333437,2022-05-20,34.676923076923075,31.215384615384615,29.23076923076923,28.376923076923074,test
2022-05-28,30.410791081245147,30.093850848693858,29.74284752323621,28.824906946977332,27.794229042978486,28.582906017407392,28.824906946977332,27.530879341011495,27.504500028708726,27.988908227067878,28.049077427287887,28.80406983366721,29.170419174054867,28.969016875396804,28.264718604930135,28.95118422737834,28.74020567043073,29.184477718173216,28.0328236309738,28.085993067974787,28.22167516102444,28.574197373596146,28.502607883188713,29.250409953855325,28.60175922239577,29.08782253668806,29.73905794805356,30.075743597354705,30.03644448189713,30.410791081245147,29.74284752323621,29.917034311735605,30.093850848693858,30.133243482613,2022-05-27,31.661538461538463,31.207692307692305,29.26153846153846,28.576923076923077,test
2022-06-01,30.57819932322163,30.48347047562959,30.12094509294281,29.206787681424338,27.53398097878034,28.020544471199326,28.081992087836273,28.84159700530317,29.206787681424338,29.00297535215233,28.295689647624872,28.984226186215494,28.7714098070022,29.21810533555551,28.06146751243784,28.111470569663652,28.245884588539415,28.600049021370047,28.526699011369022,29.277034957189418,28.62559738580454,29.114457633654443,29.76550365907607,30.10211673107486,30.062940764311957,30.43804143421202,29.766414786612323,29.94222667741536,30.12094509294281,30.15784788817516,30.500589290493117,30.48347047562959,30.57819932322163,30.179850897183844,2022-05-31,31.661538461538463,31.207692307692305,29.484615384615385,28.815384615384612,test
2022-06-07,30.723003826894757,30.47854827767631,30.29138816100685,30.037433833212283,28.252605370249068,28.937988768888005,28.726383003115714,29.173457423092053,28.02345438707303,28.07479440738351,28.21057626946142,28.566695571888566,28.494208958890937,29.242795585155406,28.596662962932772,29.086082248874643,29.73626476053138,30.07338856474059,30.037433833212283,30.41114835998274,29.74268643362575,29.919702709317207,30.099201679024862,30.136535752504805,30.47854827767631,30.463284407184236,30.556414926852295,30.158838250638354,30.068573570390935,30.17915241623159,30.466579032979993,30.723003826894757,30.29138816100685,30.186835247061357,2022-06-06,31.661538461538463,31.207692307692305,29.907692307692304,29.438461538461542,test
2022-06-14,31.321680693392405,31.001151871976273,30.5599323343785,30.187399451486197,28.59086100919783,28.517519183303552,29.26613295855641,28.620264900717764,29.110006035162794,29.75610998122902,30.089625655130554,30.052595021679092,30.424177489933157,29.756465132928835,29.932434052576482,30.112239877329912,30.145962076845393,30.48440626380651,30.46826769384153,30.5599323343785,30.16338367081192,30.073020640220232,30.184781666608192,30.46925844550872,30.723186706824514,30.292149629363166,30.187399451486197,30.22656109713382,30.312141729309527,30.608855383292955,31.001151871976273,31.212569835366363,31.321680693392405,30.963297579374306,2022-06-13,31.207692307692305,30.5,29.999999999999996,29.584615384615383,test
2022-06-21,31.32622762122645,31.23911278360635,31.07006745800955,30.474787196969622,30.04104567405827,30.414033103618173,29.74526201579061,29.923820682598496,30.103719585918267,30.136011049686662,30.474787196969622,30.46123850999642,30.55442504123759,30.158038150219674,30.070202245133856,30.182307850019374,30.466176614344086,30.720399324569982,30.291063923543554,30.187298507291036,30.227344343415695,30.315494191999473,30.612511472430445,31.003900083932667,31.21490776680302,31.32622762122645,30.967558162852956,30.91941476302307,30.809063345296373,31.071877305990697,31.07006745800955,31.23911278360635,31.287663895635973,31.232355238433207,2022-06-20,32.37692307692308,31.207692307692305,30.469230769230766,29.9,test
2022-06-28,32.169389365239795,31.769601955512464,31.234315602217464,30.986709754458676,30.427038470480497,30.522202164521644,30.12745845985634,30.041985750733417,30.15268696854865,30.438338585473545,30.69549935818307,30.263440377111703,30.161517050129685,30.20536810297339,30.29683166678641,30.5932375476453,30.986709754458676,31.200184889049766,31.310427842956717,30.951977412381993,30.90653187950417,30.797839810045158,31.058938471437695,31.056636896226575,31.226908384963632,31.273045945664506,31.218064782099184,31.205452470687124,31.234315602217464,31.224039247000587,31.724453325388968,32.169389365239795,31.86405835333883,31.769601955512464,2022-06-27,32.37692307692308,31.799999999999997,31.038461538461533,30.06923076923077,test
2022-07-01,32.16270724910942,31.7675248274277,31.43078325077585,31.19195558828291,30.036523053867416,30.146859349308652,30.43111566719609,30.68640471754388,30.26031368300483,30.159736695142517,30.204735261630375,30.29538309521127,30.588927795084707,30.979607776966663,31.19195558828291,31.300586782038582,30.94722116400538,30.904271016334942,30.797661449697504,31.0564319939265,31.056954151332434,31.226677589771842,31.27204038696517,31.217724326596784,31.20698221273566,31.235770180766583,31.22676134445802,31.722565187751233,32.16270724910942,31.861192859298455,31.7675248274277,31.53820921280653,31.43078325077585,31.504838598692576,2022-06-30,32.37692307692308,32.06153846153846,31.430769230769222,30.5,test
2022-07-07,32.314976471859964,32.11282103761425,31.767889999577285,31.27103544120314,30.19360483134542,30.285686782056754,30.58179195859843,30.975368453908764,31.189995262675012,31.300882751007084,30.94323670487127,30.90010190878528,30.792864148679016,31.053827023322807,31.0529100769401,31.224308485449424,31.27103544120314,31.21545996407453,31.204594637377568,31.233918088361907,31.223839673463427,31.723291961310235,32.16774838215929,31.863507269390247,31.767889999577285,31.535845957923787,31.427305600815146,31.501101587365493,31.707738759465986,31.938171614844727,32.314976471859964,32.11282103761425,31.83205455117271,31.669230997932008,2022-07-06,32.37692307692308,32.06153846153846,31.546153846153842,31.038461538461533,test
2022-07-14,32.32026930035773,32.11859961956537,31.84797599052052,31.672573142232995,30.88266481419855,30.775849069864332,31.03907972871081,31.03704716596981,31.209387032667777,31.257567023782023,31.20447170324913,31.194806456587333,31.226233452843744,31.216670138845945,31.719339571455254,32.167091351108716,31.861478252998282,31.767894897634296,31.535018807935238,31.427111348563237,31.501644661513453,31.70859610109517,31.939990912129577,32.32026930035773,32.11859961956537,31.835904266061068,31.672573142232995,31.768120448788476,31.90273709601089,31.84797599052052,31.69316155592307,31.53992495298777,31.71975694017817,31.61729718609752,2022-07-13,32.37692307692308,32.06153846153846,31.546153846153842,31.138461538461534,test
2022-07-21,32.31107594444877,32.115456231682764,31.911812272124752,31.732849542871733,31.191962749021048,31.220741830720225,31.214970694512413,31.7056859271881,32.14098744032017,31.853045939936607,31.76260915603907,31.5415299209631,31.43674569271586,31.51070547901071,31.717682942647894,31.944817153716585,32.31107594444877,32.115456231682764,31.844691392177943,31.68469476987283,31.776405205785377,31.911812272124752,31.862921888103745,31.71517927647752,31.563560078985223,31.732849542871733,31.62905376158657,31.517884097086448,31.719930150973546,31.859644628371875,31.982720304792235,32.00895620380745,31.779195269780846,31.692638765686933,2022-07-20,32.36923076923076,31.799999999999997,31.515384615384615,31.123076923076926,test
2022-07-28,32.298206135087064,32.09207670514435,31.969403901810818,31.792453960045748,31.512746145034082,31.40738098789716,31.48164577340622,31.689724462054862,31.9208044913347,32.298206135087064,32.099083559645614,31.820236888757837,31.659507114580315,31.75345094008586,31.889275859722623,31.83770034060825,31.687533148158227,31.53476366918985,31.709567899747817,31.607447864492595,31.493307105424584,31.698138768569727,31.840865603045682,31.969403901810818,31.99953939119132,31.763609641424548,31.67887325681801,31.891228071193417,31.891384884870984,32.054212515061046,32.069828132840236,32.09207670514435,31.792453960045748,31.597738598199356,2022-07-27,32.57692307692308,32.06153846153846,31.515384615384615,31.13076923076923,test
2022-08-01,32.27975494901989,32.06847137361766,31.949817235523852,31.772826383212934,31.906603093519507,32.27975494901989,32.08186158715197,31.806673795970692,31.646655970101975,31.738342354909086,31.873105379345592,31.823291663638372,31.674270908444885,31.521784249739248,31.694821141963722,31.592458699384032,31.47815166732536,31.6809980121798,31.823242781133114,31.949817235523852,31.978264771397296,31.745282887736458,31.66030375628875,31.869093058795446,31.86982872429213,32.032258843721905,32.047494986674735,32.06847137361766,31.772826383212934,31.57939184390163,31.62152652498809,31.622426734942405,31.75746696355001,31.50545699668687,2022-07-31,33.40769230769231,32.57692307692308,31.530769230769234,31.13076923076923,test
2022-08-07,32.09675967705051,32.0589627395479,31.895426732188422,31.700955540902104,31.88809814443432,31.83747115344691,31.68807839881753,31.536672321912825,31.712033062486412,31.610557868318782,31.49650800721147,31.700955540902104,31.843644357426946,31.971398367635764,32.00189446747425,31.76919936930184,31.685042873792945,31.895426732188422,31.89642020847747,32.0589627395479,32.074328504119315,32.09675967705051,31.800494645675094,31.606727501940487,31.649008995185493,31.64955025785022,31.783975952363086,31.530223723844326,31.363344809903843,31.43429373001382,31.1094793154844,31.20130356985508,31.319341333477183,31.450347066567787,2022-08-06,33.40769230769231,32.57692307692308,31.292307692307688,31.099999999999998,test
2022-08-14,32.07342591987128,32.03110684165698,31.866057390726393,31.624841434542656,31.661346598791113,31.805453457003,31.93621503098132,31.96912671851558,31.735045934171616,31.652331423891155,31.866057390726393,31.866586968931166,32.03110684165698,32.04858467279901,32.07342591987128,31.775086903296575,31.58149357755393,31.625158846405334,31.624841434542656,31.76049754821799,31.50566837940112,31.338759576076612,31.410677419645516,31.084150834960248,31.177273750362374,31.2950725761886,31.426780594306866,31.198004867567803,31.1743119853322,31.083754407828113,30.844317975260367,31.025235240052705,31.175465354245148,31.605468255596247,2022-08-13,33.40769230769231,32.57692307692308,31.63076923076923,31.04615384615385,test
2022-08-21,32.02690255684457,31.985607584634153,31.59153078163995,31.27527930020133,31.822152322157663,31.985607584634153,32.00294968854576,32.02690255684457,31.734025430542687,31.54379198499916,31.58815989045787,31.59153078163995,31.727453651786576,31.47742757196152,31.313056796859854,31.384758047518993,31.06357969627412,31.156263290248784,31.27527930020133,31.406472033106592,31.18103363924108,31.156379045455775,31.066762489834705,30.82977724423406,31.00725666556941,31.15652731907187,31.57963694199634,30.97468975575949,30.629746515981235,30.43184424014547,30.67671405493675,30.626247793904742,30.97023985783286,31.078773229645144,2022-08-20,33.40769230769231,32.57692307692308,31.63076923076923,30.892307692307693,test
2022-08-28,31.723732905212426,31.58403287416608,31.31157109461153,31.064881313787804,31.588306457463197,31.723732905212426,31.474511502350065,31.31157109461153,31.38558232814387,31.064881313787804,31.157615597350414,31.277542284171762,31.408425978711836,31.183775770575256,31.16004330593578,31.073137246381854,30.836107509379787,31.01302364464309,31.162693092523973,31.58403287416608,30.980610230026596,30.637082544576565,30.441642408217202,30.684222471202617,30.633331382882623,30.97645549739864,31.083690594976225,30.713693345580765,30.23072542530516,30.37021795570799,30.21416891685721,29.70707069243432,29.74555956804224,30.05491703136492,2022-08-27,33.40769230769231,32.246153846153845,31.276923076923083,30.661538461538466,test
2022-09-01,31.602202129030182,31.417115309757143,31.18791825441115,30.862280127342366,31.417115309757143,31.097398636141428,31.18871409946654,31.309765130208174,31.437982129480393,31.21351740956691,31.18791825441115,31.099829783747868,30.862280127342366,31.03636845682596,31.18628207714137,31.602202129030182,31.001467925681304,30.65826421662288,30.462356744632086,30.700771425862754,30.648964025910967,30.991152865360963,31.095799950538346,30.72724224609943,30.246303786895982,30.38348815823408,30.22711380226944,29.72342509690055,29.764172111452535,30.070262714199142,30.02361196161366,30.019619032393376,30.02001651077925,29.82883536032814,2022-08-31,32.246153846153845,31.292307692307695,30.930769230769236,30.492307692307694,test
2022-09-07,31.598799318372915,31.173315496647465,30.99072215666833,30.556161745762218,31.173315496647465,31.084528278535657,30.84595393119946,31.02383421643355,31.17545111001812,31.598799318372915,30.99072215666833,30.645497698080625,30.448061762720194,30.694046380120977,30.643003765688547,30.990553623640515,31.097885579390283,30.725960970644298,30.240755779004445,30.38169804122425,30.22611332253109,29.715325935719054,29.755896559671566,30.06724435321967,30.02167582336023,30.020331547763078,30.02132053187385,29.829414545613094,29.528414599977797,30.556161745762218,30.62861494266466,29.551579023533105,29.042754353636962,28.646616807442424,2022-09-06,32.246153846153845,31.615384615384617,30.892307692307693,30.17692307692308,test
2022-09-14,31.087446014224014,30.715588747268093,30.62528627536914,30.013077197453708,30.630914708718574,30.433924060989785,30.684071817428432,30.631618828211977,30.98030811199754,31.087446014224014,30.715588747268093,30.22902413695141,30.3725206480387,30.219121670813184,29.704556996966545,29.744654941824624,30.056896492646814,30.013077197453708,30.012845314859252,30.015417137899995,29.825237374865054,29.52129473796366,30.553591269904206,30.62528627536914,29.544036829400188,29.0332067549508,28.636145450973075,28.356059207271127,28.856222569159822,29.060937382298643,29.529680812778206,29.10568986222129,28.807666248481887,28.769765760523956,2022-09-13,31.715384615384615,31.21538461538461,30.215384615384615,29.684615384615388,test
2022-09-21,30.604559677304053,30.33868523540223,29.991828322837275,29.517586103001996,30.19484504504771,30.33868523540223,30.1870314104965,29.675109122512538,29.71509155016143,30.027249980302386,29.98608888795435,29.98778988146747,29.991828322837275,29.80406285009418,29.502585241321125,30.532304603475694,30.604559677304053,29.52855527955868,29.020650906431825,28.625577858108922,28.347437799237863,28.847059283166857,29.050430739588176,29.517586103001996,29.09591633821337,28.799026398503237,28.76089711072447,29.018759368659918,29.213085228657228,28.4369472043142,28.804759473357038,29.96859349011988,29.411936872060146,28.42329943728451,2022-09-20,31.715384615384615,31.369230769230764,30.323076923076925,29.138461538461538,test
2022-09-28,30.600818707234414,29.993873526364535,29.53729591674525,29.020959614732664,29.989713949256643,29.993873526364535,29.806026196535186,29.510655394709005,30.528765428920508,30.600818707234414,29.53729591674525,29.03244744593219,28.64276562934691,28.365565547119775,28.860208975013233,29.0627569624955,29.523949898738707,29.10543400266076,28.808193103149733,28.770031935367353,29.020959614732664,29.213755535362917,28.44932353830664,28.811834270188196,29.95677453885238,29.402632592166302,28.42618275031287,27.939439576882815,28.673578568898275,28.897802421069645,28.403406156324426,27.68650328795138,27.590361445600053,27.257933335786607,2022-09-27,31.715384615384615,31.369230769230764,29.907692307692304,27.815384615384612,test
2022-10-01,30.60014117636501,29.95321291230025,29.397037680618045,28.80460487600459,29.507687888296388,30.528129355574286,30.60014117636501,29.533555922281,29.026600078832377,28.636430028153306,28.36109177407853,28.854836169629372,29.05709345671317,29.519265373978666,29.09952021390739,28.800747831469746,28.763153932594424,29.01757576666274,29.20867529195109,28.441217078576663,28.80460487600459,29.95321291230025,29.397037680618045,28.418647511863323,27.933510319974047,28.667894711503074,28.89237726651892,28.396637707238863,27.67817917328672,27.581690356698505,27.249546416315827,26.983280976431924,26.15050972776363,26.09452598098935,2022-09-30,31.615384615384617,30.215384615384615,29.407692307692308,27.815384615384612,test
2022-10-07,29.9792524047289,29.4174859922148,29.027775329575647,28.42604929813203,28.358248247681484,28.861804269269207,29.062664449238344,29.530959733951832,29.10646104990046,28.804968329150466,28.7674078696439,29.027775329575647,29.22475198889734,28.442065964962598,28.810928179291572,29.9792524047289,29.4174859922148,28.42604929813203,27.936830163188638,28.686335407096323,28.911558209805737,28.40943729894922,27.683654723176428,27.58940153941842,27.254755693958895,26.98844029258852,26.14789759999469,26.088968646311567,26.12081816841718,26.404696051594353,26.14654556354497,25.900257944625636,25.8507758682136,25.73990266669237,2022-10-06,31.369230769230764,29.407692307692308,28.384615384615383,27.338461538461537,test
2022-10-14,29.92398268416974,29.162325547071593,28.639425111313784,26.954469066213438,28.963597784471773,29.162325547071593,28.379547519944065,28.750671880762415,29.92398268416974,29.36374646835022,28.37316488744067,27.8864183755468,28.639425111313784,28.86650103397588,28.366413266532906,27.64407292695555,27.551896434487457,27.218562296750942,26.954469066213438,26.115109778453288,26.056794947337927,26.090057471258373,26.377061034694773,26.119364228685672,25.8729188267002,25.824254935072112,25.713649216162754,25.337509215302653,25.23103515790641,25.401960993900776,25.39671597945261,25.81561841723735,25.190799074711183,24.852082285567167,2022-10-13,31.369230769230764,29.407692307692308,28.384615384615383,27.17692307692308,test
2022-10-21,28.841733791352947,28.347679009718185,27.215517337931956,25.83054203824262,27.879556476732997,28.613894823641715,28.841733791352947,28.347679009718185,27.636538450749715,27.542668315165013,27.215517337931956,26.95149530101442,26.129235859404908,26.078276670410947,26.105869684629617,26.38171303594882,26.126117721156554,25.883961387049332,25.83054203824262,25.720687706079477,25.358820524812767,25.24954310778598,25.411567293973516,25.402382477535195,25.810249000881267,25.19296035265045,24.859453746966533,25.019311216461237,24.911825346910078,24.858050139153022,23.892322833940163,23.867930066113832,23.719412232622744,24.226891230528043,2022-10-20,30.05384615384616,29.13076923076923,27.384615384615383,26.353846153846156,test
2022-10-28,26.930959060474496,26.10744508269448,25.86511296085806,25.187329394459933,26.930959060474496,26.09646890297065,26.047030499370692,26.076845543101605,26.36522270855051,26.10744508269448,25.86511296085806,25.81503634201729,25.705132786684807,25.3390056056339,25.229096133215926,25.401115059134575,25.393423794099476,25.811782186669376,25.187329394459933,24.849199270437794,25.013236895888085,24.904542143871172,24.856454574652805,23.87508406355044,23.853271527253703,23.7054800980358,24.222816242345843,23.751883360768662,22.883581243793653,22.386627450986612,22.321256149444135,21.833386126156896,22.381128001206864,22.863588969130813,2022-10-27,29.407692307692308,28.861538461538462,26.484615384615385,25.300000000000004,test
2022-11-01,26.41072424660187,25.90905681343233,25.434548873835794,24.870669139364654,26.41072424660187,26.151849669632647,25.90905681343233,25.857710350067762,25.747479659376282,25.38242409244517,25.267591797359675,25.434548873835794,25.42245887327744,25.833849534832453,25.212155482777984,24.875076960668515,25.03547791889388,24.921801762898895,24.870669139364654,23.893417831962637,23.868905944213918,23.720672279015858,24.23285707137593,23.764646042248636,22.898862075968857,22.40384481423353,22.336235063021878,21.850849242653968,22.39363264043379,22.87247669168895,23.26432091532398,23.238091449197032,22.85755700149093,22.264029272152598,2022-10-31,28.45384615384615,27.26923076923077,26.13076923076923,24.615384615384617,test
2022-11-07,25.83895995755069,25.428549076529038,24.929446526979735,23.270858960825237,25.27612549124777,25.44119636402363,25.428549076529038,25.83895995755069,25.218773191471794,24.883537764238106,25.046381270101175,24.929446526979735,24.876895406434475,23.902136490414595,23.877817287095443,23.729061559983915,24.23973531778913,23.77578169239413,22.9089907885007,22.413741525810096,22.34509536363003,21.86119682283613,22.40075783047404,22.877964841944316,23.270858960825237,23.240534270065435,22.859265842805293,22.266490735946977,22.33279897187584,22.501349915130778,22.54703852886614,22.166597843471884,21.40989322904874,20.23143512113105,2022-11-06,27.753846153846155,26.484615384615385,24.792307692307695,23.353846153846156,test
2022-11-14,24.901286751607017,24.218557373805147,23.715705296380534,22.420391133870538,24.901286751607017,24.84621303172382,23.885972951672144,23.862116687874877,23.715705296380534,24.218557373805147,23.764875176719443,22.910399799932325,22.420391133870538,22.349410525284625,21.873586557886373,22.402156427679866,22.871080926442144,23.257551340634986,23.22310645335271,22.843627475619996,22.25656157083143,22.31956288512726,22.48242260100076,22.5262848435207,22.152148464767787,21.40332287030494,20.240076697144694,19.617262359533736,20.475992286100652,20.113061542011696,19.735082985249303,19.864654870912627,19.381434976578564,19.140760757684255,2022-11-13,27.753846153846155,26.230769230769234,23.93846153846154,22.707692307692305,test
2022-11-21,23.27803536461622,22.9087161190467,22.502391766822505,21.412339255990318,22.9087161190467,22.411039648616505,22.341770513990593,21.862016173020596,22.404034930686144,22.88459416774421,23.27803536461622,23.24354444354276,22.857988395500456,22.264642783079125,22.331810026416836,22.502391766822505,22.551242007026463,22.172295533122035,21.412339255990318,20.23086559521213,19.60103699806446,20.475891976874554,20.1124715442625,19.73286259981202,19.865144702416654,19.37469110360986,19.12972908202948,18.73861126278235,19.12761711556713,18.93506472847593,18.625613089088798,18.954487517182557,19.76566078298308,19.324956993018503,2022-11-20,27.753846153846155,24.346153846153847,23.43076923076923,22.558333333333334,test
2022-11-28,23.244180921200442,22.539391584350668,22.15716994616512,19.587052003859615,23.244180921200442,22.85382217462992,22.259135029815926,22.324427997098578,22.49110298839955,22.539391584350668,22.15716994616512,21.404405407363516,20.217397167425176,19.587052003859615,20.46255165524743,20.095238993515608,19.71532039302729,19.846385674642274,19.364707234764527,19.117030534727316,18.72682209932192,19.11643134589333,18.92110298702127,18.612151331577817,18.940731380664737,19.76357433468675,19.320052603329078,19.17093160949243,18.959593824449808,18.416726368481793,18.165548313733265,18.12572484426467,17.860269286107915,18.461918431625154,2022-11-27,24.158333333333328,23.623076923076926,23.115384615384617,21.730769230769226,test
2022-12-01,22.48363005883812,22.28798412360947,20.218261364837282,19.14155263817186,22.28798412360947,22.441262057454036,22.48363005883812,22.111678329670852,21.377740554666467,20.218261364837282,19.600766109415883,20.446246748053014,20.082211051572454,19.709948542517125,19.836881178024747,19.366850251192854,19.119640815614186,18.736008293652244,19.110895819109075,18.914527228362942,18.611869016829473,18.931129290573878,19.72743139991974,19.290768662380387,19.14155263817186,18.933820098582473,18.400651298543043,18.154407046499017,18.116559586348476,17.857269689804852,18.43500613782966,18.40423165230771,18.108835457173168,17.258459390389433,2022-11-30,24.158333333333328,23.623076923076926,22.875,21.65384615384615,test
2022-12-07,20.473371914895907,19.85755430235271,19.378178903333875,18.738654675232425,19.60372297077018,20.473371914895907,20.105678092397476,19.72686081941574,19.85755430235271,19.378178903333875,19.12706453282014,18.738654675232425,19.125631591850937,18.928285114103602,18.619631817575712,18.946172751697123,19.76144995479701,19.315946759437573,19.166900330873894,18.95760233191222,18.415580649751693,18.164615544553673,18.12593950122085,17.861570018841807,18.453981401302403,18.426364803033564,18.127670532760735,17.261422831875016,17.23943538105498,17.5030968763007,17.653404839487322,17.72941316041384,17.092219237604883,17.311721360597073,2022-12-06,24.158333333333328,23.4,22.092307692307692,19.50769230769231,test
2022-12-14,19.800155082329628,19.197546347923463,18.975675826999556,18.133851575089896,18.79004577661117,19.17511862500309,18.975675826999556,18.665237091525583,18.98907053267116,19.800155082329628,19.352970944895265,19.197546347923463,18.985486635656468,18.44052487097829,18.18675474925727,18.14534480385647,17.878159784355237,18.46769793409028,18.43417743243218,18.133851575089896,17.266453177864094,17.242972696905266,17.50536429790532,17.654371173921234,17.730481760888413,17.09059415117303,17.310152241618653,17.28122715483632,17.154646255718525,16.86174242504274,16.12748483530952,16.42866613036431,16.540534027739472,16.23193751447227,2022-12-13,24.158333333333328,23.4,20.338461538461537,18.569230769230767,test
2022-12-21,19.286697694665268,18.534497405516742,18.221254759419782,17.34677511349842,19.286697694665268,19.07410856407915,18.525540039172864,18.26836039669793,18.221254759419782,17.946266464661434,18.534497405516742,18.49281196963172,18.188266403471967,17.31261764137517,17.28541400078225,17.54294853097869,17.686403722369818,17.757914289697737,17.10657274170252,17.326725200795863,17.297027383666055,17.168400405788617,16.869708155293754,16.12710851946507,16.428547665147324,16.53749771068419,16.22956794023949,16.54281624013986,16.31024435961844,17.07141868339251,17.351490939678598,17.869250044814148,17.34677511349842,16.523858429672686,2022-12-20,21.03076923076923,19.969230769230766,19.16923076923077,18.415384615384617,test
2022-12-28,18.463945839258606,18.03101355615566,17.77015418579916,17.30764495472451,18.463945839258606,18.161310650254382,17.2933839632402,17.26825593583329,17.520432765283143,17.66110570769546,17.732638083611757,17.090891201202524,17.30764495472451,17.276152299362693,17.15225374399868,16.85664510931387,16.123864451260992,16.423382454399206,16.533001398357747,16.229265776159263,16.53691025715524,16.31089231642089,17.0617844416595,17.33865051910797,17.851751436066998,17.338044333526575,16.525800308737708,16.762258327949283,18.03101355615566,17.943869385184147,17.85959362768659,17.77015418579916,17.684081198741644,17.42101747628391,2022-12-27,22.038461538461533,21.638461538461538,19.969230769230766,18.569230769230767,test
2023-01-01,18.061098276351313,17.8783616699943,17.700601998627153,17.29968353498852,17.53779850649284,17.68225909025364,17.75735727463414,17.10513842311248,17.327695391508605,17.29968353498852,17.172904054405485,16.866719816706922,16.11704693650452,16.423424889989317,16.537294546386534,16.2265151392078,16.54356924543779,16.311115599785015,17.072967898458675,17.353811545198603,17.877486017156606,17.35370214128099,16.522737715331345,16.766593967218487,18.061098276351313,17.966534936138476,17.8783616699943,17.786498288630266,17.699855006582943,17.43031116079807,16.922935862575972,16.98294409059286,17.700601998627153,16.9859824488694,2022-12-31,23.292307692307688,22.038461538461533,21.015384615384615,18.96153846153846,test
2023-01-07,18.346710648755053,17.983989549822258,17.799465774730727,17.204935447879574,17.204935447879574,16.89436762497286,16.134651797722164,16.445779948785386,16.560372409098687,16.24543431443787,16.565753099474218,16.326718566819107,17.094212146014375,17.374829366143263,17.904432681545984,17.37347006631149,16.531971363252357,16.77784073108143,18.08220137212452,17.983989549822258,17.89184423013222,17.799694490556274,17.71132393914727,17.438221857991316,16.92567203934973,16.98319287780538,17.707241366751333,16.98304862621977,16.82090146355814,16.80419621734817,17.339563515731193,17.247200169551654,17.799465774730727,18.346710648755053,2023-01-06,23.292307692307688,22.038461538461533,21.015384615384615,18.500000000000004,test
2023-01-14,18.58118642815666,18.307383109419014,17.948837880844145,17.684111038370464,16.360617297479582,17.101290470654778,17.371108224425214,17.877541474077237,17.363685296285023,16.553567736782146,16.784399534129818,18.038262086780417,17.948837880844145,17.861703265783152,17.77229287329209,17.684111038370464,17.420464780200454,16.924481241971456,16.982848356422124,17.683701880990487,16.99120161829045,16.835877778873876,16.817787701480977,17.33139321154938,17.240075365171087,17.774706669296137,18.307383109419014,17.935574463658877,18.392225277544267,17.89569742517197,18.58118642815666,18.095388209208014,18.054194231530392,17.912977879343348,2023-01-13,23.292307692307688,22.038461538461533,21.015384615384615,17.984615384615385,test
2023-01-21,19.114277440862736,18.634996705545262,18.404432512741945,17.951366745924894,18.13518792896935,18.037146019413,17.942388379273012,17.846488584524963,17.75753657713637,17.4793372974623,16.961220152034247,17.00814880075925,17.735818036847554,17.004763507032894,16.838112458121365,16.821228227076002,17.35634820354456,17.261446634918205,17.806873510101326,18.358040045824055,17.96289948403518,18.43752471706379,17.919519601522413,18.634996705545262,18.12706235938071,18.069452679062817,17.914799945638727,18.495655773752308,18.453977752867285,18.404432512741945,17.951366745924894,18.327149677035557,18.74522313150882,19.114277440862736,2023-01-20,23.292307692307688,22.038461538461533,19.969230769230766,16.43076923076923,test
2023-01-28,19.811963272922547,19.489582345937425,18.748738272057413,18.393860115635476,17.09297835202631,17.810511049363242,17.08889210137601,16.920341465990816,16.896341892459372,17.418997919214508,17.32367552151812,17.85281617572117,18.393860115635476,18.00143369570794,18.46373518147056,17.945404941351715,18.646095920216027,18.144690600098603,18.081167483573697,17.92888050276036,18.501233338542175,18.4580576137128,18.40521483794333,17.95834734138688,18.33225131545978,18.742022609547874,19.110387172260413,18.605238423274585,19.081570846372447,18.748738272057413,19.489582345937425,19.23293837735961,19.661535206884096,19.811963272922547,2023-01-27,23.292307692307688,19.676923076923078,18.46923076923077,16.43076923076923,test
2023-02-01,19.78897168238529,19.722435753790176,19.462673850892994,18.485552215786928,16.917399084247197,17.430385570675853,17.33409862046165,17.860055632439725,18.387395127199515,18.001779510732245,18.45196620562865,17.9406574613301,18.62795563595899,18.132425340051878,18.076146666392933,17.92266699870563,18.485552215786928,18.440076917725015,18.38730094539597,17.948633843765723,18.31470442300435,18.725227632670403,19.085191945575616,18.591491950861517,19.058425354596707,18.732568155241665,19.462673850892994,19.21105716009416,19.641697753102438,19.78897168238529,19.531655197924618,19.553238899292644,19.78654007372546,19.722435753790176,2023-01-31,29.0,27.569230769230767,19.576923076923077,16.8,test
2023-02-07,23.685379427552164,21.58665790085989,19.784776374340748,19.070304818098894,18.414130661487498,17.90149690446167,18.59040588648434,18.09687611189751,18.042466047779023,17.8907584229892,18.454856703431577,18.414757419110614,18.362043615294642,17.926796431126142,18.295505996486373,18.708401102195,19.070304818098894,18.578362011268744,19.050216580083553,18.724019062110774,19.456232618783233,19.206481779359468,19.63822174396615,19.786081587254856,19.52882498036465,19.55382672674701,19.784776374340748,19.721341746146916,20.020089182993367,19.525200610839,20.30653009701521,21.58665790085989,22.02332621627134,23.685379427552164,2023-02-06,30.515384615384615,28.838461538461537,21.799999999999997,18.43846153846154,test
2023-02-14,23.690942950545512,21.602176409407484,20.574185790223964,19.73377452197899,18.336514776769086,18.28849299349251,17.86104869042881,18.23564961493951,18.65414294409052,19.021889128909354,18.538596400403808,19.013265600641223,18.69489790369777,19.43282258225458,19.19159292694498,19.628799600778212,19.78231569833074,19.531398305002803,19.558320988490372,19.79248279302084,19.73377452197899,20.035448906335564,19.54462740922452,20.325134710133803,21.602176409407484,22.034768514171944,23.690942950545512,21.310173995797538,20.470893297697494,20.861347784519207,20.574185790223964,19.85734350183986,20.590693982271905,20.044391405273835,2023-02-13,30.515384615384615,28.838461538461537,24.761538461538457,19.576923076923077,test
2023-02-21,23.694485608526758,22.029558989171825,20.851913483782266,20.017125764161527,18.977406569020552,18.656061498177607,19.40039595752115,19.16094023098622,19.601610119867537,19.757676313462856,19.506665077749062,19.532037960084196,19.76703693966398,19.710269929568266,20.017125764161527,19.524165801550648,20.310796750149326,21.596573196016195,22.029558989171825,23.694485608526758,21.300983739054175,20.45920725138238,20.851913483782266,20.56350849595505,19.8424414139846,20.5769864567197,20.025218168522112,18.983508724387537,18.77311943818224,19.639796363796158,20.15118432069468,20.380418100730576,20.97246548819029,22.24590310295447,2023-02-20,30.515384615384615,28.838461538461537,24.761538461538457,20.430769230769233,test
2023-02-28,23.68280187118738,22.370033528605997,21.61223911274869,20.589371884543922,19.55020783434528,19.784119308126147,19.72778922024195,20.031938070274148,19.544531076741407,20.328923640486632,21.61223911274869,22.03245398602566,23.68280187118738,21.308113774449538,20.471988668242854,20.86145913987707,20.578710298779153,19.871081080967247,20.589371884543922,20.04101281483262,19.006099037750793,18.79563928680259,19.65490083175313,20.165220532054633,20.400105312854837,20.977561240734325,22.239622714564288,22.490577564074094,22.370033528605997,21.4277679921237,22.26452534239764,20.85230339963517,20.86453716613858,21.025168813220468,2023-02-27,30.515384615384615,28.838461538461537,24.761538461538457,21.799999999999997,test
2023-03-01,23.802751214610762,22.42149267368098,21.677183157326425,20.84754321767982,19.819536544597437,19.75797119999003,20.07067864202355,19.565807589014945,20.36369962858925,21.677183157326425,22.11570433399891,23.802751214610762,21.359663862140096,20.501321211531675,20.897867597017875,20.60010655574793,19.868956111923104,20.614535111929218,20.043590640681455,18.97777085658276,18.763020794536146,19.642957157320076,20.16060784752138,20.39827802057713,20.99954916087362,22.288764292865363,22.544022046187955,22.42149267368098,21.450271336580656,22.302757919932045,20.84754321767982,20.867247679840062,21.023870797114,21.009523235052242,2023-02-28,30.515384615384615,28.838461538461537,24.592307692307692,21.43846153846154,test
2023-03-07,23.84307256049913,22.51228259979082,22.265881590044067,21.030306597555892,22.19081968843921,23.84307256049913,21.45054155067858,20.598340061903162,20.977020189438345,20.69056959096154,19.957951471536727,20.678146332040612,20.11889988719277,19.069099438292938,18.843803039297722,19.69409241283325,20.205042507813996,20.42101502766841,21.00304378082037,22.265881590044067,22.51228259979082,22.38300496069387,21.430621922388287,22.276045248063102,20.84503526534255,20.866514672127195,21.030306597555892,21.021028513413892,22.299774737682633,22.20216950365616,21.778286530545707,22.09737363408315,22.037921158509132,23.085247450565394,2023-03-06,31.153846153846153,26.661538461538463,22.423076923076923,20.430769230769233,test
2023-03-14,24.822169974030974,23.88532202102576,22.7353447071572,22.116787418687228,20.713703090325193,20.149263112405052,19.09505068885568,18.873431232082257,19.73390493005539,20.244750911142507,20.461478200054188,21.0387081741464,22.307139782103647,22.556194391536728,22.429185140613054,21.472169796304136,22.318030941085635,20.874384202921508,20.88562099788673,21.045965676556296,21.03655776347029,22.32691092843513,22.23034627933461,21.797728130435694,22.116787418687228,22.04692543862608,23.09776253550014,23.88532202102576,24.822169974030974,24.322474149562108,22.912353616794576,22.64676607226522,23.47317908053484,22.7353447071572,2023-03-13,33.284615384615385,31.153846153846153,25.161538461538463,20.692307692307693,test
2023-03-21,25.421609944483258,24.762747499926903,24.276671228271926,22.647927943067742,21.002802433318454,22.241892370667912,22.49203955554484,22.369395831640936,21.434209036616203,22.262948208337548,20.85544049410843,20.86885208731679,21.027949077035192,21.028054331406107,22.29239546874751,22.199975113015523,21.781708943076733,22.0979465294726,22.033578569372565,23.063756193638525,23.8432577350964,24.762747499926903,24.276671228271926,22.903314446664137,22.647927943067742,23.45836850078407,22.740128458951276,23.412887182619105,23.823166696560573,24.704041344488115,24.57150145882604,24.33435779095573,24.943820398128626,25.421609944483258,2023-03-20,33.284615384615385,33.146153846153844,27.630769230769236,22.246153846153845,test
2023-03-28,25.888015484891277,25.245917170641864,24.935551337807905,23.838062134172777,20.849402693802542,21.00833028724046,21.011336932095126,22.285952643682474,22.189998816290043,21.766140007645564,22.085027716130355,22.01895425264119,23.052529692656798,23.838062134172777,24.766101057667488,24.2745267950206,22.89118462086813,22.635677580387352,23.44782279411707,22.72515811885085,23.40315614845347,23.81948168111072,24.700403368221096,24.562907472405524,24.325467433422748,24.935551337807905,25.41384760553489,24.870506252771104,24.951076515535608,25.888015484891277,25.10629816863493,24.87498429119208,25.245917170641864,25.195965965651475,2023-03-27,33.284615384615385,33.146153846153844,27.630769230769236,22.50833333333333,test
2023-04-01,26.105482221536757,25.618876671959622,25.200041513141738,24.63665937466201,22.15554482492306,21.73620806952294,22.055501770634127,21.993489942316916,23.020567734800707,23.801686379610217,24.72648539548459,24.246347288123264,22.874400466133753,22.623808753439317,23.43638663623299,22.71746260311511,23.39206567704504,23.80801100180515,24.6927453783713,24.559386648200395,24.325921622453453,24.93641208550332,25.410623107848004,24.868910183790522,24.949187447442334,25.887793140583,25.111763887476943,24.882437834289785,25.253122098246347,25.200041513141738,26.105482221536757,25.61099817975745,25.618876671959622,24.63665937466201,2023-03-31,33.284615384615385,33.146153846153844,27.630769230769236,22.6,test
2023-04-07,27.646568611326025,26.271897584665414,25.836559148871284,24.95248438029528,24.746806446374823,24.261064660392883,22.887642781622485,22.640852254064782,23.458878115127764,22.724903760117353,23.397925884022825,23.81740038226199,24.69912053943759,24.566742773342245,24.336980595031683,24.95248438029528,25.414442986780262,24.868749866388793,24.952234116285588,25.888480948454557,25.112644335596215,24.887748227749338,25.26369800123812,25.198025764800967,26.103546072059565,25.611856705590558,25.616162977768163,24.634497586527953,25.17254100239898,26.32779466692227,26.271897584665414,27.646568611326025,25.836559148871284,25.99921424455839,2023-04-06,36.89230769230769,33.284615384615385,28.23846153846154,23.253846153846155,test
2023-04-14,27.654380588028094,26.96477381911763,26.146920886880014,25.430084303789606,23.85654189523287,24.735736058965003,24.60805954791571,24.373250185321176,24.973927270448012,25.430084303789606,24.8809551369855,24.97124482002564,25.905874320152037,25.132147178105964,24.903541394414294,25.264951479569888,25.192427498018485,26.104635333972233,25.618810163658267,25.61869028197773,24.64039883717967,25.18136696452317,26.328755416873616,26.268313614618762,27.654380588028094,25.844844677252297,26.005647025917227,26.96477381911763,25.697313199230262,26.157249288975304,27.2054961117521,25.32299461702925,25.202010390935964,26.146920886880014,2023-04-13,36.89230769230769,33.26153846153846,27.392307692307693,23.153846153846153,test
2023-04-21,29.084508972501784,28.438181350343296,27.221613807855057,26.152524679665508,25.045959465465955,25.969790134783718,25.207705791116148,24.983646455499052,25.33683608631212,25.266053250985937,26.152524679665508,25.67007232014823,25.671154977386205,24.705781691370824,25.238106579804874,26.364445182798406,26.30548853642629,27.659008476429303,25.87438159756939,26.03546644088016,26.979561332666425,25.7338325875582,26.18607289324368,27.221613807855057,25.36022395840816,25.241214514139358,26.17746463855512,26.258769116177795,27.14508271696193,27.9935068011261,28.694674744614336,29.084508972501784,28.438181350343296,27.591454430743404,2023-04-20,36.89230769230769,33.46923076923077,26.592307692307692,23.253846153846155,test
2023-04-28,29.652294767829936,28.680607944563082,27.627278644192522,27.138532722500088,25.593153617355014,25.597664978432014,24.645117079115934,25.178995571485714,26.301879240361323,26.247914110810722,27.60032692557063,25.828184485391056,25.993757407822436,26.94001060061032,25.708169371353176,26.161651431634386,27.19499898015488,25.352304850194624,25.23384853786277,26.167845703749503,26.254590000299523,27.138532722500088,27.982708930909403,28.680607944563082,29.071348957407327,28.425448733278493,27.58434662658275,27.159567374979,27.871883941416183,27.578920892124884,27.349319969334914,27.60348449187278,27.627278644192522,29.652294767829936,2023-04-27,36.89230769230769,35.823076923076925,29.800000000000004,25.73076923076923,test
2023-05-01,29.679010058955186,28.779029917037512,27.976970680284126,27.317618219569127,25.101803838255055,26.25756084239179,26.204424123881587,27.595202787689132,25.768294511210392,25.93596412903551,26.905758499911116,25.639766920190656,26.1072938425398,27.17420252257892,25.27617084141096,25.15196812061416,26.110796343719077,26.195667363482748,27.1075921286956,27.976970680284126,28.698081176550136,29.098766503787722,28.430970944072097,27.561739924417854,27.119345055603258,27.85390987453668,27.55197662742163,27.317618219569127,27.5771006544238,27.598178122918828,29.679010058955186,27.97421428458793,28.644094879767664,28.779029917037512,2023-04-30,36.89230769230769,35.823076923076925,30.699999999999996,26.161538461538463,test
2023-05-07,29.665705559360486,29.109595336774973,28.644669599302574,27.600810175739607,26.93551554241494,25.6832210043467,26.146222139449154,27.202473693418423,25.335094328390078,25.217393265163743,26.149909798754393,26.238606544649077,27.135996435633416,27.994430418558927,28.707707575275627,29.109595336774973,28.453789485632015,27.579616113775923,27.146660152400536,27.86820709745998,27.569208216957286,27.338453405836482,27.600810175739607,27.625587186994824,29.665705559360486,27.986320945273537,28.644669599302574,28.778035881641163,27.45974687925122,27.522502650283528,27.90758563044374,28.083267080583834,28.92743015903386,29.18810819497993,2023-05-06,40.70769230769231,35.823076923076925,30.699999999999996,26.515384615384615,test
2023-05-14,29.66887742832852,29.16809035343057,28.89654300984477,28.139898001355036,26.19396691665112,27.101558566989656,27.969660827882702,28.694401606514816,29.105531487062002,28.4431266222003,27.5552950669179,27.116674428732075,27.847320526932563,27.5468400726562,27.318342271649612,27.588609115608598,27.61348896571877,29.66887742832852,27.97080707900748,28.63693742673171,28.772327045744223,27.44441202911938,27.511995360136655,27.899632734222845,28.07064579306643,28.92019555301849,29.183402539792365,28.89654300984477,28.139898001355036,28.897595580115617,28.622437387079533,29.16809035343057,28.190896887817036,28.158287590520487,2023-05-13,40.70769230769231,35.823076923076925,31.46153846153846,27.146153846153844,test
2023-05-21,29.775153387273516,29.236138762947967,28.902891380049944,28.470385723900666,27.096964507466957,27.82321906793145,27.535347851292226,27.30373032478372,27.564486807681387,27.589306068851048,29.62626339229423,27.950478359531903,28.61380169992286,28.758163330896032,27.43923162690871,27.50007447078973,27.884491889469484,28.05695825284668,28.902891380049944,29.16767124640939,28.894239764476406,28.140673396470994,28.88437912191642,28.612576540776036,29.1554584345729,28.193011464964634,28.164472234008556,28.215595258900294,28.470385723900666,28.49562253011343,29.13723939552341,28.64135435710944,29.236138762947967,29.775153387273516,2023-05-20,40.70769230769231,35.36153846153846,30.699999999999996,27.53846153846154,test
2023-05-28,30.348189750622836,30.176816929873297,29.78769391607006,28.90328392677926,27.979982334398326,28.64563820587157,28.785198136307024,27.47523981041347,27.530320537572155,27.913139156902005,28.09197482024592,28.925755147903693,29.193014499098506,28.915122202452174,28.16802860988928,28.90328392677926,28.631443721864187,29.179312628724038,28.210138623957107,28.18507234346711,28.23101760144854,28.489642929434467,28.50918884499753,29.14869172000268,28.661759708439657,29.245975481309447,29.78769391607006,30.023119975220084,29.908372480101693,30.348189750622836,29.642246957162687,29.931955697539465,30.219149180698807,30.176816929873297,2023-05-27,40.70769230769231,34.815384615384616,30.03076923076923,28.038461538461544,test
2023-06-01,30.478292862632234,30.345235937017435,30.021691181324726,29.171465996738597,27.504841882382248,27.892516541024,28.073081719671375,28.919608214960707,29.18079503875294,28.90092054715791,28.14863053810898,28.891910390231324,28.617678066248267,29.171465996738597,28.194655761133667,28.160068923013114,28.20744630514243,28.4719015497111,28.49103809479838,29.138001377958656,28.644876033603243,29.238486086129846,29.7765883044075,30.015104918003534,29.90152190699068,30.345235937017435,29.6312054677733,29.923130954888734,30.216086752602877,30.163333420022948,30.403029030766486,30.306100138690713,30.478292862632234,30.021691181324726,2023-05-31,40.70769230769231,34.815384615384616,29.83076923076923,28.73846153846154,test
2023-06-07,30.636458967345476,30.47996773028206,30.29401981367809,29.921752252387144,28.19808888451617,28.925469386568654,28.6618517064834,29.186660979447833,28.23572093090849,28.202134999051,28.24654130146225,28.502182804304063,28.52742267127756,29.159821313967896,28.66972107350606,29.245836933883396,29.7706095682466,30.00299357728813,29.893964959291537,30.333981738169406,29.647144547426244,29.921752252387144,30.2081016670119,30.1611058765769,30.3964251513552,30.305104667868406,30.482703143375584,30.046820540989824,30.072045648207496,30.29401981367809,30.47996773028206,30.636458967345476,30.159128866310706,30.154723844847535,2023-06-06,35.36153846153846,30.346153846153843,29.553846153846152,28.915384615384614,test
2023-06-14,31.173700484238612,31.01895204427406,30.500719343750948,30.174255816782097,28.51423559103497,28.537520190961164,29.19060203660514,28.67912532717684,29.261476651619947,29.795102466904428,30.031430192562134,29.918538729958993,30.36632456063721,29.667882738426737,29.93986701801945,30.225748130237587,30.174255816782097,30.414385774164153,30.3206128465385,30.500719343750948,30.060605366041436,30.078474572439628,30.2998101464718,30.48835397303248,30.64912802434573,30.161272373730135,30.156189501831655,30.134363634584584,30.32305711871426,30.72409706023232,31.01895204427406,31.1427124879251,31.173700484238612,30.930042672626133,2023-06-13,35.36153846153846,31.88461538461538,30.346153846153843,29.423076923076923,test
2023-06-21,31.203394960478995,31.17668051587638,31.099753683952386,30.456879661453982,29.87626108571642,30.32020562173957,29.630246355917333,29.909312804035757,30.18444685001369,30.134196470513803,30.374179303144896,30.284703820554718,30.463919479068892,30.030406209656498,30.057918248619764,30.269231674167226,30.456879661453982,30.61808995984532,30.137804405340937,30.13311372260594,30.113665481030267,30.309896813076385,30.69864962177151,30.990937768073668,31.114700623329483,31.147822574645826,30.905888455667725,30.80626578333892,30.817927144123786,31.17668051587638,31.099753683952386,31.185055152572847,31.15940758015976,31.203394960478995,2023-06-20,33.800000000000004,33.03846153846153,32.62307692307693,30.26153846153846,test
2023-06-28,32.1176964925964,31.753016646275896,31.204850157135375,30.990023847858872,30.266257579026263,30.447410392524844,30.011033400082372,30.039868512219897,30.252701247527035,30.44240270762967,30.606303978713562,30.121031765012702,30.116821482181365,30.100823806698603,30.30119781373446,30.69417717365116,30.990023847858872,31.115859596644935,31.150508984629322,30.905349450379052,30.80738295237537,30.819838669193597,31.181399033161643,31.10198105053376,31.187647571247,31.161510369626704,31.204850157135375,31.136887666787455,31.278308648389164,31.37867700757764,31.774536957479377,32.1176964925964,31.752270214737855,31.753016646275896,2023-06-27,34.607692307692304,34.030769230769224,33.03846153846153,32.00000000000001,test
2023-07-01,32.110670021828106,31.749460004232898,31.469698892023708,31.136957339352133,30.02795657342983,30.24042646853367,30.42927221920825,30.591895453525094,30.112202594741014,30.10928836597077,30.09476298162201,30.295207431466256,30.68567198658977,30.979504169282173,31.104877514105667,31.138018117445696,30.89770064766341,30.802449528089554,30.81763725783876,31.177070409581212,31.100784565698884,31.186348324978663,31.159276850138035,31.20304937520325,31.136957339352133,31.27880853674028,31.380173265625096,31.7718811862724,32.110670021828106,31.748394704227195,31.749460004232898,31.469698892023708,31.47619131951219,31.651051466744637,2023-06-30,34.607692307692304,34.030769230769224,33.23076923076923,32.47692307692308,test
2023-07-07,32.15876844828839,32.05412385929156,31.74038111667411,31.267030908160372,30.069100244636378,30.2698165997394,30.660907265817247,30.956655126201838,31.083853039129753,31.118021202660902,30.877635140656587,30.783574355815748,30.799070801926078,31.159463053873168,31.08434965221514,31.171773641286407,31.145573025217363,31.18994403864045,31.124878455609206,31.267030908160372,31.36817906599303,31.761810384188298,32.10254421558672,31.739540863144086,31.74038111667411,31.46033266678059,31.466030524545378,31.640175718648678,31.75106790433157,31.883780525156972,32.15876844828839,32.05412385929156,31.72389100708581,31.674933019398527,2023-07-06,34.607692307692304,34.030769230769224,33.23076923076923,32.47692307692308,test
2023-07-14,32.181354101539185,32.07701786398464,31.791148885166393,31.625122144312634,30.81121190964418,30.826907539705648,31.187772082120777,31.110877150591854,31.199791035716576,31.1738301832283,31.21916793701172,31.150700089592824,31.29321032081305,31.392594416760677,31.786925032536995,32.130346621683614,31.76511707511234,31.7664345095398,31.48151105247301,31.48670772977129,31.65967687728196,31.76969569346211,31.904100658982557,32.181354101539185,32.07701786398464,31.74216148017076,31.692980609229565,31.884548480514045,31.926033191937794,31.791148885166393,31.565209786808357,31.50883793853975,31.613226964831266,31.625122144312634,2023-07-13,34.607692307692304,34.030769230769224,33.03846153846153,32.47692307692308,test
2023-07-21,32.194619998085194,32.089553166610706,31.89620174820975,31.757262891895618,31.202141737558755,31.34152887097698,31.440716794785313,31.829667223940845,32.1648305732244,31.800835691076465,31.79996738726161,31.516656623400234,31.519130768104308,31.689550798040436,31.797287190866616,31.925755902867472,32.194619998085194,32.089553166610706,31.757262891895618,31.706663367402623,31.89620174820975,31.937418372832028,31.801712527332334,31.576042768061914,31.51980615560576,31.622097007745886,31.633414351364443,31.63331458461567,31.747046028101533,31.802350067320088,31.847334245924475,31.97089294393952,31.69143914131277,31.72491338759277,2023-07-20,34.607692307692304,34.030769230769224,32.784615384615385,32.09230769230769,test
2023-07-28,32.25586169254079,32.128878651758605,31.998340258447662,31.826280440124368,31.578717095407153,31.579091607193128,31.74865379395608,31.855449390877098,31.984012222160377,32.25586169254079,32.1466549478785,31.80517786895777,31.750658624753697,31.93895757594232,31.977844217843305,31.838095136383462,31.608010178227396,31.54897928442378,31.649707001577642,31.659195389132,31.65626562626177,31.770344394285893,31.826280440124368,31.872879913818025,31.998340258447662,31.713327095880768,31.747251938562968,32.064522173855444,31.98793040745752,32.06770578811192,32.00915156688746,32.128878651758605,31.783151072087524,31.71053762182315,2023-07-27,33.80769230769231,32.69230769230769,32.238461538461536,31.776923076923076,test
2023-08-01,32.25496569417192,32.115492756963064,31.986647655491392,31.819727279323587,31.98404185234822,32.25496569417192,32.145419863292005,31.806179196015375,31.749778896726916,31.935898458608175,31.97457860903394,31.833747099550234,31.603020798334093,31.543197557528504,31.645217743598558,31.652556339535845,31.64766936765492,31.761465962643907,31.816162919355275,31.861937159245173,31.986647655491392,31.703909487205735,31.736113597477022,32.05146250655038,31.975438211666823,32.054526650651866,31.995907387090313,32.115492756963064,31.772717193867344,31.699100655403207,31.850872478003524,31.771666578938987,31.819727279323587,31.496638548711772,2023-07-31,33.51538461538461,32.36153846153846,32.09230769230769,31.692307692307693,test
2023-08-07,32.119306078125284,32.057634946150074,31.982156914084783,31.770761846827924,31.982156914084783,31.84257130138105,31.61217274087928,31.55219639365568,31.653121928553194,31.66097873056089,31.657520265675615,31.770761846827924,31.824929239375187,31.868557513647584,31.991482851142393,31.711112061808073,31.7436579991217,32.057634946150074,31.982806946254254,32.061205924911306,32.00142197362473,32.119306078125284,31.779452879254038,31.7071188075542,31.85894717981554,31.780904645581884,31.828457403517767,31.506430190959485,31.437461983739684,31.441961451748266,31.237263273223125,31.429052261213666,31.455856538907195,31.49284631399645,2023-08-06,33.51538461538461,32.69230769230769,32.06153846153846,31.484615384615385,test
2023-08-14,32.13402492258357,32.07654004268989,31.88732577731191,31.729098878925726,31.790536985658843,31.843257362296836,31.88732577731191,32.0098353176523,31.729098878925726,31.761608355330242,32.076660417434994,31.999967692729562,32.07654004268989,32.016825945803674,32.13402492258357,31.793582701400332,31.721042358233483,31.87382606486143,31.793929573037914,31.839725097128508,31.517813737883493,31.44829604494605,31.45259904585512,31.247952583394945,31.441060845879203,31.466430238113492,31.502059436960504,31.198704162888756,31.259170667998898,31.104686707465802,30.978324137243053,31.251282495404336,31.305054197072412,31.621822037065037,2023-08-13,36.707692307692305,33.63076923076923,32.36153846153846,31.684615384615388,test
2023-08-21,32.140384936764484,32.01999333969079,31.79250288591567,31.435676836122546,31.99906193325256,32.07828366265598,32.01999333969079,32.140384936764484,31.79250288591567,31.717546334066856,31.869537964051155,31.78755843982922,31.835131825899193,31.50715456129539,31.435676836122546,31.443022417266267,31.232681911195655,31.426883883410433,31.454078175064716,31.492144067301197,31.184319143924846,31.247749850025464,31.092872044087997,30.964322832224738,31.241933996148457,31.299569731532674,31.62813345711785,30.947052082661962,30.69673592953571,30.438756298309052,30.791976981113983,30.849130791928893,31.1050479571676,31.127802241390203,2023-08-20,36.707692307692305,33.63076923076923,32.35384615384615,31.169230769230772,test
2023-08-28,31.795933347686262,31.590820445995444,31.415336571878782,31.089314349919366,31.750788115022768,31.795933347686262,31.478172217784252,31.409774848378678,31.415336571878782,31.214116626259145,31.405529903553273,31.433677570071833,31.469050896732988,31.169696968345495,31.229582825342906,31.077982653859642,30.95360802066372,31.223247409541845,31.27865420159447,31.590820445995444,30.931129763505727,30.687816560505475,30.4352716231881,30.771449787674385,30.827769358431677,31.07197332961045,31.089314349919366,30.656973213398356,30.28547196797264,30.35683105043888,30.317130460111287,29.94214705067504,29.89890972354355,30.11120917379884,2023-08-27,36.707692307692305,33.63076923076923,32.35384615384615,30.761538461538457,test
2023-09-01,31.597515386123636,31.42410314329487,31.223128878959486,30.92966098989363,31.408444888578977,31.2034205476538,31.396778210214357,31.42410314329487,31.461860136461134,31.161070829996966,31.223128878959486,31.07116108222098,30.9457055071261,31.220011516390148,31.276192290558072,31.597515386123636,30.92966098989363,30.682881821813073,30.428459297716973,30.773722250704637,30.8305452892794,31.079667704334007,31.09997782712869,30.664119994881048,30.286171921339637,30.362050062315433,30.322982869799922,29.938779391479574,29.89367869503885,30.11225315773426,29.991928440761807,30.080688462377893,30.020269164274417,29.944078037931217,2023-08-31,36.707692307692305,33.63076923076923,32.35384615384615,30.75384615384615,test
2023-09-07,31.611774644095618,31.241690629364953,31.089077801133918,30.646900612555914,31.241690629364953,31.089860498043823,30.96418476609652,31.23685263682082,31.29271098342857,31.611774644095618,30.94995851081556,30.700335789605877,30.445961594231118,30.786282081167208,30.842503840618516,31.089077801133918,31.109090089095996,30.676981028634362,30.29702603324956,30.370134941204206,30.329325095374667,29.948320898311035,29.903391809393433,30.12045380857313,30.001800348427846,30.085318466836352,30.023921766903072,29.947012186701954,29.764731537355836,30.662014062371608,30.646900612555914,29.536771859208155,29.130013602555312,28.683693692877238,2023-09-06,36.707692307692305,32.769230769230774,31.63076923076923,30.615384615384617,test
2023-09-14,31.156124452740638,30.885565753611505,30.685788850234122,30.04605415762314,30.74681655875274,30.493276887682875,30.833548234024917,30.885565753611505,31.13622094452569,31.156124452740638,30.71540839303187,30.329019865668737,30.40701840182797,30.359430185613395,29.96687547842897,29.921214566514156,30.14122607719535,30.019098001463085,30.103905540577617,30.04605415762314,29.962777272822755,29.77321468678428,30.685788850234122,30.671512494274126,29.544091261914673,29.13269643272865,28.685690809612296,28.512620389830566,29.097742021503677,29.20729088509333,29.574407215894553,29.080329238004225,28.87295621723594,28.772041888283606,2023-09-13,31.78461538461539,31.315384615384612,30.700000000000003,30.315384615384612,test
2023-09-21,30.682457756940657,30.394278233721593,30.094876814197892,29.571908274370934,30.314536299857014,30.394278233721593,30.346912541679327,29.951823942348664,29.90649425163552,30.12904643567513,30.00804731896121,30.094876814197892,30.038345890036656,29.9553151412938,29.76442377227737,30.682457756940657,30.66944181825849,29.53770339657652,29.125517293936145,28.677526846314333,28.503934662995615,29.091505392762517,29.20188988749913,29.571908274370934,29.076484460227952,28.869016038911788,28.76857989882883,29.117739784144373,29.408723501752018,28.566041951858114,28.8416462724468,29.8947803468541,29.43781810436602,28.415123649318595,2023-09-20,31.78461538461539,31.315384615384612,30.676923076923078,29.015384615384615,test
2023-09-28,30.67514132182359,30.108081287116306,29.78379868037888,29.11607341653632,30.108081287116306,30.049966519567715,29.967943738644717,29.78379868037888,30.67514132182359,30.659592114774163,29.555498611425236,29.153154061157647,28.714578839298476,28.544327155829755,29.11607341653632,29.222426377104,29.57847066358694,29.091929385412985,28.887788592944013,28.786096050466863,29.12285028822335,29.405608621277473,28.58519597672652,28.848560440364558,29.865352992766507,29.41784600572561,28.419243686141733,28.052048825172683,28.858807013805553,28.991885401434782,28.437276385990387,27.67135528986099,27.667556346614763,27.290770477052074,2023-09-27,36.15384615384616,33.43846153846154,31.63076923076923,29.015384615384615,test
2023-10-01,30.70692921530676,29.89513870524485,29.43906875216047,28.878176043391072,29.79028925211697,30.70692921530676,30.692230800536418,29.559289009975952,29.14696729713074,28.697547817032284,28.52148477424248,29.10664824408099,29.215190069828303,29.582952156346668,29.08588871223527,28.878176043391072,28.776367044517027,29.12325992691675,29.41244869787008,28.568882924741782,28.8431008495704,29.89513870524485,29.43906875216047,28.4163959907267,28.041033590277927,28.87166422185751,29.01148665065171,28.445946294287246,27.665263380112236,27.66757692649811,27.286399707363582,27.130846996891783,26.421337488416274,26.287210979751695,2023-09-30,36.15384615384616,33.43846153846154,31.715384615384615,29.015384615384615,test
2023-10-07,29.888734134811305,29.438092471751396,29.102354004592197,28.52120988036169,28.52120988036169,29.102354004592197,29.21023892454936,29.577002959081373,29.08358314470252,28.88040554347925,28.777797926521686,29.121941740617316,29.408725263931483,28.570157362855284,28.843474536479867,29.888734134811305,29.438092471751396,28.4197092427928,28.045372299784535,28.869320376582706,29.007041664502193,28.445065071145976,27.668383451546397,27.67240590581285,27.290685670326983,27.134062498133183,26.427011005495896,26.291975480509205,26.245113774856474,26.44121111123223,26.285501519880384,25.986253053051914,26.035002467180675,26.026871552231658,2023-10-06,36.15384615384616,33.43846153846154,31.815384615384612,29.169230769230772,test
2023-10-14,29.87695423886972,29.405696703864773,28.84380341511647,27.142213232005943,29.121707717926114,29.405696703864773,28.57512406684373,28.84380341511647,29.87695423886972,29.430945234568853,28.42177969417014,28.051175480625904,28.86673809915258,29.00237758674954,28.443945249774895,27.67326480220603,27.676992040809605,27.297692112467626,27.142213232005943,26.441836619788514,26.307055630983402,26.25810896667939,26.44995553506723,26.295146262923414,25.997078447660755,26.044508468177327,26.035624576956916,25.593641723985808,25.406594840422887,25.482315589661763,25.562320233042943,25.892483292581975,25.384249639675442,25.151645929637013,2023-10-13,36.15384615384616,33.43846153846154,31.815384615384612,28.376923076923074,test
2023-10-21,28.916981114504424,28.36597631169585,27.235605447589485,25.99819277250947,27.976445524517978,28.779770902165186,28.916981114504424,28.36597631169585,27.603669506082436,27.60958513315301,27.235605447589485,27.083624641099284,26.394235196613494,26.26588965963386,26.217615378068075,26.404190598935685,26.25388308407431,25.959655055776494,26.00702839122582,25.99819277250947,25.565940194244945,25.380161932928985,25.45067698952616,25.529978694049454,25.852926422258815,25.350687831063674,25.11931208636162,25.18121340648613,24.990429323277326,24.847570792424015,24.002518714688303,23.90613010787914,23.851798561953995,24.427455139676464,2023-10-20,36.15384615384616,33.43846153846154,31.815384615384612,29.176923076923078,test
2023-10-28,27.228750776964066,26.533095698183498,26.1118719637319,25.406387695650128,27.228750776964066,26.536286910662376,26.401410969122146,26.345956974171255,26.533095698183498,26.37879257940025,26.074366029119144,26.1118719637319,26.097551397802157,25.654965747319906,25.459416291787168,25.528821644233158,25.604099876364405,25.91855266176577,25.406387695650128,25.170988484834215,25.226344216436075,25.029113542084204,24.88856547964448,24.041776248354527,23.940659909099086,23.882341068396702,24.46084233342497,23.920367806807416,23.010571413560196,22.452820318529405,22.482051881750117,21.949309327005235,22.559774848593662,23.115941722700146,2023-10-27,31.907692307692308,31.76923076923077,29.83846153846154,26.807692307692314,test
2023-11-01,26.600370236515396,26.17767209504233,25.713361382849637,24.90380414649014,26.600370236515396,26.444353341251837,26.137667318130745,26.17767209504233,26.158707098183196,25.713361382849637,25.513977582152624,25.574391087241136,25.645652035644787,25.956992409685355,25.44399775889221,25.201991613444815,25.255002810200864,25.0536333395764,24.90380414649014,24.05142102472169,23.947403197889493,23.891136701963692,24.467238085973595,23.925383845037828,23.012401163273207,22.447290884646577,22.476291005295963,21.942749172704826,22.560173627663787,23.117014845085087,23.411109862446118,23.31423911619686,22.87070913505657,22.40750976965429,2023-10-31,31.907692307692308,29.83846153846154,27.59230769230769,25.87692307692308,test
2023-11-07,26.01649527247502,25.646113216016907,25.25753085518933,23.41514004887212,25.583199613841586,25.646113216016907,25.710452624950737,26.01649527247502,25.503411024971168,25.25753085518933,25.304213196213514,25.096638631832263,24.947757798280527,24.088685666487883,23.979159757893044,23.921487802069716,24.492235228566773,23.945657046672533,23.028750913291592,22.4667570884136,22.48924211747063,21.95311718531712,22.57032181371676,23.124494415631588,23.41514004887212,23.31575253190501,22.87805145694747,22.412141916402433,22.416452102704394,22.689317563944133,22.839309658578127,22.3959687842155,21.60535141459377,20.40612919928663,2023-11-06,29.83846153846154,27.54615384615385,26.592307692307692,24.776923076923076,test
2023-11-14,25.1499903175136,24.53620298422525,23.962211157841296,22.586112070975013,25.1499903175136,25.00089992851551,24.129913388382928,24.019390910768085,23.962211157841296,24.53620298422525,23.98466490807516,23.052642461810045,22.48371479041043,22.5038666849766,21.96060380949202,22.586112070975013,23.143217940185927,23.439485568857414,23.33568507297675,22.893558201084314,22.42058842289035,22.42597253081325,22.70468907177854,22.854607551251892,22.40995429533912,21.608598902349385,20.397792641153348,19.892884202761806,20.68551610490637,20.442412743591454,20.170574613097973,20.216516812122588,19.668039314278097,19.35745229925894,2023-11-13,27.44615384615384,25.87692307692308,24.95384615384615,23.076923076923077,test
2023-11-21,23.4234357958204,23.131404331408724,22.69170524246707,21.604047624232248,23.057709159828175,22.490566219468164,22.51071112051182,21.969735889742047,22.586810872785744,23.131404331408724,23.4234357958204,23.322672838205843,22.88155288931855,22.41462472231102,22.41694988584251,22.69170524246707,22.834238010297334,22.394111643423386,21.604047624232248,20.403234763030742,19.90522324993572,20.686606630153786,20.445621157816333,20.171297392684934,20.216582639978434,19.676729501617473,19.36628750438531,19.084864914113847,19.383668653005873,19.29144727867726,19.068305672821893,19.286407566630484,19.983855261837945,19.469545700904508,2023-11-20,27.44615384615384,24.95384615384615,23.361538461538462,22.200000000000003,test
2023-11-28,23.342504840255422,22.8601696694766,22.409379363587174,19.879121078790607,23.342504840255422,22.897037617276265,22.42427904549762,22.432670909080652,22.713602017947867,22.8601696694766,22.409379363587174,21.606926409033324,20.383981428316144,19.879121078790607,20.68419200885198,20.4373996011334,20.157469945442532,20.203205337593463,19.65675830624974,19.344718001613227,19.061595655603508,19.37325980929161,19.278913221531063,19.05163580699114,19.27445547939093,19.99396853518598,19.473666842276145,19.41326235023993,19.121550067482247,18.675119747842597,18.496727949267086,18.35212104629865,17.999268266423964,18.50724087063573,2023-11-27,27.44615384615384,24.46923076923077,23.076923076923077,21.292307692307695,test
2023-12-01,22.83248637415311,22.415351652669315,20.43745291802539,19.408583047663818,22.415351652669315,22.68892842351087,22.83248637415311,22.388093922802554,21.593218038719634,20.39063827012375,19.8945441355808,20.681894212600277,20.43745291802539,20.162379530212405,20.206338231895643,19.663341123581517,19.35611988857797,19.078010167237583,19.380444122778837,19.285685532959892,19.062133977186072,19.279819188637983,19.980556172505832,19.468259615577548,19.408583047663818,19.117613927228646,18.676418221606113,18.500508717974995,18.356768328637607,18.003389180814885,18.501434211732278,18.562860643314078,18.190686289884532,17.442484278100732,2023-11-30,27.44615384615384,24.46923076923077,22.861538461538466,21.223076923076924,test
2023-12-07,20.728196632851414,20.247897475642844,19.694489951939744,19.09632004509597,19.927931999109394,20.728196632851414,20.481751098075254,20.202420291072627,20.247897475642844,19.694489951939744,19.381787676088408,19.09632004509597,19.402879273573195,19.306541651743093,19.07819754315717,19.29898617059715,20.006211666562507,19.48558247845127,19.421988492890673,19.127657093281403,18.68116825947773,18.502531377957023,18.35851176104102,17.99878892260459,18.504539176440503,18.565784338227736,18.191183516839356,17.43543799927613,17.496192899019047,17.666220266329354,17.73327863773642,17.74814026475951,17.227416651312975,17.384501256757936,2023-12-06,23.323076923076922,22.200000000000003,21.292307692307695,21.107692307692307,test
2023-12-14,20.040964488215142,19.449251127177728,19.153289420258684,18.203454108292576,19.11740315989695,19.431143351089503,19.329644741755803,19.10021437923188,19.325369717533636,20.040964488215142,19.51360415721677,19.449251127177728,19.153289420258684,18.696232338402563,18.516415542073435,18.371591559555164,18.006314278171747,18.51831967978519,18.58047154748537,18.203454108292576,17.433575446534718,17.496707621483576,17.670534068288994,17.73814565693718,17.753696750945227,17.227160497536023,17.389304575385687,17.477357059466723,17.455111916851727,17.089663253241824,16.287985455617207,16.541764666384797,16.778261391864703,16.41925962331036,2023-12-13,23.72307692307692,22.200000000000003,21.292307692307695,20.838461538461537,test
2023-12-21,19.474768256335302,18.726211374019037,18.40018147931647,17.602637896928112,19.474768256335302,19.178146380291363,18.726211374019037,18.546894165538976,18.40018147931647,18.03398977004944,18.529266799852465,18.587148275171398,18.210728993801784,17.452186957230573,17.511546007104922,17.678139549638242,17.737653316614292,17.747906961595685,17.23069331572569,17.38521777551947,17.47040775733763,17.448919585056284,17.08984123148138,16.300253701742733,16.547247350423632,16.78127379404618,16.427984218281935,16.85150969936798,16.729367234409505,17.401045546243946,17.602637896928112,18.051420037778104,17.657635162761835,16.787292248119126,2023-12-20,23.72307692307692,21.57692307692308,21.138461538461538,20.16923076923077,test
2023-12-28,18.610444533128927,18.278480656678674,17.937586031961136,17.534643740179956,18.610444533128927,18.23395528457487,17.473768355752313,17.534643740179956,17.701381291339743,17.760424908527582,17.768441694308358,17.24511162298933,17.398506475154182,17.48141171574036,17.460301679219352,17.100113284454803,16.30879081066144,16.55334941851913,16.781696240823948,16.426998841907693,16.848836233258744,16.727554755905693,17.399665862518205,17.601215498764592,18.048809051977504,17.65008718594359,16.779258739972704,17.115050691119077,18.453873619282373,18.278480656678674,18.102924686152395,17.934233719226288,17.937586031961136,17.589472274653314,2023-12-27,23.72307692307692,22.815384615384616,21.138461538461538,20.16923076923077,test
2024-01-01,18.48782153215611,18.123473709580388,17.91582179513846,17.510402824956547,17.755709700805003,17.817127803196573,17.827092703901187,17.295032228872113,17.451913615903745,17.53610331853394,17.510402824956547,17.135946316960684,16.32695321124616,16.575445782033025,16.80768911777879,16.444303228793242,16.872586228559832,16.743516851553164,17.421230495138932,17.62461847921264,18.08028557225922,17.673400185541052,16.784409040428287,17.126111485552553,18.48782153215611,18.302811845920143,18.123473709580388,17.952591880435254,17.957959002924007,17.604293679291324,17.186812819836636,17.31381492476902,17.91582179513846,17.10590368856127,2023-12-31,23.72307692307692,22.815384615384616,20.73076923076923,18.96153846153846,test
2024-01-07,18.458369131316463,18.279175913589484,17.93465531691538,17.344486737469154,17.546551425876395,17.18133717405584,16.38453019011005,16.622206747812,16.848098075767894,16.48689513753146,16.90414552790838,16.772238744163893,17.43670836351665,17.630960327411216,18.07129934221289,17.671206103622858,16.795586172366814,17.128823564583552,18.458369131316463,18.279175913589484,18.10023092358163,17.92877015545074,17.93465531691538,17.58573029716574,17.177714520031294,17.30026674143835,17.89452542445852,17.100386579230836,16.853730515251932,16.922690570921247,17.344486737469154,17.33904554661591,17.938760756797347,18.371240161542193,2024-01-06,23.72307692307692,22.815384615384616,20.16923076923077,17.50769230769231,test
2024-01-14,18.490326168779813,18.365140042968697,18.12051315421159,17.898119048230086,16.851202626361665,17.500969546244917,17.68545331931558,18.110011590563683,17.71102894640003,16.846753766063383,17.1689720331716,18.478289747142593,18.29872486342794,18.116308702841877,17.940165119514234,17.940327920299925,17.59419891594924,17.18999927162074,17.316001191530084,17.898119048230086,17.114189688937053,16.86704771248538,16.93221069226225,17.346100290528092,17.340542774736072,17.93847999989557,18.365140042968697,17.907117058374038,18.273776454752472,17.888377641168518,18.490326168779813,18.12051315421159,18.178222190973173,17.969679403723752,2024-01-13,22.815384615384616,21.53076923076923,20.16923076923077,17.861538461538462,test
2024-01-21,19.27748859986484,18.555889827500533,18.437633825166976,17.992324740116082,18.555889827500533,18.36313950964413,18.17512474019495,17.992324740116082,17.992024119141163,17.633511143016957,17.211382058623897,17.331219435707734,17.929249865983557,17.1144436173667,16.856840314485247,16.923387484418296,17.354765105961118,17.346828893540557,17.95721595172361,18.393364605026438,17.917384802052347,18.29806799921284,17.89589705249877,18.522733113084396,18.135757288140976,18.18400650828312,17.959144850693672,18.456166727316717,18.360354565012898,18.437633825166976,17.952838864612097,18.446070088883836,18.976215658128872,19.27748859986484,2024-01-20,22.815384615384616,21.323076923076925,19.5,17.43846153846154,test
2024-01-28,20.136518637132518,19.631731689395956,18.973526565028106,18.353476643266884,17.347096550113292,17.924506362408113,17.136536085330842,16.884008919643172,16.948093814645528,17.359010308648447,17.352296397758742,17.94760242789682,18.37088086903357,17.90938032850717,18.270873921814154,17.887367249901715,18.48806569693862,18.120280788335197,18.17907914516739,17.971164758612932,18.44600902056841,18.353476643266884,18.432939237009975,17.970307509506483,18.449751037287726,18.973526565028106,19.272795716922484,18.74109155100255,19.148698805053424,18.9691792169834,19.631731689395956,19.513962898996333,20.051057639351498,20.136518637132518,2024-01-27,21.830769230769228,21.323076923076925,19.400000000000002,18.00769230769231,test
2024-02-01,20.137494635483144,20.05354198578926,19.637468329825108,18.44575893396957,16.891844337955668,17.3061150642232,17.301169768635127,17.897712622279712,18.324781007158705,17.862807309568833,18.22876769280566,17.85247838367388,18.45958434579283,18.09380705708444,18.15286919017918,17.946891856403816,18.425759272051913,18.335656440585336,18.423827090140616,17.962001853186745,18.44575893396957,18.970066432173574,19.271400634650725,18.736987615794813,19.146642315618127,18.971998026088347,19.637468329825108,19.51861119075611,20.05354198578926,20.137494635483144,19.81698819166866,19.77927586536635,20.12608846259238,20.003366698873396,2024-01-31,21.830769230769228,21.430769230769233,20.95384615384615,18.923076923076927,test
2024-02-07,23.881924651871604,21.839244029445997,20.130156227391698,19.2659365207251,18.188879578753674,17.80941049780036,18.422836438082197,18.059118976003024,18.119309925383515,17.91794975485399,18.40406392061061,18.31632501451345,18.4027991746426,17.947736665748735,18.434392785104027,18.960098546418692,19.2659365207251,18.737635408879733,19.148794502583122,18.970947459477266,19.64196953943372,19.52383123956843,20.05804242226581,20.14414245036289,19.827483252771692,19.78869836160972,20.130156227391698,20.010355386449646,20.40055104235847,20.015525917554235,20.69140056338984,21.839244029445997,22.176768553980132,23.881924651871604,2024-02-06,22.525000000000002,21.46923076923077,21.161538461538463,19.392307692307693,test
2024-02-14,23.95168809486657,21.85978079090653,20.757132504943325,20.03755444456624,18.364620021919453,18.450872078803087,17.977313374945933,18.470244189310534,19.00109151966875,19.307531750140228,18.760022534641216,19.174832632435358,18.988000196062615,19.66544456489978,19.537921337296215,20.076856487659406,20.158359400751642,19.82820579970095,19.78366362957775,20.130391150960687,20.000626989616592,20.396464087263215,19.99762555781353,20.686627808020315,21.85978079090653,22.204615044080782,23.95168809486657,21.504090831606202,20.757132504943325,21.226295734071517,20.84896907467694,20.03755444456624,20.67945222258282,20.23860952094789,2024-02-13,26.75,22.525000000000002,20.95384615384615,19.075000000000003,test
2024-02-21,23.87287275889779,22.158971451797097,21.006710673093185,20.242141962144547,19.12133453287047,18.941740902001083,19.604990511135004,19.486563276049704,20.025377139460993,20.11115133113804,19.793124039999157,19.75466896094544,20.098792550627774,19.971342731360068,20.36556974239788,19.98468356185717,20.664541078371297,21.817973794762693,22.158971451797097,23.87287275889779,21.471308964128134,20.742659066922744,21.209204381904982,20.840885233694582,20.04632484360271,20.675268951039097,20.242141962144547,19.14890046632155,19.033431023324354,19.962746035881764,20.374265739790182,20.506801104047188,21.006710673093185,22.35002602718421,2024-02-20,26.75,22.846153846153847,21.46923076923077,19.400000000000002,test
2024-02-28,23.877958608911722,22.51384927951902,21.820497603772637,20.848717754537866,19.75281542475268,20.09737830342137,19.96826802496889,20.3657930957892,19.98469299189356,20.66754265600929,21.820497603772637,22.16273356121513,23.877958608911722,21.473796144554502,20.74796447005909,21.214663967669757,20.848717754537866,20.052550212317485,20.682592604875417,20.249422604070958,19.153800267228355,19.04099049399922,19.97019483054821,20.383948655471084,20.51479549910154,21.015218700940856,22.358827627089095,22.528555002476455,22.51384927951902,21.694511863391405,22.437812717877016,20.97087595687423,20.929667495484026,21.207494587053432,2024-02-27,30.292307692307695,26.183333333333334,22.384615384615383,20.124999999999996,test
2024-03-01,24.01628071275157,22.574581965994007,22.232291625750964,20.949365520653483,19.9642121928535,20.373871857256102,19.967551997584057,20.672922431599957,21.872919413458995,22.232291625750964,24.01628071275157,21.510470478776682,20.75220663703581,21.231985867451176,20.84694874208078,20.01814783193749,20.67950796639843,20.226489975112173,19.085682841483298,18.96724882843708,19.929580121960996,20.357181684968623,20.494065596836986,21.019557477665355,22.4168112210646,22.592890695507673,22.574581965994007,21.71233391323962,22.480548361981388,20.949365520653483,20.907172776377994,21.19040576304651,21.106518392746985,22.513719199019405,2024-02-29,30.292307692307695,26.38461538461538,22.846153846153847,20.124999999999996,test
2024-03-07,23.985225906373564,23.282385039777722,22.511912543118694,21.222791809880512,23.950170540736156,21.49466937739482,20.753154604878766,21.222791809880512,20.84677736686754,20.034693235585937,20.68033796000064,20.239455822548017,19.12174997650612,19.007441097539825,19.950314915287112,20.371250944513765,20.506302936308614,21.019579648289923,22.39318414333047,22.567315042265296,22.55237046885724,21.70822891540963,22.46442027652073,20.965987381552143,20.92433228207549,21.20751317905628,21.128278544414588,22.511912543118694,22.516187249703947,22.010370054852686,22.24855455088826,22.1242591692298,23.282385039777722,23.985225906373564,2024-03-06,31.784615384615385,30.876923076923074,26.183333333333334,21.692307692307693,test
2024-03-14,24.919617341791717,23.930587631119952,23.16413210154902,22.33093913076842,20.268749281109034,19.206299011337332,19.099495971981362,20.00433053800979,20.41123414865005,20.54728258900261,21.031474130374633,22.33093913076842,22.498770109474545,22.488055165445086,21.69452862197676,22.422683578854745,21.007091063633165,20.966095737752408,21.231060747616706,21.160952371870273,22.484129829497977,22.501029543550914,22.031539311167585,22.271256383807206,22.15440673784756,23.25436964927553,23.930587631119952,24.919617341791717,24.55495789875664,23.16413210154902,22.850513243438545,23.56948166779186,22.985122429246783,23.553867513161606,2024-03-13,31.784615384615385,30.876923076923074,25.74615384615385,21.792307692307695,test
2024-03-21,25.553769127263752,24.977807110656677,24.551229781759446,22.945467795244426,22.32591836278362,22.496436441357652,22.4846865963578,21.67839676342818,22.414034715370185,20.971902110014582,20.931051631108048,21.199693002281595,21.12760879019235,22.4689195511817,22.484299348802395,22.003108198657433,22.240434644948678,22.121695146928506,23.237205156233834,23.922084319808516,24.923617706047857,24.551229781759446,23.134453774829257,22.809915972959406,23.53967229854272,22.945467795244426,23.521522680500826,24.021783282409697,24.977807110656677,24.76657200278536,24.455551164544794,24.98531556485592,25.553769127263752,24.940641183321176,2024-03-20,32.333333333333336,31.52307692307692,26.649999999999995,23.233333333333338,test
2024-03-28,26.132685054758493,25.57021126738019,25.128597493636782,24.481184176483715,21.197237716047198,21.123900795508014,22.456147100298683,22.47653511384581,22.004171076098075,22.246037093438954,22.136450018544213,23.241025159157324,23.918232501795035,24.91442964330149,24.550866524265622,23.15161875758757,22.836395848711888,23.566243334478365,22.976251476591138,23.544183408775897,24.042192615036893,24.992419802469794,24.7851336927426,24.481184176483715,25.010810332967267,25.57021126738019,24.958280574750503,25.128597493636782,26.12847149228705,25.297948391977126,24.9969126112093,25.29429757944636,25.344181409663996,26.132685054758493,2024-03-27,39.59166666666667,32.333333333333336,30.876923076923074,25.22307692307692,test
2024-04-01,26.162164568402197,25.871105199746584,25.298502167809243,24.969806505031492,22.086097919600974,22.32812111674682,22.210574938132215,23.343103407922737,24.024775899964688,25.035498253224887,24.655226654019092,23.201717386693566,22.86938369277685,23.609048895728026,23.003756706364985,23.572612101722736,24.07303622909833,25.039668062120228,24.809120033735983,24.490992434867902,25.028922704942527,25.605141115666665,24.969806505031492,25.13945622900354,26.162164568402197,25.298502167809243,24.988756644613584,25.294073356670953,25.353412506792385,26.157551415410815,25.764007624112534,25.871105199746584,24.809647771712896,25.25978451602412,2024-03-31,39.59166666666667,32.333333333333336,27.608333333333334,23.658333333333335,test
2024-04-07,27.704304590050995,26.41984307562757,26.154840744026234,25.258491003850903,24.724248120739947,23.261474723057514,22.92086461280031,23.656152274017963,23.037051721994654,23.60302155214783,24.098560660535053,25.06995737342217,24.840518365696084,24.514200748143864,25.046516723701316,25.62080050505714,24.9734350853781,25.1374590854398,26.16813258184965,25.302915065692886,24.988409043729387,25.28957051177842,25.34598690889111,26.154840744026234,25.754257665906604,25.864594903397663,24.80315000217121,25.258491003850903,26.34552285859205,26.41984307562757,27.704304590050995,25.995858509420874,26.270597530771372,27.135302883065,2024-04-06,39.59166666666667,32.333333333333336,26.649999999999995,23.658333333333335,test
2024-04-14,27.653329355354376,27.113474464853343,26.322587279720747,25.732178016781344,25.008525078628672,24.79344925095019,24.47780714795562,24.997259397281685,25.56404950083389,24.935905458465434,25.100437492694596,26.11152183554585,25.276966494944332,24.97268533575519,25.26658754053674,25.3283048797889,26.118512067072402,25.732178016781344,25.845672655650173,24.819023531201136,25.263929939488268,26.322587279720747,26.400725557049736,27.653329355354376,25.99158316807669,26.264260150250557,27.113474464853343,25.813428654667337,26.210313022192732,27.3624445092696,25.457970483486402,25.43019342364847,26.462506039002214,26.463226960783643,2024-04-13,39.59166666666667,37.554545454545455,29.681818181818187,24.058333333333337,test
2024-04-21,29.122133966830518,28.59176771371379,27.40992908460244,26.260339549611224,26.09844677493248,25.287934968917597,24.995533254497673,25.285825458340863,25.340840233339073,26.108120740733792,25.731710732041453,25.844560144982918,24.84600960184102,25.28442398355159,26.321017495911832,26.392347873158897,27.61141047941161,25.991167202880504,26.260339549611224,27.093507975108384,25.83037516498308,26.2225289673613,27.343314472863614,25.482919622686783,25.45853923157697,26.47026657600934,26.4765702745359,27.255545260140288,28.026701052918447,28.82650958654655,29.122133966830518,28.59176771371379,27.894462720007528,27.40992908460244,2024-04-20,39.59166666666667,37.554545454545455,29.681818181818187,24.5,test
2024-04-28,29.965998539510764,28.85121606362651,28.045365783945673,27.405414616791802,25.955278658223182,24.961661543374987,25.401685116275242,26.43443599489159,26.50220342897276,27.695498443092205,26.07679370352886,26.335613927337302,27.16033037100912,25.905160271123528,26.29496325074269,27.405414616791802,25.535464047787546,25.50455794458647,26.503236300298216,26.507540289312097,27.286204665316944,28.056248905728374,28.85121606362651,29.129888397858103,28.600171385971418,27.903629371001248,27.42445359128219,28.045365783945673,27.73119106319601,27.64231553956811,27.794810951672627,27.91113736035591,29.965998539510764,28.312436680953194,2024-04-27,37.554545454545455,33.690909090909095,29.449999999999996,24.9,test
2024-05-01,29.98877939985958,28.97366521995878,28.310775597868094,27.70762759408882,26.429359461475876,26.49694063357013,27.70762759408882,26.065561998364373,26.323934678985463,27.158814518625945,25.884696068626877,26.28283183978193,27.407757019849512,25.51262967729707,25.480506465055132,26.489031475531576,26.492031996242844,27.279997150795115,28.063578383437573,28.86852330762756,29.151828415149794,28.613840366701133,27.90343782760304,27.41613543852673,28.044075989480913,27.728282811609,27.63703912734978,27.792391999290903,27.909445059376072,29.98877939985958,28.310775597868094,28.877964850724158,28.97366521995878,27.8387736344317,2024-04-30,37.554545454545455,33.690909090909095,29.449999999999996,25.427272727272726,test
2024-05-07,29.9963524583016,29.25752905457503,28.875050971922963,27.893552856503632,25.804643267231405,26.207038314207747,27.34668533871702,25.42983900991341,25.400866506133866,26.42086019872438,26.424201963547844,27.229816770557203,28.02469661741021,28.84218886799777,29.132480794035146,28.592315050714536,27.872432648544596,27.379475853544932,28.022781717906255,27.703839458538905,27.612860822122382,27.772190686037614,27.893552856503632,29.9963524583016,28.295604250561123,28.875050971922963,28.970302371972217,27.820113989096317,27.778397308257894,28.23939804760083,28.526381667370472,29.25752905457503,29.43948007906869,29.118106227798382,2024-05-06,37.554545454545455,33.690909090909095,30.754545454545454,27.263636363636365,test
2024-05-14,29.989986559263052,29.430586985924823,29.113103226096346,28.513405276980478,27.27320544391731,28.05995849953955,28.87675577781732,29.167498401313452,28.622779896733864,27.902344214239545,27.412178624743838,28.047468998344648,27.729512746534834,27.64529212060068,27.805371764635158,27.9151948657123,29.989986559263052,28.303772778447534,28.876270055440603,28.96929419910717,27.837153279907184,27.799479206639838,28.247259902929322,28.52552268423745,29.249709305933695,29.430586985924823,29.113103226096346,28.513405276980478,29.120948933234498,28.92956746325924,29.554033445450735,28.53488732523229,28.426786431370818,28.41415817666785,2024-05-13,35.981818181818184,32.918181818181814,31.05454545454546,29.190909090909088,test
2024-05-21,30.06596010367631,29.899064049523805,29.368391016537018,28.782205335469442,28.025425858720773,27.71727914265965,27.63974465341442,27.798125008570615,27.91368060309131,29.94123458954026,28.30873723307611,28.859583314438662,28.950235629355298,27.8506911471867,27.814787099500517,28.25762069435957,28.533907356808434,29.24670395580982,29.41436167044951,29.10350651056307,28.520779548939316,29.11165225900268,28.930746763460093,29.54300448514664,28.557261401609274,28.442803158331568,28.42831538878691,28.782205335469442,28.698103412661716,29.368391016537018,29.009848220197384,29.480218833991568,29.899064049523805,30.06596010367631,2024-05-20,35.981818181818184,33.16363636363636,32.0,29.963636363636365,test
2024-05-28,30.47104404506842,30.402205813513557,30.081004143253608,29.13167487096767,28.89081560483672,28.981343233083866,27.893338871343225,27.84998883852273,28.28853934865546,28.56188464954299,29.280846656321348,29.437692285060045,29.129066669288356,28.55339466401864,29.13167487096767,28.95105465032463,29.557796479034035,28.591329385927565,28.46852872308072,28.454478254488137,28.80888373943168,28.718054918142506,29.3829534913584,29.027185424783955,29.506671717908436,29.91407848656689,30.081004143253608,30.094513576736308,30.402205813513557,29.824880502917818,30.201311310992008,30.415409896579323,30.291106403196334,30.47104404506842,2024-05-27,35.36363636363637,32.93636363636364,31.4,30.41818181818182,test
2024-06-01,30.550675024568445,30.439937629626137,30.25721586241219,29.469902084932322,28.21438592142431,28.490522795850477,29.220680413752245,29.378629992421658,29.068139832932857,28.485182374427264,29.07680865106193,28.897263366989648,29.51359278882627,28.531411846927465,28.405637541919397,28.39474758585352,28.757013938345693,28.667921462086404,29.34696206051456,28.98370609437709,29.469902084932322,29.8814214797228,30.05265655871256,30.066436152492166,30.380400652719132,29.794647726141047,30.17362299943614,30.388062946076555,30.25721586241219,30.439937629626137,30.47989712337118,30.550675024568445,30.2159441851552,30.364201943897964,2024-05-31,35.36363636363637,32.93636363636364,31.418181818181814,30.718181818181815,test
2024-06-07,30.77516670580565,30.577862391001673,30.4604660648608,30.208436896816735,29.13254912826038,28.955163900385315,29.5659689629322,28.603943421152458,28.476509688278462,28.462773535742226,28.820530538175664,28.72779944116019,29.393119067696816,29.04127303395469,29.521366648704497,29.92169598669756,30.087057647158023,30.10290277847276,30.406656317011116,29.830338322548783,30.208436896816735,30.422581552153602,30.29123870697889,30.46903055986753,30.51177980240873,30.577862391001673,30.24931181600766,30.401949124072313,30.565158827059662,30.66338872501765,30.77516670580565,30.4604660648608,30.360864544482517,30.422517458499954,2024-06-06,35.36363636363637,33.16363636363636,31.500000000000004,30.936363636363634,test
2024-06-14,31.508529077530508,31.263630597158265,30.7744358656704,30.440176696677636,28.770871849557256,29.43942947447989,29.076089472293837,29.557455189401654,29.95831200986859,30.12318903396583,30.136180495288656,30.440176696677636,29.85505613606907,30.226933456723597,30.43949654482355,30.303964767702595,30.481630855048472,30.522401262255535,30.587698938345742,30.253815533774347,30.399936864082026,30.56301662918388,30.661114747219383,30.7744358656704,30.457017929768668,30.357575334058584,30.419590600904,30.72995483585522,31.064165210469568,31.263630597158265,31.343430369824326,31.508529077530508,31.185058214336653,31.169263722896623,2024-06-13,35.36363636363637,34.027272727272724,32.38181818181818,31.109090909090902,test
2024-06-21,31.628157624186237,31.562066826099755,31.47094792627909,30.745020261096997,30.511295269699822,29.910195853265655,30.281097222685997,30.491337228717345,30.348270974914225,30.527233315694414,30.564350006024224,30.632963971181383,30.288608137972325,30.428413025487632,30.58835247844929,30.685116864391787,30.799238990410128,30.471036328752184,30.37258099989495,30.43519975965055,30.745020261096997,31.08212830416295,31.28470754069613,31.36658259414397,31.53428354645371,31.208457872681823,31.19324502845151,31.323422324357583,31.628157624186237,31.47094792627909,31.509962060280433,31.614335676842074,31.555836893219126,31.562066826099755,2024-06-20,34.25454545454546,33.97272727272727,32.29090909090909,31.418181818181814,test
2024-06-28,32.40136649240235,32.12167424786992,31.78352382269203,31.34782271803566,30.623319336741417,30.272119490904327,30.40987706486111,30.56865144675123,30.66676529187978,30.78196022316196,30.448010219063907,30.348443487128918,30.41007631724052,30.720502958216876,31.05921323906515,31.264947043460033,31.34782271803566,31.51689591969032,31.18722084850203,31.170310404862587,31.298982970488815,31.60520193884082,31.446556545282537,31.4862845220597,31.591453560048258,31.5330232212081,31.538118172531227,31.78352382269203,31.830922227409953,32.12167424786992,32.40136649240235,32.17267392393767,32.06606378031939,31.85664871734024,2024-06-27,34.25454545454546,33.97272727272727,32.627272727272725,32.018181818181816,test
2024-07-01,32.39553594925115,32.120264372252564,31.968338080099247,31.515798903926818,30.57927137860769,30.675594232494603,30.78801291581385,30.459179642486443,30.360039768348656,30.42137372542925,30.729367018861197,31.065432481134877,31.26773761628004,31.348057736347908,31.515798903926818,31.189452722995135,31.17331800981274,31.302015873251644,31.60623495094038,31.449058410679992,31.48711923361908,31.592141400284923,31.53401173969162,31.54000710420857,31.784356019731657,31.833391027729796,32.120264372252564,32.39553594925115,32.17112865285107,32.065571794469264,31.859832634109292,31.968338080099247,32.08322142511662,32.09476758185868,2024-06-30,34.25454545454546,33.97272727272727,32.76363636363636,32.14545454545454,test
2024-07-07,32.568363139502715,32.355022855078445,32.1466505149197,31.840104723089087,30.74843929174405,31.088227032541297,31.294348555673167,31.376963945715634,31.54840342770775,31.213147454949123,31.193021694975783,31.319229035607854,31.625527392918105,31.463890098500055,31.5026413839677,31.60949404911573,31.54757887091893,31.54982766970779,31.794055859317318,31.840104723089087,32.132060248691516,32.41350498239321,32.18492956351546,32.075576434203086,31.862856715393885,31.96971190514836,32.084351310411265,32.096783693887154,32.172580603140396,32.568363139502715,32.355022855078445,32.09302300502445,32.1466505149197,32.27946741555805,2024-07-06,34.25454545454546,33.53636363636364,32.627272727272725,32.3,test
2024-07-14,32.56700093172474,32.36000657767283,32.18983727463031,32.063956018051165,31.369985430082803,31.66677460481967,31.513000881722654,31.547496531240736,31.652700082795917,31.589918375608026,31.591440492993982,31.82832929377356,31.877993894167307,32.15202508400612,32.41506900411946,32.20241003630959,32.09409646785047,31.891792295681995,31.998271844694234,32.112281067003636,32.1216186901379,32.18983727463031,32.56700093172474,32.36000657767283,32.11075141915454,32.16656026964696,32.29740995618778,32.243588449942195,32.063956018051165,31.978001586945673,31.815539307895353,31.971213909242383,32.08370069539705,32.03614318689413,2024-07-13,32.972727272727276,32.76363636363636,32.39090909090909,32.03636363636363,test
2024-07-21,32.574871149717005,32.396041665167935,32.21868782760106,32.10568546003563,31.832206263785285,31.878631020948426,32.1624361912543,32.43535795117706,32.21050156434764,32.100222503320175,31.88879454046458,31.9922085950431,32.10568546003563,32.115930159629215,32.187846066634364,32.574871149717005,32.363504776546215,32.10470778961904,32.157013606257124,32.2893942760279,32.235738582386325,32.052481869209956,31.96136156460136,31.79761949054327,31.959667200952275,32.07201596509856,32.020828110406995,32.03717056881695,32.03846453437139,32.208885396203755,32.21868782760106,32.010800368295484,32.14417890976791,32.396041665167935,2024-07-20,32.972727272727276,32.76363636363636,32.47272727272727,32.00909090909091,test
2024-07-28,32.56892116036102,32.35552297427258,32.2413107945817,32.13388829468954,31.985622107347236,32.09818709019443,32.10805537169301,32.17934581326171,32.56892116036102,32.35552297427258,32.09462870024819,32.14730044638461,32.27916622218782,32.225010172733796,32.0397239940405,31.948241716524755,31.78322663467961,31.946539476651576,32.06012515100407,32.007604610581495,32.02437528843478,32.02534288353832,32.197611036170755,32.20770654063596,31.99884643044674,32.13388829468954,32.386751446075564,32.21885814461719,32.2413107945817,32.311664842740974,32.31570516411124,32.04854282689639,32.08187910718283,32.17815337313854,2024-07-27,33.31818181818182,32.57272727272727,32.381818181818176,32.00909090909091,test
2024-08-01,32.59220314532355,32.37916324444415,32.25949877978453,32.11919452425332,32.59220314532355,32.37916324444415,32.11919452425332,32.17266156784222,32.304357634994915,32.24931857587414,32.063791011592805,31.972497081511957,31.807256854920094,31.969430175330928,32.08328572197631,32.03113158633198,32.04657710088184,32.046455221510016,32.21781211812616,32.22700633438934,32.01862118990537,32.15399626166028,32.40617910847267,32.23795205450776,32.25949877978453,32.32965214754888,32.333125246827535,32.06698953983164,32.10138420474784,32.19791396642068,32.028168886364185,32.02214822984016,31.841841573792358,31.66819240939272,2024-07-31,33.31818181818182,32.47272727272727,32.32727272727273,31.927272727272726,test
2024-08-07,32.39997330217489,32.325539709580546,32.21214705227218,32.042299117470066,32.05793486728004,31.968265292348644,31.80418735252602,31.96424907289426,32.07753958365245,32.02708567589995,32.04258779656979,32.042299117470066,32.21214705227218,32.22050834644773,32.01511870366564,32.14987798684445,32.39997330217489,32.234349458561724,32.255538278956394,32.325539709580546,32.32822542077061,32.06574470430298,32.10067970660465,32.19692357046647,32.02949934725522,32.0231123780348,31.845496742242318,31.672886024888278,31.741835771051385,31.654089447457498,31.792084644902427,31.728297299949418,31.715444683780433,31.558475375979818,2024-08-06,33.31818181818182,32.47272727272727,32.199999999999996,31.781818181818178,test
2024-08-14,32.38474983948375,32.313438452871594,32.19017363040905,31.99080883664894,32.0142843066448,32.19017363040905,32.202900049671136,31.99080883664894,32.12716463335181,32.38474983948375,32.21567510048348,32.24122447251873,32.313438452871594,32.319981814481615,32.04840674772201,32.08099597831044,32.17885844671696,32.00761310494812,32.00435087842883,31.819889151416678,31.644777790686195,31.716597379406117,31.62228435242358,31.76372238076945,31.70030392168859,31.69095153469855,31.52862194926539,31.485348221634773,31.403536213062917,31.389015453216924,31.61107149350696,31.57663314487711,31.844785657523513,31.322356041631824,2024-08-13,33.418181818181814,32.52727272727273,32.25454545454546,31.718181818181822,test
2024-08-21,32.32029350316112,32.243348803669114,32.01329506159754,31.652529633702887,32.243348803669114,32.31528602065311,32.32029350316112,32.05212548161534,32.08615490488309,32.18406010324271,32.01329506159754,32.00938352074654,31.827312140237677,31.652529633702887,31.72433946628152,31.632662909940002,31.773580189667374,31.709375037708877,31.69917707889022,31.53870248839312,31.4940785356955,31.41336995035279,31.400239744344223,31.620491909454614,31.584477244667635,31.848514828370853,31.3310104612142,30.9848893618879,30.801748131352454,31.240664189123954,31.24524984023934,31.390437965517933,31.356339106843077,31.05655482300539,2024-08-20,33.418181818181814,32.52727272727273,31.87272727272727,31.436363636363634,test
2024-08-28,32.00098590919445,31.826572745232898,31.69615098702746,31.40246335768327,32.00098590919445,31.826572745232898,31.65405876253372,31.722906021603997,31.63692621476983,31.77596665422246,31.710832662186693,31.69615098702746,31.541529711782683,31.493759918418586,31.4137589821876,31.40246335768327,31.616928044965366,31.57773458891165,31.82709942363798,31.325766005162443,30.985101364485143,30.804929839483684,31.23011073789499,31.235116428306483,31.370640649655662,31.331085393301116,31.040160057630004,30.569152176624375,30.69122606230908,30.74871746850441,30.33312979475883,30.186164500792042,30.326524112032054,30.326293259132367,2024-08-27,33.418181818181814,31.75454545454545,31.527272727272734,31.03636363636364,test
2024-09-01,31.83952470887777,31.711193646926297,31.58416570301985,31.24529450490365,31.635357550656597,31.77599571112242,31.711193646926297,31.69792719651081,31.54122574034689,31.495229346811623,31.415231243703417,31.403993997761685,31.621927564500318,31.58416570301985,31.83952470887777,31.331568210563002,30.988855575076997,30.807636328344532,31.23968789327869,31.24529450490365,31.38497370978397,31.347153502572343,31.052643865569426,30.57747094201973,30.70269882967325,30.76123929304391,30.33956760757478,30.19205481712498,30.336252754974023,30.336146861469672,30.300213190763117,30.29209005121105,30.312959343743593,30.080308457265122,2024-08-31,33.418181818181814,31.75454545454545,31.490909090909096,30.69090909090909,test
2024-09-07,31.83696376383161,31.590997744960173,31.348553087405218,30.772745687641283,31.423972332912115,31.415333690995812,31.630678562523748,31.590997744960173,31.83696376383161,31.34093782389375,31.002113941650762,30.824374419831152,31.24883357306549,31.256186595283438,31.389636383964184,31.348553087405218,31.0608828396351,30.592196787077224,30.713797251082728,30.772745687641283,30.362046797218692,30.214462020183817,30.35118933239218,30.35126157248417,30.311978571390775,30.303121004344543,30.32519938947922,30.09932015865775,30.835580652478814,30.755973565083384,29.82895808349805,29.33437534155172,28.970591879334386,28.915709513350816,2024-09-06,33.418181818181814,31.75454545454545,31.154545454545453,29.94545454545455,test
2024-09-14,31.39021285774267,31.247566594326575,30.80403066494925,30.316260264944663,30.80403066494925,31.241497326354683,31.247566594326575,31.39021285774267,31.354830092366136,31.059905315344256,30.580144664046944,30.707793054703583,30.766248546472028,30.338745402014457,30.189687501724016,30.337955980506596,30.340522894840817,30.304992932944746,30.296735488231267,30.316260264944663,30.079562411486823,30.845671096462905,30.769204661985924,29.810670609348534,29.303009295086753,28.926758132640035,28.866456017003273,29.378928624208072,29.38540553338768,29.684220114575794,29.343093893725346,29.042611787322308,29.009976877619472,29.460237942525897,2024-09-13,31.154545454545453,30.4,29.981818181818184,29.227272727272727,test
2024-09-21,30.817992714380754,30.74168828098039,30.323340272332118,29.700338548252045,30.685755131397837,30.744169661125454,30.329826422432244,30.182446575251166,30.323340272332118,30.32669291482686,30.291537684174866,30.28231338606004,30.30441239363141,30.07645485400698,30.817992714380754,30.74168828098039,29.8131958849781,29.320295469091256,28.95406931835701,28.898442228383587,29.396724651867004,29.400452351666008,29.68711078737472,29.35623451894491,29.062743235471274,29.028097798577353,29.46585507847102,29.700338548252045,28.833220057497623,29.041364737557053,30.148573948660275,29.630818339253967,28.748862052147214,28.521050581634416,2024-09-20,30.4,30.027272727272727,29.527272727272727,28.863636363636363,test
2024-09-28,30.808674423720547,30.289449084035894,29.80245898502396,29.3096144387773,30.267219855837766,30.289449084035894,30.061672187699916,30.808674423720547,30.733576964493786,29.80245898502396,29.3096144387773,28.941942085764843,28.88642942668663,29.3879902069557,29.394278519185928,29.683550314748466,29.352289608705874,29.0593942239897,29.02428292760089,29.46370610942145,29.699910494879575,28.83130438068772,29.04116195663306,30.15316036821745,29.63448883505567,28.74806123060399,28.518665348708765,29.25656995049057,29.297729728158583,28.72399666406937,28.12926823609787,28.027573637216282,27.72626579569535,27.689195219414398,2024-09-27,30.027272727272727,29.563636363636363,28.89090909090909,28.427272727272726,test
2024-10-01,30.817939283867435,30.177582104401544,29.652090883218904,29.047092803511504,30.817939283867435,30.7443830748763,29.792234342945324,29.291726452959274,28.916852907536917,28.858140113699683,29.37056717939224,29.380904679099075,29.68051192160999,29.342479399564525,29.047092803511504,29.013051321063568,29.461318120442368,29.703071872913174,28.819278912378817,29.038474980301075,30.177582104401544,29.652090883218904,28.748075986405492,28.51302821254404,29.268760160126,29.316318892158687,28.734697071222094,28.128665297655562,28.030308902843792,27.72536419675333,27.687539908357305,26.9688058106444,26.742255561941388,26.637907436387746,2024-09-30,29.581818181818186,29.227272727272727,28.890909090909087,27.999999999999996,test
2024-10-07,30.12442796536874,29.632272468630106,29.334732078555824,28.72362246551679,29.334732078555824,29.34080057823688,29.632272468630106,29.3048221867031,29.014643808639402,28.982351517306274,29.424209638937516,29.663303253512627,28.794523780640645,29.007060871085283,30.12442796536874,29.60826592779325,28.72362246551679,28.495531878054347,29.236000536679978,29.27681323069888,28.70389080553302,28.111684507756063,28.01142138768465,27.710881916237113,27.673698203764385,26.969393112891126,26.74003961613464,26.63227462640518,26.932281359043603,26.665534016548218,26.42484495063644,26.562687020676506,26.495264876296275,25.960861582875378,2024-10-06,29.581818181818186,29.227272727272727,28.890909090909087,27.763636363636362,test
2024-10-14,30.12458896452203,29.60811015782113,28.78276882212637,26.97031761624497,29.65478002546479,28.78276882212637,28.998515134186714,30.12458896452203,29.60811015782113,28.719662722266413,28.49081172645615,29.237855330230175,29.28300275594915,28.708188354079677,28.112593988792778,28.015399793797037,27.71549661801791,27.678914802505837,26.97031761624497,26.742931827681215,26.63618557300571,26.93873988895576,26.673089078976385,26.432652585363815,26.571506715101208,26.50357644607019,25.96797305839665,25.71504335581833,25.89380485188821,25.839824589656235,26.18713677587879,25.789856596988873,25.50364040126335,25.443624014279322,2024-10-13,29.581818181818186,29.136363636363637,28.400000000000002,27.05454545454545,test
2024-10-21,29.219197989170862,28.654919043862,27.647558186997077,26.416744794832866,29.178810679903634,29.219197989170862,28.654919043862,28.075244558031603,27.975895520368248,27.68104321085907,27.647558186997077,26.961036000236835,26.737708975594213,26.626755409702298,26.916759380850216,26.654209132624583,26.416744794832866,26.552827013320286,26.486235051158676,25.963930900907922,25.7107834660247,25.880167527163586,25.821725112349775,26.15243302429191,25.768375997726128,25.48935635525774,25.426452381539566,25.16833707612671,25.140055850444035,24.221424173225806,24.165619327878606,24.207008620857078,24.690360189596394,24.07644480576348,2024-10-20,29.563636363636363,28.89090909090909,27.70909090909091,25.61818181818182,test
2024-10-28,26.910790458023275,26.68778705081474,26.475687293242732,25.496192857643614,26.910790458023275,26.68778705081474,26.58522848145594,26.89302408545116,26.634455695035264,26.39862211937174,26.544545733483787,26.475687293242732,25.943813095458847,25.694183234540812,25.876855281118825,25.82875139568381,26.179698647987355,25.786284685801196,25.496192857643614,25.43791348084743,25.181366969535073,25.15770179514071,24.21785640644345,24.16709748202971,24.21200827016662,24.708892095598124,24.079041724019977,23.13942132261117,22.71853059788412,22.629626248890037,22.169067739782495,22.866002015853336,23.348451645563024,23.527100869310036,2024-10-27,28.990909090909096,28.400000000000002,26.663636363636364,24.545454545454547,test
2024-11-01,26.62247587257075,26.46452699375672,25.86320659358584,24.699737338140224,26.62247587257075,26.38708815925341,26.531447425397428,26.46452699375672,25.93265016626362,25.682464881232296,25.86320659358584,25.815618054736728,26.16320354604395,25.772423388158938,25.48617634805362,25.42481764053426,25.168022145870445,25.144107790420165,24.21129302403729,24.160142476077954,24.20461766955175,24.699737338140224,24.07082559584974,23.13571813924439,22.717255627965574,22.62912256942206,22.170859859753037,22.8624477263101,23.342948021886883,23.51647012275388,23.36483431605745,23.06626196619148,22.51146788643107,22.570973763251963,2024-10-31,28.490909090909096,27.70909090909091,26.409090909090914,23.94545454545454,test
2024-11-07,26.165889205912457,25.82248102887348,25.175197659792467,23.369641452776733,25.86968670859349,25.82248102887348,26.165889205912457,25.77405169082093,25.488857214168107,25.428107031575454,25.175197659792467,25.147977722871786,24.221982890617376,24.16960465260289,24.210003921229625,24.700666201427342,24.076439866045774,23.150057407994566,22.73107975573521,22.64370053542363,22.18704204745617,22.869853996144208,23.345895466551802,23.51826499546184,23.369641452776733,23.069563897745567,22.518711252087748,22.575997791372522,22.931827848642627,23.023816703062163,22.498552621349223,21.692766211221027,20.66861959564138,20.085202136473864,2024-11-06,27.6,26.663636363636364,24.545454545454547,22.499999999999996,test
2024-11-14,25.130383283418574,24.208654153469947,23.496291347482774,22.722607312039738,25.130383283418574,24.208654153469947,24.154075324153695,24.19418522116176,24.677197034296416,24.057076892297506,23.135978852319877,22.722607312039738,22.633561514105025,22.178337751627527,22.856441559254943,23.32545468684206,23.496291347482774,23.347425970317314,23.05245510248412,22.503867577205884,22.55894423095985,22.912828382630526,23.000925187116348,22.479610627091294,21.67868494150795,20.66519440386145,20.084202555636825,20.8699084789936,20.735187206797075,20.428081229509996,20.361683319630714,19.794658645156087,19.618541928879466,19.241022661553,2024-11-13,26.409090909090914,24.545454545454547,23.372727272727275,21.44,test
2024-11-21,23.48076748447997,23.304233977160205,22.828293349744378,20.868980439696905,22.68006166685453,22.596230360845517,22.13732615007973,22.828293349744378,23.304233977160205,23.48076748447997,23.339249995986574,23.042757305711234,22.493625729076516,22.55366291057829,22.916234573125198,23.005981502959635,22.480143222823383,21.676698619660463,20.650572704709557,20.068032979562556,20.868980439696905,20.734651459963615,20.422135723343807,20.356823954159584,19.789442554110938,19.61186385905545,19.234360241114803,19.572666648539734,19.58000339037507,19.316668309725156,19.41764296711356,20.034991547559127,19.665198004537068,19.49900892263499,2024-11-20,26.409090909090914,23.372727272727275,21.700000000000003,20.654545454545453,test
2024-11-28,22.963173523194886,22.82778505632769,21.614372984654224,19.782598318697712,22.963173523194886,22.428439912780107,22.482943086513043,22.82778505632769,22.90875037486989,22.394784562955714,21.614372984654224,20.62854835469552,20.064907500810065,20.839611190504247,20.706129972284316,20.399908107117586,20.33336671479263,19.782598318697712,19.618724371186808,19.253644385547375,19.580145006199984,19.58290434021225,19.32296917595411,19.41567782770065,20.009604014832643,19.657397953923798,19.494384502254317,19.276248430729392,18.962233410464563,18.7487493652169,18.51179085510674,18.138778305496096,18.72017037240649,18.67234620348194,2024-11-27,23.372727272727275,22.37,21.518181818181816,20.563636363636366,test
2024-12-01,22.880399617131616,22.36486462975652,20.58635866122294,19.570284237217322,22.797219215165303,22.880399617131616,22.36486462975652,21.5812838432156,20.58635866122294,20.021544447970392,20.80690005323242,20.677727596321777,20.372100134621924,20.308944981491415,19.757946105094106,19.5924724557316,19.228370932244946,19.562128979235666,19.570284237217322,19.31102559439697,19.407860081079846,20.0100728957123,19.653705822298893,19.492087670016417,19.27537378955247,18.962633342494165,18.748552480690226,18.511309008311734,18.136943202214653,18.719997538374027,18.67275486129554,18.382745112216703,17.787137649765427,17.792293099306313,2024-11-30,23.372727272727275,22.37,21.518181818181816,20.563636363636366,test
2024-12-07,20.797339730762502,20.362853631288942,19.65637706389527,19.232306176056966,20.797339730762502,20.666032707360287,20.362853631288942,20.30279251326056,19.755374634188605,19.592826227881588,19.232306176056966,19.562632345091707,19.567974422225575,19.310747173096093,19.409582646349175,20.00955057598746,19.65637706389527,19.49668385085592,19.27827944598948,18.96334229275276,18.75017646129615,18.515556219831463,18.142547814918153,18.723566932040637,18.676890346955897,18.384773310722604,17.787614123790455,17.792115341924355,17.71553890947654,17.743627352800164,17.886131976659957,17.89773404846818,17.39717751824148,17.694543476353687,2024-12-06,23.372727272727275,21.700000000000003,21.219999999999995,19.963636363636365,test
2024-12-14,20.050278709557524,19.607417186386545,19.348582458665046,18.160179084811606,19.602475660693436,19.607417186386545,19.348582458665046,19.448347106466326,20.050278709557524,19.692353713205566,19.530954156740627,19.30867061796024,18.990009637882594,18.77454745624032,18.537983374196155,18.160179084811606,18.742379063298905,18.69484785200119,18.39873913756985,17.796617664992716,17.801048646149834,17.72454603630865,17.751587552668745,17.893668704052306,17.906125188502813,17.401589614984083,17.701198377358367,17.840635621042075,17.653160672403434,17.190724361232203,16.543871346189714,16.769491800210123,16.952673366771997,16.77677498437606,2024-12-13,21.654545454545453,21.20909090909091,20.525000000000002,19.054545454545455,test
2024-12-21,19.302387619179402,18.772633279938486,18.388184975246478,17.74262084272421,19.302387619179402,18.98611988133702,18.772633279938486,18.53617217739487,18.159534212130048,18.73547947892521,18.682732759403212,18.388184975246478,17.790976844063493,17.795450382261386,17.717781960696815,17.74262084272421,17.88286948357139,17.89010940618094,17.389681640923783,17.686769501137714,17.825864889136938,17.63914846992093,17.17993067970501,16.539428652119682,16.758938600909396,16.941030630591325,16.767966369765766,17.21089475692922,16.92606426599867,17.404084079994274,17.664739649471056,18.063323617771147,17.665790192271793,17.01514303279061,2024-12-20,21.845454545454544,21.290909090909093,20.525000000000002,18.90909090909091,test
2024-12-28,18.42495433142658,18.13145801429098,17.89162442295649,17.696219138972367,18.397060640583252,17.804900335246344,17.810176208802478,17.72995837113064,17.756703884487987,17.89162442295649,17.893390026528245,17.40205428079757,17.696219138972367,17.835504015051534,17.647995748357346,17.196066872872606,16.55847577546911,16.771165456673003,16.956444274443275,16.785622642083005,17.22639849648185,16.942247075876693,17.418984214455655,17.67425361531424,18.064602184232776,17.67606966718631,17.032414855062125,17.39057419874342,18.42495433142658,18.13145801429098,18.04375117584217,17.87588706943912,17.85288100840759,17.68555974607379,2024-12-27,21.845454545454544,21.15833333333333,20.525000000000002,18.908333333333335,test
2025-01-01,18.415692284833614,18.054221618742623,17.849887287868082,17.65874126355477,17.71480143171074,17.849887287868082,17.851713728716597,17.361203765991938,17.65874126355477,17.796821489460353,17.61371684586993,17.16951885321161,16.539580587218452,16.75253998670207,16.935224321409812,16.772115729184403,17.210231311979946,16.931497421974726,17.4093453517304,17.66555901592299,18.054221618742623,17.666177493776768,17.032336440306157,17.386934177466962,18.415692284833614,18.12695807822944,18.040716529800694,17.87316819821759,17.846091990861414,17.683286250601437,17.36939913855004,17.31223251198416,17.72170131092348,17.085758235678377,2024-12-31,22.583333333333332,21.290909090909093,20.65,19.145454545454545,test
2025-01-07,18.42387691349661,18.132558801615453,17.87656610881071,17.43433791919334,17.629641906679417,17.1824307130953,16.547854963753867,16.76255602832737,16.945869223096818,16.782399713894147,17.220110281043205,16.937673646208246,17.417820062393346,17.674608375791564,18.0656386785036,17.674029534733645,17.03645922215212,17.39002327594364,18.42387691349661,18.132558801615453,18.044971595247276,17.87656610881071,17.848917812531496,17.686193878909236,17.367550809854336,17.309015901721388,17.72134962721909,17.081185728463495,16.851215649007813,16.88897512723709,17.43433791919334,17.491636756975982,17.877784285710874,18.156859025325932,2025-01-06,22.583333333333332,21.290909090909093,20.616666666666664,19.075,test
2025-01-14,18.531245746318778,18.267538077047494,18.145705773269825,17.799265267651002,16.985797465163955,17.464514475022316,17.720245914182176,18.107934585874244,17.71023150414097,17.069754870101722,17.42190081762395,18.44868526849397,18.154255543471262,18.06428248290135,17.891727272224962,17.857443042879755,17.691723358134013,17.372304438260873,17.307883762514084,17.718286095784244,17.077581126866473,16.84551825646886,16.878942079673322,17.42367531882138,17.482795531204008,17.865729008237622,18.145705773269825,17.819276928225285,18.167414816231496,17.799265267651002,18.531245746318778,18.267538077047494,18.164421079836448,17.869572567882784,2025-01-13,22.583333333333332,21.15833333333333,20.058333333333334,18.883333333333336,test
2025-01-21,19.191912713459914,18.68779569413005,18.4147590318301,18.110172561218093,18.505198910304948,18.205363059373244,18.110172561218093,17.93247264015223,17.894926600626697,17.72425777899116,17.398261711906695,17.333589718570305,17.743060485813483,17.092111344885076,16.854132707497765,16.88490281034533,17.430716965959235,17.487009256525507,17.874285074881058,18.153636811973534,17.820993563096355,18.169516214677145,17.7974057910503,18.53387634680705,18.266757813451935,18.166093637886412,17.867964016546512,18.417047861858435,18.349904097482558,18.4147590318301,18.16389262137628,18.68779569413005,19.01990547996916,19.191912713459914,2025-01-20,22.583333333333332,20.908333333333335,19.575,18.816666666666666,test
2025-01-28,20.080823128382885,19.7867695178347,19.010475340047353,18.26441880180762,17.361253095160674,17.760649874149074,17.119245378759928,16.881731646575293,16.911248880329538,17.44890508807348,17.505323603663197,17.88374121689138,18.154217034791582,17.826246426800456,18.16686952187767,17.799578508994735,18.525829802867413,18.26441880180762,18.16311562524931,17.86587049532218,18.40881630813116,18.34164663466111,18.407185834592564,18.16236628824665,18.682939114328335,19.010475340047353,19.178845661115453,18.79498196027233,19.18320522917753,19.005153697172194,19.7867695178347,19.750380041610683,20.080823128382885,20.04280688383087,2025-01-27,22.583333333333332,20.908333333333335,19.083333333333332,17.116666666666667,test
2025-02-01,20.169752041187902,20.091045378351076,19.794872274184346,18.562451374444294,16.95468209145179,17.49442457113351,17.54931635575599,17.930814617177976,18.202779773261405,17.872140644349237,18.209606340727767,17.83482967607237,18.562451374444294,18.295411655493755,18.19220658418225,17.891139605647506,18.436756872860162,18.36291887088999,18.423831075423795,18.17348949841144,18.694451007702263,19.023869536479182,19.19274607318258,18.806131224359685,19.192412728254887,19.009620970054,19.794872274184346,19.756753743117088,20.091045378351076,20.054014816310445,19.8582612229732,19.825946933155443,20.116954097000445,20.169752041187902,2025-01-31,21.600000000000005,19.575,18.866666666666667,17.116666666666667,test
2025-02-07,23.57079252573889,21.72154677775617,20.118343960471353,19.188519078397995,18.203574730415397,17.833518169049828,18.555881632120226,18.290772131231282,18.188773505486626,17.887944337195442,18.42740513864721,18.357679767751403,18.42063552266466,18.174071793199264,18.691385126013465,19.019348291030823,19.18544831687632,18.801201608587252,19.188519078397995,19.010421242635125,19.791404059918374,19.754664243639105,20.087730254851483,20.049761260977256,19.85479273854257,19.826837379957027,20.118343960471353,20.17253564764082,20.595530229439962,20.085050431127254,20.582061196703258,21.72154677775617,22.035143151435687,23.57079252573889,2025-02-06,21.600000000000005,20.299999999999997,19.672727272727272,17.384615384615383,test
2025-02-14,23.5724401393457,21.725399070338852,20.760297975710046,20.088051873864828,18.27684222282842,18.344740886603507,18.099515333310332,18.62281245450688,18.95677587294884,19.126189230608368,18.75041140810528,19.141476968737727,18.97102041286597,19.753986934374417,19.724935353819617,20.064402938700955,20.02969824517715,19.842058193878024,19.816750927763763,20.113249234421424,20.167576683803883,20.59465958811252,20.088051873864828,20.583994277750442,21.725399070338852,22.037226832085338,23.5724401393457,21.553822836005107,20.956181738024092,21.21786946648882,20.760297975710046,20.131764193738704,20.708214552201603,20.295719301545443,2025-02-13,29.684615384615384,27.6,20.43076923076923,19.575,test
2025-02-21,23.553423637020046,22.021569108273262,21.073371645973996,20.29091480784957,19.138325089865514,18.97221570471309,19.751997875410723,19.723918891763393,20.06348847565685,20.025226944690374,19.83788669542513,19.811384463532427,20.109935137275023,20.163965626339927,20.58981361407068,20.08675455729309,20.576671112404537,21.712493375139072,22.021569108273262,23.553423637020046,21.543452599605484,20.949034716789846,21.21102616190431,20.751667542741178,20.125360240484227,20.69811500876823,20.29091480784957,19.47137583549774,19.439375909277892,20.128689994972586,20.384524097469093,20.607304940766433,21.073371645973996,22.284507161053515,2025-02-20,30.653846153846153,29.684615384615384,27.05384615384616,19.84615384615385,test
2025-02-28,23.5134407877778,22.630390978488375,21.79894252182078,20.894358154620694,19.671923427982783,19.97734333087889,20.034200124112985,20.47080789233466,19.97192281699899,20.478719410847013,21.637857874468583,21.9564077319909,23.5134407877778,21.48696158428291,20.894358154620694,21.170158474228295,20.71712654451692,20.093407316674135,20.676225545160925,20.26935062490794,19.442166761953512,19.413047085364997,20.115028958174626,20.37867352119679,20.60659512262116,21.07443563105089,22.296606546389313,22.630390978488375,22.694048190293252,21.79894252182078,22.36612987436911,21.133742863208244,21.10681752544595,21.353964540988116,2025-02-27,33.53846153846154,30.653846153846153,27.823076923076925,20.43076923076923,test
2025-03-01,23.492350326620645,22.622812788938276,21.798175456166398,21.073936051181573,19.97436270069958,20.03224182331739,20.467176848815388,19.97212744560008,20.47588806647819,21.628436354341975,21.943336184282472,23.492350326620645,21.480415636792383,20.892695744095334,21.166988930030374,20.717000051829167,20.098193543499324,20.675386263345125,20.273213462437774,19.452477397253155,19.424364214792448,20.121902740631022,20.383780606250195,20.610960394208547,21.073936051181573,22.290128984984026,22.622812788938276,22.687012263819668,21.798175456166398,22.361829453311074,21.13858869827878,21.110357185440765,21.35827274488286,21.466863286236062,2025-02-28,33.53846153846154,30.653846153846153,27.823076923076925,20.43076923076923,test
2025-03-07,23.514451609166574,22.786909764105445,22.400358308538568,21.46277179684464,21.94771363217117,23.514451609166574,21.47700364560827,20.881800088664683,21.160954419303017,20.705794284524114,20.078574150999412,20.666715560213493,20.257638372940377,19.427775603157585,19.40000065261885,20.108152534566003,20.37412009253979,20.603630436704385,21.075419954669975,22.30507559135581,22.642661861829644,22.707087320474777,21.806529606909525,22.37659657678062,21.134892988694478,21.107215065333744,21.354041966742535,21.46277179684464,22.786909764105445,22.649444343094213,22.07943962050451,22.400358308538568,22.294729655997436,23.32643000025767,2025-03-06,33.53846153846154,30.653846153846153,29.453846153846158,22.892307692307693,test
2025-03-14,25.128564529002624,24.13492655390466,23.103311170940486,22.321795409103743,20.691718534861003,20.290969145872726,19.473608123117216,19.44858924734669,20.150723337633128,20.420054758072855,20.650950991925704,21.101865578003387,22.321795409103743,22.658653262075557,22.723522396514678,21.831857277872814,22.401187201055702,21.17478065382548,21.13060665132777,21.377164911544725,21.487289622900487,22.799293271412832,22.66334727852526,22.10453885198857,22.42577167297111,22.305297144851185,23.329877375459347,24.13492655390466,25.128564529002624,24.630052169842596,23.20275100640215,23.001128716249195,23.661319452663772,23.103311170940486,2025-03-13,33.53846153846154,30.653846153846153,29.684615384615384,23.26923076923076,test
2025-03-21,25.551138608842848,25.05649838389924,24.580191142898663,23.032209663135976,21.222209548305344,22.38248367974344,22.70846487221379,22.768826818927423,21.906486608355685,22.43610967403552,21.258092029671065,21.220617808883382,21.451566580443803,21.562992373678693,22.818653197666112,22.682767471701755,22.138863916338643,22.445740296909726,22.341364776763385,23.322426839269998,24.104750017932275,25.06277057710316,24.58689782601469,23.21915350271544,23.032209663135976,23.679546692964458,23.152684539274347,23.840808053612843,24.357744647929344,25.05649838389924,24.754526911080262,24.580191142898663,25.051192709591536,25.551138608842848,2025-03-20,33.53846153846154,31.215384615384615,27.969230769230766,22.869230769230764,test
2025-03-28,26.158506737896207,25.424431048632297,25.185291077602393,24.36736297346062,21.22408522816209,21.458316388787487,21.572826214441868,22.834510020384975,22.702547986529982,22.163158591184892,22.47741904703762,22.355113691888292,23.338605491943436,24.122921974832394,25.08435208369294,24.609700497121324,23.243066357352298,23.060671304541295,23.689228343863196,23.160716095865883,23.849070851342912,24.36736297346062,25.067962220791124,24.76783519319052,24.597489668518485,25.04916152156613,25.54900460585054,25.185291077602393,25.412376976443987,26.158506737896207,25.302641272047634,25.135441592783405,25.379866334430993,25.424431048632297,2025-03-27,34.5923076923077,33.53846153846154,28.907692307692304,23.45384615384615,test
2025-04-01,26.29916814479539,26.04290176773605,25.41255814681023,24.965628374475074,22.74530056536919,22.21264539834866,22.52371105284814,22.413562197817825,23.370872944911017,24.14512117866738,25.099873376176266,24.625492635491707,23.274930334719276,23.094481588754178,23.723899469985177,23.188457644803897,23.867340453017793,24.384493661195293,25.06955060290606,24.77143307117561,24.60336395403724,25.059023413732202,25.539185022331896,25.18130086288956,25.41255814681023,26.1441036025459,25.299365771061982,25.13616001424981,25.389141447560327,25.421908010950016,26.29916814479539,26.04290176773605,25.983716467871325,24.965628374475074,2025-03-31,36.361538461538466,34.41538461538461,28.907692307692304,23.292307692307695,test
2025-04-07,27.704719924556205,26.402975505893206,26.154943511643637,25.298203522925295,25.134525574096386,24.662538247795297,23.295959427539405,23.111509536408104,23.73976161823882,23.197398981905035,23.884075828164008,24.39623432990927,25.08977944553141,24.78140869709124,24.60948726029775,25.063339153731263,25.542918088368676,25.18777869455489,25.41344628140617,26.154943511643637,25.298203522925295,25.132630400614666,25.384191586760792,25.415418818359562,26.303996999634947,26.040933850628406,25.988716044073357,24.959043834861056,25.448833414375393,26.369697624713545,26.412175900647416,27.704719924556205,26.317160086251267,26.402975505893206,2025-04-06,36.361538461538466,34.41538461538461,27.72307692307692,23.52307692307692,test
2025-04-14,27.730613593833567,27.03964704273477,26.374962995381626,25.847341220536592,24.34991399595052,25.06208072853098,24.745755482674806,24.564484735772016,25.02726262093045,25.516621622172227,25.154194728997954,25.385482141612567,26.14928263745499,25.277922695803575,25.105215674132122,25.363980442723374,25.398675139270054,26.301502856877345,26.036099297008096,25.992638920066387,24.94473661896602,25.437222081079778,26.374962995381626,26.41922039977566,27.730613593833567,26.319492279496462,26.413822346668987,27.03964704273477,25.967549942521455,26.310153953663512,27.312524873263918,25.79805483507917,25.847341220536592,26.620737547410847,2025-04-13,36.361538461538466,34.41538461538461,30.423076923076927,25.184615384615388,test
2025-04-21,29.137541042968902,28.6778068067503,27.30904783057013,26.316949213885863,25.3816136944364,26.142219291128992,25.279617889091835,25.114463460341714,25.37472050024645,25.405955421454212,26.301528717823317,26.03454164271721,25.991909271101864,24.952943587501995,25.44804469907315,26.382294971453877,26.42224862799419,27.723177421483424,26.316828486513074,26.410602391521955,27.03470726812715,25.974434670179534,26.316949213885863,27.30904783057013,25.801341247513996,25.846574218565102,26.615450507811172,26.48581221242202,27.2864882988934,27.975752094186504,28.6778068067503,29.137541042968902,28.725810903451222,27.94237971563263,2025-04-20,40.06923076923077,34.5923076923077,30.423076923076927,25.323076923076925,test
2025-04-28,29.905469992388685,28.72143429201643,27.966697147890596,27.27406237238245,26.040152332982014,26.00542798708913,24.95926882147772,25.444265044876282,26.381266734973188,26.418899103758324,27.724900100248355,26.309123087528345,26.411894014380664,27.039034852112355,25.960179372971613,26.302777167108744,27.299081014708,25.781030420217252,25.826501289188272,26.6095516851877,26.479785200327928,27.27406237238245,27.966697147890596,28.672468872505732,29.134546358086844,28.72143429201643,27.94402598983959,27.37057223775538,28.021596572784823,27.71768706712059,27.61174014276521,27.960301275434595,28.145195806576847,29.905469992388685,2025-04-27,40.06923076923077,35.54615384615385,30.007692307692306,26.784615384615385,test
2025-05-01,29.884957265037116,28.92344157917894,28.274630581825626,27.628040577763848,25.47832462139782,26.398978932240333,26.437062236160966,27.72377152005634,26.33201962521212,26.433409620167843,27.0637094521168,25.99373699271732,26.329663248342623,27.309419275627164,25.820240779089616,25.86420295607059,26.63384083657412,26.51999492638421,27.290707901225332,27.970493341477805,28.664616459226,29.12143515756585,28.714699384430833,27.95076821181334,27.40094374467992,28.03097732458602,27.731504964559466,27.628040577763848,27.973480271072027,28.154660304828635,29.884957265037116,28.274630581825626,28.853057803749635,28.92344157917894,2025-04-30,40.06923076923077,31.138461538461538,29.46923076923077,26.415384615384617,test
2025-05-07,29.859119086552514,29.195707622647387,28.677479134624654,27.959789197506797,27.00085803495934,25.942558492165745,26.277025301694398,27.25086302635037,25.77714663612185,25.826349026096224,26.594505561516126,26.486767688800175,27.252516380748393,27.928858802476,28.620983548813808,29.074283031725123,28.677479134624654,27.927217018618798,27.38718125402028,28.012558937169175,27.71803197270382,27.618808817206244,27.959789197506797,28.14270443118638,29.859119086552514,28.266720324734226,28.838428880929214,28.907472589785147,27.885173811593432,28.052080687568115,28.53266999923947,28.664448825839994,29.195707622647387,29.42029928064193,2025-05-06,40.06923076923077,32.69230769230769,30.007692307692306,27.315384615384612,test
2025-05-14,29.908587313750747,29.45219458112283,29.163363658594694,28.642432500869987,26.577563308017286,27.34674794001612,28.02334887330169,28.712157561612372,29.163363658594694,28.762683406140965,28.00367472924903,27.45474076935214,28.08090839666842,27.78265767969896,27.677068668760526,28.01496178879119,28.19509172404351,29.908587313750747,28.3058119616566,28.87954574501862,28.94746829968929,27.918933942261464,28.084886293968836,28.56614110049813,28.694462085040264,29.223182550657864,29.45219458112283,29.158192158312442,28.600349392998336,29.336097836150678,29.25176324616334,29.68459166225925,28.671079463271898,28.642432500869987,2025-05-13,40.06923076923077,32.69230769230769,29.546153846153853,27.369230769230764,test
2025-05-21,29.99540911333937,29.69029249792239,29.32151491201209,28.862980664619194,27.43566431666059,28.064417584986714,27.768870796045096,27.670717866508383,27.998126093696715,28.174658339703353,29.901290812308158,28.286766695378386,28.862980664619194,28.93691305362084,27.90874078995618,28.063206916117977,28.543685658256823,28.672739360520467,29.207289305040117,29.43635715285409,29.14577668463802,28.59239516723581,29.32151491201209,29.23206109564515,29.66825431746367,28.64826134716143,28.617675767216955,28.595924497622185,28.896428649584355,29.004855567646832,29.69029249792239,29.234543712128282,29.54232740135319,29.99540911333937,2025-05-20,35.54615384615385,30.86923076923077,29.57692307692308,28.176923076923078,test
2025-05-28,30.592809330899776,30.36439216537275,30.121849037741338,29.239047125022314,28.292622219417524,28.868821905824184,28.944374994091636,27.920182769327862,28.075517319397576,28.561037531143178,28.680429002345438,29.214041089040446,29.44337978503639,29.15474457353149,28.60359332263989,29.331605740357105,29.248090661438017,29.67338406557366,28.655886802466377,28.62585057135214,28.60507532419888,28.905456424179146,29.014151589440065,29.703509862410833,29.239047125022314,29.546070034110908,29.998599479606916,30.1394280276072,30.121849037741338,30.592809330899776,30.1363617955728,30.341989440738338,30.402526301600002,30.36439216537275,2025-05-27,32.69230769230769,30.2923076923077,29.815384615384616,29.307692307692303,test
2025-06-01,30.777356315552744,30.54739712941375,30.362451361467386,29.54342475720325,28.060931557575852,28.550618155408557,28.671172763421026,29.206126454245908,29.43812772602748,29.147809868706194,28.600167083698185,29.3299420442601,29.246303654898938,29.675231296664506,28.646738567892857,28.61709099201465,28.59639571933884,28.906543739252164,29.011547348058908,29.706241864353586,29.237683058778444,29.54342475720325,29.99938896823461,30.1408097151006,30.12974369957401,30.599168864707288,30.13836151462948,30.344607970386626,30.401424324289955,30.362451361467386,30.514528790976936,30.528170118782942,30.777356315552744,30.54739712941375,2025-05-31,32.45384615384616,31.1,30.26923076923077,29.46153846153846,test
