tag,pred_m1_hot,pred_m1_p3,pred_m1_p7,pred_m1_p15,fc_d1,fc_d2,fc_d3,fc_d4,fc_d5,fc_d6,fc_d7,fc_d8,fc_d9,fc_d10,fc_d11,fc_d12,fc_d13,fc_d14,fc_d15,fc_d16,fc_d17,fc_d18,fc_d19,fc_d20,fc_d21,fc_d22,fc_d23,fc_d24,fc_d25,fc_d26,fc_d27,fc_d28,fc_d29,fc_d30,pred_point,true_m1_hot,true_m1_p3,true_m1_p7,true_m1_p15,split
2021-06-14,32.762634845900266,32.19592540349541,31.83610797096851,31.425643614408283,29.998326420385762,29.973282718772438,30.918685658740618,30.285466775197627,30.591729306723188,31.218857227450922,31.760666936219145,31.65794107163347,31.86734374773977,31.16923908278392,31.23085275105469,31.317734851750895,31.34429877724748,31.83610797096851,31.72488666574121,31.850933924676024,31.32539379286454,31.323932606261444,31.425643614408283,31.702674399489407,31.804029874065677,31.20739372133317,31.182577700940826,31.418005558956065,31.690374552560893,31.819398709983183,32.19592540349541,32.53180309053072,32.762634845900266,32.10491665402249,2021-06-13,34.050000000000004,33.733333333333334,33.349999999999994,31.941666666666663,test
2021-06-21,32.64041435778619,32.39725129548681,32.16269344447747,31.5947249225461,29.938556376651217,30.764745016326394,30.42534559768446,30.713942661889572,30.944454911496525,31.057696738226763,31.5947249225461,31.53722096858674,31.69023555365166,31.186511009923628,31.19623276530692,31.303416930075468,31.584134203938763,31.689977180540296,31.088631869266347,31.062620923417143,31.29579608269407,31.567405582516415,31.696356404236866,32.07274140738385,32.407893762129596,32.64041435778619,31.98324699308646,31.86604067892579,31.967561782383896,32.39725129548681,32.16269344447747,32.20123783118921,32.204710477301596,32.247135956868526,2021-06-20,34.07500000000001,33.84166666666667,33.550000000000004,32.38333333333333,test
2021-06-28,33.29951840473692,32.99203046169591,32.47340031214964,32.21157169478629,32.642301284522546,32.361397617384796,31.609486469843667,31.470415550860547,31.50075610153845,31.7118445348986,31.806289160224765,31.168821926961197,31.131065985046963,31.352121994563333,31.615451946734673,31.73528267647975,32.112560640561874,32.43933490502477,32.675069643820656,32.01690705648238,31.90050363935498,32.00276365383949,32.43406534251464,32.19864218679396,32.23921035941801,32.241535288960904,32.28410589083937,32.21157169478629,32.39894868833311,32.47340031214964,32.86494410586312,33.29951840473692,33.004290980986205,32.99203046169591,2021-06-27,34.07500000000001,33.84166666666667,33.550000000000004,32.733333333333334,test
2021-07-01,33.34441964780338,33.036282345707235,32.642689505081314,32.2865259901985,32.66438856290351,32.248252883737244,32.186224225122196,32.11359848713916,31.38446954088928,31.293617110243467,31.484459402927808,31.71377730965472,31.81280229359973,32.17735302964718,32.49634183258406,32.72429930092553,32.0605282576654,31.940045698735563,32.04425325997397,32.47674629607225,32.24205190780207,32.283065879851726,32.2865259901985,32.33003444960104,32.25825944061747,32.44482982026019,32.518788024653446,32.91002998532632,33.34441964780338,33.04883253779693,33.036282345707235,32.575542303570586,32.48425059533587,32.642689505081314,2021-06-30,34.07500000000001,33.84166666666667,33.541666666666664,32.733333333333334,test
2021-07-07,33.47715261282217,33.06969955255687,33.025426419943585,32.50487506782698,31.374085746589024,31.667087727047722,31.806225757264656,32.19521920042762,32.49624860768388,32.732002527981,32.071611447882816,31.955008025233237,32.057937333712516,32.489317608581594,32.253969738963114,32.303999392974994,32.307601171732,32.35159373678416,32.27959660651469,32.46707565660181,32.54168435595168,32.9333164500642,33.36525116105025,33.06969955255687,33.05705737480149,32.59640932846276,32.50487506782698,32.66313852750091,32.806356297685696,33.05748101850704,33.47715261282217,33.0672552647971,32.89500056859504,33.025426419943585,2021-07-06,37.40833333333334,35.64166666666667,34.07500000000001,32.9,test
2021-07-14,33.49207961278872,33.155706211653815,33.07103310885643,32.82084089222075,32.16180837783491,32.19124044035632,32.578398623213815,32.308075615294506,32.34242194462992,32.34022920422873,32.38026815116538,32.29990868022432,32.4849372058019,32.55783591323913,32.95068882929251,33.38173635173839,33.08455513424445,33.07103310885643,32.6115472835431,32.519961599195064,32.67825395565593,32.82084089222075,33.07204717859217,33.49207961278872,33.08236952142948,32.90974290506752,33.04015934951981,33.155706211653815,33.0561142805029,32.90508302818606,32.698381912116595,32.605627246798385,32.882821041458534,32.91942861910416,2021-07-13,37.59166666666667,37.15,34.38333333333333,33.550000000000004,test
2021-07-21,33.53887235091774,33.20625637749978,33.132564871926085,32.95801062989907,32.826784011997766,32.83790472993047,32.80148734403318,33.132564871926085,33.52371691222369,33.193360482363786,33.15778842451773,32.68518630554071,32.58116209084463,32.73268488128912,32.86967312655708,33.11805721366694,33.53887235091774,33.13014347056107,32.95801062989907,33.089992206228274,33.20625637749978,33.10752024188294,32.95684009566566,32.74963594669856,32.656429833814876,32.933377923320954,32.96947385177634,32.693947281413486,32.75734552412467,32.929963363085236,33.06474760916032,33.19798775280013,32.96012079832483,32.93974569906114,2021-07-20,37.59166666666667,37.15,34.574999999999996,33.6,test
2021-07-28,33.47777202604705,33.17279787037782,33.09139548653155,32.92584592779148,32.40389644929241,32.39188799892479,32.599364397164685,32.75983021177592,33.042432226721786,33.47777202604705,33.077629269712745,32.91499981396449,33.05152480012611,33.170663803783334,33.07676171245384,32.92335806444599,32.71632085035499,32.623302352970896,32.89914903656092,32.93493453495327,32.65919073351721,32.721576252397774,32.89519971055953,33.03007473420602,33.16334594825018,32.92584592779148,32.90559134866456,33.151670920056574,32.950000879822916,33.09139548653155,33.17279787037782,33.17670521034257,32.88955281796134,32.905824471102015,2021-07-27,37.59166666666667,37.15,34.574999999999996,33.6,test
2021-08-01,34.057260703845074,33.44568209983916,33.208752378011496,32.98696181897134,33.96756415752757,34.057260703845074,33.44568209983916,33.16626532403603,33.22166400874153,33.28441576661838,33.18003144419073,33.000297090888765,32.77715293721422,32.67428155135449,32.940510250517434,32.97318313475955,32.69746948209173,32.75300433756892,32.92813550510108,33.06393282017378,33.19776821554595,32.96164058613687,32.94143282040607,33.1869876882847,32.98696181897134,33.12773197887832,33.208752378011496,33.21242605144028,32.92483683530834,32.941068055124994,32.91375353235707,32.66322789988408,32.75487112962068,32.42526552997862,2021-07-31,37.59166666666667,37.15,34.574999999999996,33.708333333333336,test
2021-08-07,35.87007466396671,33.89472624865541,33.36010290831852,33.10768177733419,35.87007466396671,34.70590318446056,33.89472624865541,33.431659407929295,33.4915081423069,33.39455183787891,33.03585619871562,33.01602934476114,33.14367689396131,33.24637554418833,33.36010290831852,33.10768177733419,33.078474838996584,33.31957915415207,33.12386853405863,33.26767422547699,33.35171075990366,33.35718969338178,33.07184714083977,33.08917579971933,33.062230953864066,32.809918078022704,32.90035478280906,32.56967948879598,32.43723522065088,32.47967213116428,32.34417214074362,32.54203197397624,32.42768658855317,32.379415536912845,2021-08-06,37.15,34.38333333333333,33.891666666666666,33.25833333333333,test
2021-08-14,33.988905689136,33.619694405122075,33.39983783145943,32.93041641031479,33.988905689136,33.72090634162129,33.619694405122075,33.605427218122564,33.27702620522268,33.20458672447173,33.42305156808613,33.19475825376871,33.33272261495093,33.40228229382005,33.39983783145943,33.108985672871555,33.12201548617163,33.09135195376914,32.842123718031374,32.93041641031479,32.601548936618734,32.46994381461914,32.51308364157081,32.378279273459285,32.5768761788714,32.461448427869804,32.413668461853256,32.27060901790227,32.3586546061689,32.195675553479795,32.1639886818389,32.177022048472665,32.350388981328265,32.89747741889225,2021-08-13,34.758333333333326,33.94166666666667,33.475,32.71666666666666,test
2021-08-21,33.26680721884945,33.061796939415224,32.892663793411074,32.44596333107337,32.75148850231744,33.061796939415224,33.22663216914267,33.26680721884945,33.01690511430334,33.04995114667239,33.03594839878245,32.79969392136293,32.892663793411074,32.569561252835115,32.44596333107337,32.489744662491546,32.35677275272335,32.55522710755696,32.43891624936466,32.39152844460806,32.24787815524765,32.33428045905304,32.171513936574286,32.13954510117583,32.15276745185364,32.32647768555879,32.87350938915081,32.18426364583544,31.674495683651422,31.60462425558052,31.979974805463662,32.162396344935885,32.049388929370316,32.481023233476854,2021-08-20,34.85,33.94166666666667,33.25833333333333,32.583333333333336,test
2021-08-28,33.22377953662236,32.88694647496414,32.54928899427128,32.19714457537556,33.22377953662236,33.153410923590656,32.72472169419383,32.54928899427128,32.5655124521045,32.41137246153818,32.6000286668501,32.46969401622837,32.417003159094065,32.271730930927404,32.35349224020627,32.18669939675039,32.15350074630557,32.165069426378,32.34006536385671,32.88694647496414,32.19714457537556,31.688080273808318,31.618978967468806,31.994447828360023,32.17719960870834,32.06373699153314,32.495360924439424,31.946306322112903,31.504313535370944,32.11991007659239,31.607315084702307,31.125281719583857,30.996462953519398,31.421804452881567,2021-08-27,34.85,33.94166666666667,33.05833333333333,31.991666666666664,test
2021-09-01,32.894201640347895,32.589107894195784,32.42675607861751,32.1612076047071,32.589107894195784,32.42857613590646,32.613322388355506,32.49103977305869,32.42675607861751,32.2851281535876,32.361983871828194,32.19470411086197,32.1612076047071,32.17259408138343,32.34449075267807,32.894201640347895,32.20305941200251,31.695216381285036,31.626142956085996,32.00162887234432,32.18439108575034,32.071789614939355,32.50258839297977,31.953907693680964,31.51155968301379,32.12714467672526,31.614542621027223,31.132504934857486,31.00343899118738,31.429016054066746,31.448774683818954,31.189522767813138,31.26186403703296,31.254069484035256,2021-08-31,34.85,33.56666666666667,32.6,31.700000000000003,test
2021-09-07,32.87018521335579,32.31040513729967,32.09934774834214,31.614931261171893,32.0641686504709,32.01162984947233,32.04910602128841,32.09934774834214,32.31040513729967,32.87018521335579,32.177824753702694,31.678710486114245,31.614931261171893,31.993431530162304,32.179342200559276,32.06426320400634,32.49751902431335,31.952451988177398,31.509604164162468,32.12489638242861,31.612179370889876,31.12969816025911,31.00162067306813,31.426665898218488,31.445495371082934,31.186450462377433,31.258914651293452,31.251176940973505,31.014814020835303,31.597964549625814,31.514711861792705,30.48816845377974,30.049265768044936,29.927299620139976,2021-09-06,34.85,33.56666666666667,31.98333333333333,30.608333333333334,test
2021-09-14,33.31690428218203,32.633005512700954,32.19686016224237,31.282680990460868,33.31690428218203,32.633005512700954,32.66455051496433,32.56131753858954,32.289113964884294,32.62924890056333,32.10212606510197,31.613260670758915,32.19686016224237,31.655492089481868,31.177485886874166,31.046495822527376,31.468902585502683,31.464688138975834,31.207852040239413,31.282680990460868,31.279040149994113,31.038889121916007,31.62133877953127,31.53790247055765,30.517377496668026,30.07749174273099,29.95463426212359,29.511883085325238,30.037211710555667,30.051569348870323,30.50085145651468,30.073083392119138,30.131609433945133,30.014444307036765,2021-09-13,33.56666666666667,32.03333333333333,31.700000000000003,30.183333333333334,test
2021-09-21,32.109705686473944,31.553265049603382,31.398626456223237,30.463671071660468,31.498546554813096,32.109705686473944,31.553265049603382,31.089368263339956,30.96844340155336,31.398626456223237,31.407534400309252,31.15798801071342,31.230105596630374,31.233941190792397,30.99168941207514,31.572443693811508,31.487507057084137,30.463671071660468,30.021970896945728,29.900054898834824,29.45526625960653,29.98125791960709,29.996138530953758,30.445873074908633,30.019066439777944,30.07812024587517,29.960691090287902,30.11826695177534,29.90733030608759,29.238729671095385,29.72383544344299,30.95112579795486,29.958043367798314,29.531434483593536,2021-09-20,33.56666666666667,32.03333333333333,30.233333333333334,29.875,test
2021-09-28,31.407210673247306,30.9098692196868,30.39362553121694,29.937371592400847,30.28998022144779,30.66142331696672,30.860513744662153,30.710398580244465,31.402154505523985,31.407210673247306,30.359290772124503,29.937371592400847,29.8392589051691,29.405554567102303,29.94613794241041,29.954312894643497,30.39362553121694,29.983082617989844,30.04221145040269,29.92148016626638,30.078030655775155,29.864232096486543,29.198352747179968,29.686931210131046,30.9098692196868,29.916949112944724,29.491397340501997,29.26043135757783,29.531247094571548,29.683909650990472,29.12017212199012,28.47277038193345,28.211303226607132,27.996618944958506,2021-09-27,32.03333333333333,30.233333333333334,29.925,29.45,test
2021-10-01,31.13361843821037,30.88236114401163,30.025450690388105,29.80548765362482,30.025450690388105,30.972434834607316,31.13361843821037,30.181204341013338,29.80548765362482,29.744498327586992,29.327455761138555,29.887482128483004,29.907550689130844,30.354138847952054,29.948046495238792,30.013393765531074,29.893931555152985,30.052988370904657,29.838076496155843,29.171516112875636,29.659677975779545,30.88236114401163,29.88828501004266,29.462751256104617,29.23130136665695,29.50257820463737,29.655522824360396,29.09195783827324,28.444661645646743,28.183545178467703,27.968867956356135,27.901149438726467,26.66800190979779,26.77080776960825,2021-09-30,32.03333333333333,31.291666666666668,30.183333333333334,29.316666666666666,test
2021-10-07,30.837432061850894,29.986940973783337,29.81508063987053,29.186768365704868,28.849378323030404,29.57334802526313,29.676269353558972,30.187041697402428,29.82903405244074,29.91671348720332,29.81508063987053,29.986940973783337,29.78104232302165,29.124983113726103,29.61570609194002,30.837432061850894,29.844796459374702,29.418951391013888,29.186768365704868,29.457258839847267,29.608295546036008,29.04466849362528,28.398056374410327,28.13677874159625,27.92234409027511,27.85492921494732,26.62206409470195,26.725450916576246,26.859593004612492,27.239375652481254,27.11599346067592,26.979152987530668,27.182668739428745,26.703221330421762,2021-10-06,33.96666666666666,31.774999999999995,30.233333333333334,29.418181818181814,test
2021-10-14,30.88127769997152,29.912192054925885,29.48649064355163,27.889278353393667,30.086225139821465,29.860509740968453,29.183346649613622,29.651639674532046,30.88127769997152,29.912192054925885,29.45557943726626,29.216444625961113,29.48649064355163,29.63982497139537,29.080327032596912,28.43005195425472,28.161180991038474,27.95502477202061,27.889278353393667,26.656344429016173,26.758954068581623,26.891841557190727,27.272627263950213,27.151389963593356,27.01216437920364,27.215192544982415,26.73575853897101,26.39409327977584,26.105043711578084,26.46569825818399,26.156847512811257,26.132306619250656,25.920227756493603,25.70322319469202,2021-10-13,33.96666666666666,31.291666666666668,29.95,28.191666666666666,test
2021-10-21,29.030546213171238,28.522439354161396,27.739060274213198,26.648163964616383,27.69932039179869,28.522439354161396,29.030546213171238,28.649606839750266,28.096057531769297,27.919769515861827,27.762709767891838,27.739060274213198,26.533509323553513,26.648163964616383,26.79942289375321,27.195023211619294,27.073289008090946,26.93591598619893,27.136626142101225,26.655307404139002,26.313835427216773,26.02175622306547,26.379534313814858,26.071658740246146,26.047097428183754,25.835993423415076,25.619718733046465,25.599746497116737,25.789081156874225,24.886001996045522,23.89709713404508,24.080349687252053,24.309471572168977,24.879309535772357,2021-10-20,33.96666666666666,31.291666666666668,29.95,27.75,test
2021-10-28,27.665938599021136,27.095311349016214,26.618154818418947,25.796833751560627,27.665938599021136,26.461619630860536,26.570758222554076,26.726454175339374,27.136002202599787,27.019945152013683,26.893778340456258,27.095311349016214,26.618154818418947,26.281022587539653,25.98936339653484,26.344184690469145,26.035317134509803,26.007936608487498,25.796833751560627,25.579513023812556,25.558387773681638,25.747656422075572,24.845456276407745,23.85685546657737,24.0409269462215,24.270056084725127,24.84019794085362,24.729042061575235,23.598546980248223,23.605955928927568,23.532513955747735,22.692123454724438,23.73029932363485,24.157711326788878,2021-10-27,33.96666666666666,31.291666666666668,29.95,27.608333333333334,test
2021-11-01,29.823176070488287,27.98406103630845,26.600489884534234,24.98240127249358,29.823176070488287,28.716317787673436,27.98406103630845,27.86758561734436,27.188183606444394,26.66053719137232,26.321146688389636,26.600489884534234,26.245451094367557,26.189826840288294,25.94635672173146,25.71144333486968,25.698665960320263,25.873355866596814,24.975477634604566,23.989520612765446,24.175209342421347,24.409644813822123,24.98240127249358,24.867377838973283,23.740148551564523,23.745767496663156,23.671230547894677,22.830170231708635,23.866701329274026,24.293287823090978,24.80322661065033,24.40996368935006,24.146610722155344,24.042071839354684,2021-10-31,33.96666666666666,30.55,29.74166666666667,27.327272727272724,test
2021-11-07,28.352249267865375,27.02281716205806,25.98196742185249,24.495822806653095,28.352249267865375,27.930453226444293,27.02281716205806,26.691348633350742,26.283195145554004,25.98196742185249,25.91918543724645,26.03587134105632,25.08526608119566,24.10244319552925,24.27225789396607,24.495822806653095,25.052081040697413,24.92966571057887,23.80575776139723,23.81834194168443,23.737941762446518,22.898384595592706,23.93616709378102,24.36633659392433,24.877694641191592,24.483056123855498,24.21745028139378,24.114429585638177,24.283257975179755,24.659455852243283,24.80932756954876,24.067745995152276,22.727140967737657,21.27851554389439,2021-11-06,32.775,30.166666666666668,28.908333333333342,25.383333333333336,test
2021-11-14,28.438924323266086,25.393860547404806,24.928032766974106,24.232243110118816,28.438924323266086,26.625952623268855,25.108985471546614,24.923346261743887,24.90753351030265,25.393860547404806,25.219488329753382,24.022791218277934,23.989154864499948,23.882374695345458,23.034893564696528,24.074105656624138,24.483264188143295,24.984395372687374,24.59523214034835,24.333460296797867,24.232243110118816,24.399825093806545,24.773464826638236,24.928032766974106,24.18857272307789,22.845909355082217,21.395886151869284,21.32832277962125,21.967906631282606,21.551566894965937,21.31967296993805,21.462046658194954,20.919051584067834,20.401820957454145,2021-11-13,32.775,28.908333333333342,26.50833333333333,23.833333333333332,test
2021-11-21,24.86048793735407,24.681396678826463,24.13522833725326,21.904239101304626,20.88546069046219,22.043222425349537,22.67866730109675,22.27576145471643,23.581307883870668,24.110150856857913,24.681396678826463,24.376628054097186,24.173982700958245,24.10509305736395,24.295155666821266,24.684154947433942,24.86048793735407,24.13522833725326,22.78937790964568,21.335259247770942,21.266289501049535,21.904239101304626,21.486439709247005,21.250114214514493,21.38952345341352,20.848111853797484,20.332463767314653,19.936892488283142,21.0002982696094,21.169735599340616,20.668876007578366,21.153201886761117,21.51930708769929,21.329465613502013,2021-11-20,32.775,28.666666666666668,24.333333333333332,22.649999999999995,test
2021-11-28,25.499714395506572,24.89500267075743,24.264721132573637,21.32576203990054,25.499714395506572,24.89500267075743,24.57966242966239,24.611221253767688,24.88354181936239,24.999006033628028,24.264721132573637,22.89015521860709,21.410320040284574,21.32576203990054,21.95639198103928,21.539756392395102,21.30113733933012,21.431073380858756,20.89050245593101,20.37770042772316,19.983829227682225,21.047641031218056,21.215712828149123,20.714877735420448,21.201527352583238,21.56715568757919,21.376355414884944,20.97838995605835,20.811876601451964,20.10316075971818,19.61915741382083,19.444049125219195,19.517591752607355,20.11789456765114,2021-11-27,32.775,28.666666666666668,23.833333333333332,20.516666666666666,test
2021-12-01,29.6931830700282,27.01144508714329,22.062344815641275,21.37739205803929,29.6931830700282,28.060998814668807,27.01144508714329,25.56449892644696,23.803574595798334,22.062344815641275,21.879012057370588,22.364559012698354,21.85917369779529,21.566264930005996,21.66299103107523,21.087918525073103,20.561178439805012,20.141294280880096,21.213413608834696,21.386567259533344,20.888840823055702,21.37739205803929,21.74824217394362,21.558585747854238,21.166322695907233,20.99636862045987,20.28554803135641,19.800257175749646,19.62436129559392,19.696261059837983,20.29614549569339,20.73496092150821,19.82485153039245,19.100373674837744,2021-11-30,25.249999999999996,24.333333333333332,22.649999999999995,20.05,test
2021-12-07,22.355495498140122,21.781256338661205,21.423353054915815,20.60169950276604,22.136198152627703,22.355495498140122,21.781256338661205,21.459775840407115,21.550099964525565,20.958746073135263,20.456754114362077,20.025353454963177,21.123348331340868,21.285434150508962,20.777061658226778,21.255931901202494,21.62439747156445,21.423353054915815,21.031749443552908,20.85278076458545,20.144140401795607,19.661291996158187,19.487796695139295,19.560152917669825,20.163157196938204,20.60169950276604,19.694117376613093,18.96898418683442,19.02305150155204,18.99901493352744,18.819781276818286,19.243447421761108,18.708523918481237,19.048973924688337,2021-12-06,25.249999999999996,24.333333333333332,20.516666666666666,19.041666666666668,test
2021-12-14,22.83056309480956,22.3559728231659,21.522653993466157,19.645349691506194,22.814790340459187,22.83056309480956,22.3559728231659,21.522653993466157,21.77854379366061,21.99407232813772,21.719370413678583,21.25387782958621,21.032395587963503,20.290500287663576,19.76885135295519,19.578545842930126,19.645349691506194,20.239265367262725,20.680496229552627,19.773790438629717,19.05126704594404,19.11221133229891,19.090400469468875,18.911174932387976,19.33647446902512,18.800190458787913,19.140028018204237,19.009673887290667,18.95146791800223,18.333269466734528,17.808048600529528,18.204847720108557,18.76414697236252,18.535401918829553,2021-12-13,22.733333333333334,21.516666666666666,20.600000000000005,18.708333333333332,test
2021-12-21,20.257915591358632,19.557723245876595,19.013912833290775,18.714574961342784,16.961154271635223,18.277308988248347,18.49481337328557,18.527474028324402,18.71828685454877,19.013912833290775,19.696219011570406,20.257915591358632,19.435926881963674,18.759847689354274,18.85852086237749,18.84776307550018,18.67653318140683,19.121481109033233,18.578221595791366,18.910637715170754,18.77728251663795,18.714574961342784,18.097063351983202,17.571909528441854,17.964527826613057,18.52670369469713,18.300620740966135,18.50888714127309,18.246009239423998,18.788251324608765,19.557723245876595,19.481030902657313,18.649703230121148,18.224568705375994,2021-12-20,22.350000000000005,20.883333333333333,20.224999999999998,18.05,test
2021-12-28,20.54302461072783,19.766286958528124,19.531614740431294,18.76421799074573,20.54302461072783,19.601620463868844,18.830992507661996,18.893010965981013,18.853257005974303,18.680442637548026,19.12027902814443,18.572464266684857,18.896530228234273,18.76421799074573,18.696088496405366,18.077140871182472,17.546487504793053,17.93692668109563,18.498178195431027,18.27312146554391,18.480255952224965,18.218419290038504,18.760760287890594,19.531614740431294,19.455429093603584,18.6242944670457,18.198822681494942,18.427474008097725,20.12706241272823,19.67249972370653,19.759856437116667,19.766286958528124,19.428484141161114,18.70857537308018,2021-12-27,22.350000000000005,20.883333333333333,20.224999999999998,17.825000000000003,test
2022-01-01,20.14818685393877,19.78573126434104,19.548569387025285,18.840572134292202,20.0780430476248,19.43693710822276,19.590311592199775,18.840572134292202,19.058289532900314,18.906531572667536,18.806965753888953,18.152344215636404,17.59986851082275,17.9769585921184,18.537680128971495,18.307386511148355,18.498269358733715,18.232081672482632,18.776465376458738,19.548569387025285,19.473148116062315,18.64029656542991,18.215179950526725,18.447781406171174,20.14818685393877,19.692778138931637,19.77961732387904,19.78573126434104,19.448359741076203,18.728312728444973,18.373862460903126,19.056662906366526,19.255227322983433,18.739723906825443,2021-12-31,22.350000000000005,20.825,19.058333333333334,16.45,test
2022-01-07,20.308926797682712,19.962698347293962,19.681633701010202,18.812248048840107,19.962698347293962,18.824377707188425,18.022506145472835,18.220008608359784,18.677789410906954,18.382471249266803,18.580187302739148,18.27962120347904,18.812248048840107,19.563859832264168,19.483635377119697,18.64586706289414,18.2183303819009,18.436117119463056,20.13849109237476,19.681633701010202,19.77139172474658,19.77707909320118,19.44001266693975,18.719984183910647,18.369359986940562,19.05134512989651,19.25016975183035,18.733736952889668,18.144350092838533,17.994795046857007,18.728401368579995,19.100356913366344,19.841270839455735,20.308926797682712,2022-01-06,22.350000000000005,20.825,19.96666666666667,15.916666666666666,test
2022-01-14,20.422387679266986,20.223641157622616,19.834948990300617,19.378263232225116,18.61423235347739,19.064669616937326,19.79500138244633,19.613620165567838,18.77522083942197,18.36116084092247,18.532129334874355,20.223641157622616,19.75853337465974,19.834948990300617,19.85768985288329,19.513533183674554,18.785201587425203,18.445250635211057,19.128678964531492,19.328845810231822,18.81560728277555,18.220960728236204,18.073201045146412,18.809040198669123,19.177855095700423,19.918302805340023,20.385542143461937,19.57087731862983,20.019325385843818,19.269165795402593,20.422387679266986,19.378263232225116,19.592152438285613,19.71154960135291,2022-01-13,21.283333333333335,20.483333333333334,17.316666666666666,15.408333333333333,test
2022-01-21,21.03008463860849,20.15443175767242,19.93517822327509,19.109111925189893,17.235080180241344,17.775068452972043,18.46743113386865,18.884574157279783,18.822589850991644,18.238652290516004,17.976093443616886,18.752621383391904,19.01128377003931,18.53350962154588,17.955517322986378,17.806241675722518,18.549225515879474,18.925539604228995,19.65748419712884,20.119080055176262,19.301054088799578,19.7488879251358,19.001700827225257,20.15443175767242,19.109111925189893,19.326014875489474,19.447382040233737,19.695199815318954,19.99958635078256,20.037568880268516,19.12462472775055,19.93517822327509,20.669358106965756,21.03008463860849,2022-01-20,21.283333333333335,20.483333333333334,18.416666666666668,16.533333333333335,test
2022-01-28,20.974274855141722,20.853191313034102,20.46328055423584,19.492456165674724,15.677687473971137,17.044688178446705,17.2341627349497,16.994317895368688,17.149252621087534,18.044421821985452,18.504101989705713,19.325973064825348,19.83924958215733,19.055910284934406,19.544994117094372,18.795187257230612,19.956015394341776,18.91843186840848,19.12892999031787,19.247331556791067,19.492456165674724,19.789464534562725,19.830902034875667,18.91729640113931,19.726649054911533,20.46328055423584,20.82523433045333,19.48663025509397,20.732213692011694,20.239035981664152,20.853191313034102,20.92218685382265,20.974274855141722,20.466559923196613,2022-01-27,25.116666666666664,21.283333333333335,19.458333333333332,18.158333333333335,test
2022-02-01,21.126631243739702,20.930307975026896,20.686445144307918,19.746075076304216,16.7276108473248,17.76919009639274,18.318431776953453,19.14316219672358,19.712133259166446,18.98024125160579,19.471049567048535,18.73239605618527,19.900046886289218,18.866636917524414,19.09454354338357,19.20816126397762,19.445387948861555,19.746075076304216,19.78687393026828,18.872877625714647,19.68199129951347,20.414226699685745,20.777906419113968,19.441780417272916,20.686445144307918,20.193531941615344,20.807849076809777,20.87694359574556,20.930307975026896,20.422110732546646,20.604164860002065,20.63288588010481,21.012761183244447,21.126631243739702,2022-01-31,25.116666666666664,21.575,19.925,18.416666666666668,test
2022-02-07,26.01066392925878,23.585920769882602,20.98851956790753,20.538676243244247,17.91445022183855,17.760181025124126,19.318697774128815,18.4939595478529,18.768869445938893,18.947221828556124,19.268563428841173,19.61345717029921,19.680129608252255,18.772408812012753,19.59406616256491,20.357045919191627,20.729238621616894,19.385584950588196,20.62771838476793,20.13359099415907,20.749898007369644,20.81771945294916,20.863704778318244,20.353938551960233,20.538676243244247,20.568445646913826,20.948866641408035,21.062288752590327,21.79968556831754,20.98851956790753,21.750137045502232,23.585920769882602,24.274326405584794,26.01066392925878,2022-02-06,27.775000000000002,23.125,19.849999999999998,18.76666666666667,test
2022-02-14,25.990693580176973,23.56729465115669,21.83080223901445,20.934019199761494,19.72961104130942,19.790730514458982,18.787138902434616,19.539472330753384,20.323734106082973,20.724104300623548,19.376385031971193,20.612657297493662,20.1036501611762,20.737310300908852,20.81880178633928,20.854929009605886,20.334795691072,20.519285887337425,20.549869191005705,20.934019199761494,21.042153969883586,21.775442489261007,20.96697590896462,21.731485334743578,23.56729465115669,24.255439785986226,25.990693580176973,22.70201018297455,21.6257370042296,22.534183900517082,22.307046349329816,21.422308292532712,21.83080223901445,21.692148670796453,2022-02-13,27.775000000000002,23.125,19.683333333333334,18.608333333333334,test
2022-02-21,25.89150535080079,23.718524958155776,22.433739188940642,21.52583896313447,19.567501912323138,19.420312925755916,20.286308756282203,20.490371494788494,20.604232797842094,20.090941850429996,20.34999657571017,20.415677886471624,20.8151291057168,20.929475422364163,21.6721572879978,20.868648569279834,21.647836962067515,23.472491368163862,24.15682085075628,25.89150535080079,22.603374431663447,21.52583896313447,22.433739188940642,22.202935450972163,21.32171482092542,21.731499897745753,21.59313125345666,20.121138872670148,20.01538618592435,20.507364170142754,21.61470200181205,22.001462776458133,22.67009810482194,23.718524958155776,2022-02-20,27.775000000000002,23.125,19.683333333333334,18.308333333333334,test
2022-02-28,25.794955648934206,24.051050891865064,23.253249006452947,22.01170113836847,19.326406040624484,20.15884224093558,20.556831842135598,21.353863153958613,20.595778124030954,21.431176490282475,23.335791674934004,24.051050891865064,25.794955648934206,22.507092541746065,21.46381065291147,22.389180670874698,22.16093198517486,21.268235709362674,21.676145767254862,21.53940515258643,20.06994561568444,19.95598978083091,20.44394639192326,21.551150577672885,21.941559737246955,22.610954991766274,23.659052818851194,24.552647440391482,23.687751715322303,22.581904417799237,23.253249006452947,22.01170113836847,22.284270095234575,22.370726489095176,2022-02-27,27.775000000000002,23.125,19.683333333333334,17.10833333333333,test
2022-03-01,25.77413769592511,24.021900824155757,23.245536742944104,22.00400580033519,19.869570677988136,20.376935975632357,21.240874258417815,20.523717358860072,21.384152157511398,23.30408255303732,24.021900824155757,25.77413769592511,22.491371484797295,21.451207453839665,22.37848471841453,22.151402727856407,21.25942013927554,21.66971486627463,21.532497150546106,20.062745762823397,19.948611397866546,20.436458799062844,21.543596179264426,21.933964472750247,22.60277741021306,23.651072837868018,24.5447883350327,23.679966551635705,22.574164485489213,23.245536742944104,22.00400580033519,22.27674455070318,22.363146372890846,21.840683996562788,2022-02-28,27.775000000000002,23.125,19.716666666666665,17.10833333333333,test
2022-03-07,27.47374028494988,24.586992775225507,23.590757555559684,22.63718498610833,26.772838104593657,27.47374028494988,23.586533951120177,22.08347665737173,22.74943430487177,22.389544849153793,21.50765358936473,21.837797419778884,21.651319345481003,20.14036907230463,20.02768050421739,20.510164235299996,21.60628308864634,21.963782568170988,22.63718498610833,23.688353874756157,24.586992775225507,23.717559197630376,22.61072349653907,23.283677030449756,22.05058835293415,22.321426281791187,22.406646458255473,21.882555605099427,23.590757555559684,23.092740851830044,22.701899507423143,23.089381857393253,22.885004677592114,23.979270292489186,2022-03-06,32.48333333333334,26.89166666666667,23.0,18.066666666666666,test
2022-03-14,26.442691117700676,24.85262189033248,23.61479364719171,22.717711845675787,17.361482558878105,18.721477683080753,18.218257213094283,18.69338707800254,19.461356238005838,20.76477599322107,21.292411189770217,22.113396135137844,23.24082944602319,24.16846180356044,23.324953741663737,22.255173962554604,22.941450410555838,21.70411664531713,21.95991095002387,22.039937957054093,21.51772224901573,23.224728308509967,22.719915981127787,22.327591042134063,22.717711845675787,22.518509491595673,23.61479364719171,24.270451718900386,26.442691117700676,25.414897465612547,23.28634598012545,23.3351992005062,24.85262189033248,23.64902751343027,2022-03-13,32.49166666666666,29.11818181818182,26.672727272727276,19.891666666666666,test
2022-03-21,26.42068463345906,25.763083444722344,24.59809047411896,22.938203604196918,17.672750410174572,20.380194538912505,22.32291139495142,22.09546225070205,21.374295954737832,22.281530774598117,21.13677575933529,21.529803562792484,21.692703063535436,21.207288186083368,22.938203604196918,22.456096110944635,22.075455660649805,22.48490701769119,22.27447069428945,23.36419054282028,24.01980787564575,26.191622504083796,25.161257719493804,23.03176408462052,23.076555628780522,24.59809047411896,23.396923543759208,22.757403812093013,24.222770386437084,24.70851164358499,24.63956534705714,24.51093309071169,26.42068463345906,25.763083444722344,2022-03-20,35.63333333333333,32.49166666666666,27.333333333333332,22.99166666666667,test
2022-03-28,26.179600517350053,25.968781084541625,24.858970237992512,23.984668844345713,19.892979155477594,20.57943695211142,20.371968197622234,22.278283931695498,21.952686800452057,21.661475696385512,22.141424512148475,21.988733441480417,23.10107212440327,23.782633821556786,25.968781084541625,24.933104191315245,22.80216643940826,22.84155675232624,24.35560480797336,23.15349275418718,22.509930958757455,23.973264923650685,24.461790753729844,24.394031334636782,24.267417592991393,26.179600517350053,25.522446824426325,24.858970237992512,24.68044370714618,26.097384597206098,24.821860381151083,23.984668844345713,24.905986404752888,24.283499342383884,2022-03-27,35.63333333333333,32.49166666666666,27.333333333333332,23.974999999999998,test
2022-04-01,26.28296983220488,26.15712587537713,25.589034238886356,24.420132574208743,22.416931766053303,21.968221216019597,22.351824945986465,22.137632956601607,23.308314826453778,23.897616174021486,26.05914871054956,25.01147369075869,22.873196481076796,22.90809712303321,24.420132574208743,23.18933551745951,22.56483102247724,24.030718756209794,24.519931605024173,24.452592446958583,24.326235786120687,26.238366041769435,25.589034238886356,24.919870502882365,24.740469527325303,26.15712587537713,24.88142760014359,24.0441295883828,24.965442073685654,24.3407049724199,26.28296983220488,25.957559166659067,25.945737669557317,24.379801057485516,2022-03-31,35.63333333333333,33.2,29.11818181818182,24.70833333333333,test
2022-04-07,31.43575574088503,28.481829216427265,26.569562741030126,25.486793540771952,31.43575574088503,28.481829216427265,25.181696476822577,24.428244693862098,25.486793540771952,24.064704312487102,23.26316475270585,24.579119956264815,24.95890412840236,24.823415201317133,24.677577626859716,26.569562741030126,25.883272183918336,25.20867044993682,25.037854686137173,26.464829987923483,25.1957902648403,24.356212205313856,25.27848394150164,24.66138148842814,26.603404444984797,26.274438049051817,26.258991796984336,24.69073879762024,25.59492206600766,26.652081094555918,26.90005732951369,28.777993229276635,26.305331909140737,26.342307075438743,2022-04-06,35.63333333333333,33.63333333333333,28.091666666666665,23.918181818181814,test
2022-04-14,28.638883438240423,26.79304842112221,26.280166972096083,25.593266503424505,22.700470770884884,23.794611348041194,24.010722273941873,24.155867416206355,26.159131646503507,25.543771194222355,24.943884121348766,24.83996692500481,26.280166972096083,25.043644068628566,24.20224243653608,25.14248617034254,24.535559642415233,26.47484565907396,26.138141669847073,26.125886223819773,24.552596916749703,25.459911606896902,26.51352554960564,26.759567169399016,28.638883438240423,26.16880114349939,26.205087007536115,26.79304842112221,25.593266503424505,26.190306275918118,27.47823321534496,25.35162370366194,24.78555994091192,26.221070259974827,2022-04-13,35.63333333333333,33.63333333333333,28.091666666666665,24.70833333333333,test
2022-04-21,28.90725524580461,28.17230496075353,27.07669376557205,26.225626665494595,22.716569706591415,24.988424227103458,24.26433581225058,23.90763510570782,24.97871157947516,24.3415810633956,26.33852262195247,26.07088262418564,26.09549854232224,24.54370632985239,25.41518327284373,26.494269340745795,26.78742961346861,28.673789066405718,26.198346966239786,26.232892205776455,26.820091453671555,25.633857954035086,26.225626665494595,27.501307000259413,25.373436968500283,24.809368052738325,26.245658639440084,26.02042490502301,27.006128081499686,27.705052351367954,28.17230496075353,28.90725524580461,27.887498802436937,27.07669376557205,2022-04-20,35.358333333333334,33.2,28.091666666666665,26.066666666666666,test
2022-04-28,30.08672354601431,28.573822551692412,27.72465053132376,26.80180072589769,25.048160685927243,25.455225717893573,24.133523358732617,25.165748511241553,26.3545813228162,26.707008862190527,28.573822551692412,26.1319714371599,26.183960550530863,26.782935015047084,25.598183411582344,26.187593166299646,27.464081018129107,25.35266860214635,24.785636691761695,26.221002855471237,25.994887655295987,26.98168836879614,27.682218215773087,28.149809143149152,28.8803994407263,27.861703706648044,27.051293455046228,26.80180072589769,27.72465053132376,27.51733635394422,27.115010487263493,27.390583976044645,27.97453515472061,30.08672354601431,2022-04-27,35.358333333333334,33.2,29.424999999999997,26.708333333333332,test
2022-05-01,30.77693074342139,29.987451921972774,28.997036352391625,27.729011992243823,30.77693074342139,29.852101286217405,28.911565720998226,29.987451921972774,27.052711291108533,26.875555188611134,27.367630736199136,26.021862773218555,26.51277608639685,27.729011992243823,25.58074243768881,24.993757952411002,26.39621670202225,26.140452576979133,27.136473167855133,27.842642970397332,28.313683954371903,29.046384710160144,28.028238002545052,27.22408613411006,26.981144968995583,27.900176185075512,27.69052611174462,27.28677133784164,27.56147073980885,28.145099492353634,30.25539630807076,28.206029064326486,28.997036352391625,29.03645683251787,2022-04-30,35.358333333333334,31.50833333333333,29.95,27.15833333333333,test
2022-05-07,30.11008980069071,29.346424618781665,28.674563471303298,27.671396789424403,25.126085939447297,24.491338653452313,25.56084087869915,27.201834209325515,25.055221828221587,24.60676912972589,26.094189804496477,25.900590424746426,26.964681676764048,27.671396789424403,28.122509521157863,28.916879309756844,27.89711488504928,27.091910585073993,26.84540983551464,27.7536686499283,27.549185440972742,27.15438790950454,27.413436595927212,27.998746572377865,30.11008980069071,28.06219682723049,28.856564826846565,28.89467775804412,27.666125127147325,27.70611023282685,28.388756139994147,28.674563471303298,29.346424618781665,29.568884474122633,2022-05-06,34.175000000000004,31.008333333333336,30.45,27.90833333333333,test
2022-05-14,30.167033442436885,29.808321728722824,29.175955295298895,28.410769691274005,27.014842857827592,27.70085615568379,28.20481510818748,28.410769691274005,29.142748531241995,28.057744193297257,27.235482914317753,26.962745081913848,27.840633632707693,27.609413147494752,27.23291296512389,27.478100232555374,28.062676469343817,30.167033442436885,28.119387853907877,28.918004075356517,28.961049952273832,27.725601222262267,27.768535476758377,28.450769557724986,28.73819521724841,29.409752939204928,29.630855128868514,29.54051217385635,28.662039103288205,29.808321728722824,29.175955295298895,29.856396095439084,28.48966885328588,28.40825117518938,2022-05-13,34.4,33.1,30.99166666666667,29.591666666666665,test
2022-05-21,30.3559135373203,29.90047110735844,29.62108844933883,29.047224674189305,29.078615054532694,29.064136185461557,28.339690487360627,27.69378852247699,27.757025134057788,28.264139380182225,30.3559135373203,28.22008678541506,29.019037074809596,29.047224674189305,27.793442808272726,27.83006957321781,28.498764084515184,28.76795106585301,29.45137707123185,29.664211803650428,29.57312068210126,28.69683452692854,29.84305105418627,29.213413815104364,29.89837244556318,28.527821698834646,28.448507283128052,28.50954518873192,29.05081936862079,29.026033930111698,29.90047110735844,29.296808931489558,29.62108844933883,30.221149044254265,2022-05-20,34.4,32.80833333333333,30.675,29.874999999999996,test
2022-05-28,30.844315486045677,30.628521323013423,30.170366388160723,29.331324149481418,27.0676563007211,28.227068803060718,28.53233807183731,27.480583569696368,27.606541668651293,28.334219908941822,28.624545466141914,29.331324149481418,29.58718300865781,29.506223613689585,28.626828381480543,29.78094204836723,29.154894524312382,29.84632393192858,28.476749944828647,28.38981129231403,28.45081612435892,28.994732606226627,28.968760167812114,29.842826295679085,29.23771416588736,29.561959688653697,30.164351595290544,30.73427568042587,30.628521323013423,30.844315486045677,30.170366388160723,30.226231421638854,30.30937108929844,30.343869348471628,2022-05-27,34.4,32.80833333333333,30.99166666666667,29.95,test
2022-06-01,30.923164854077985,30.90493485911495,30.420968424628246,29.91571060235111,28.907282706794234,29.159651514328733,29.159222219679226,29.728982450480533,29.860265492654545,29.723464527491227,28.797805461129283,29.91571060235111,29.267513708244138,29.945393970052887,28.555847720436276,28.468352278179015,28.523190821135664,29.066798210301894,29.042899090198603,29.918233502086196,29.313897203168228,29.641959925457055,30.24335097236262,30.81432945140943,30.708229395656613,30.923164854077985,30.2486904719998,30.30423418021642,30.38622102050449,30.420968424628246,30.90493485911495,30.794985911976088,30.919638162135826,30.387452685294903,2022-05-31,34.4,32.80833333333333,31.058333333333337,30.275000000000006,test
2022-06-07,30.917802267331734,30.89988263542038,30.760768918278565,30.26777336093756,28.542097586215856,29.743113199903355,29.151264379072625,29.88964756825305,28.53474518489642,28.45414590834197,28.499445610784313,29.05048211001976,29.03525039566283,29.91431106047185,29.304806305889223,29.630384500115163,30.23434559682871,30.810831973815628,30.70430652350007,30.917802267331734,30.242897983137706,30.30030942840272,30.38324508656197,30.417402850279945,30.89988263542038,30.790109873612295,30.915207333496486,30.383165233575287,30.382988993820952,30.48587964049344,30.760768918278565,30.86481233055971,30.26777336093756,30.24323615147175,2022-06-06,34.4,32.80833333333333,31.391666666666662,30.475000000000005,test
2022-06-14,31.931321090777402,31.36469496906645,31.005850145324548,30.599529919817297,29.35154516086707,29.256105636861196,30.14299274815333,29.49303130701532,29.84589481531917,30.378092064422972,30.93135871477219,30.81389222412044,31.027688444214505,30.336692385557665,30.397203874911398,30.467149974461982,30.518667285526274,31.005850145324548,30.89802088204787,31.02230654310304,30.494424034561877,30.49308931528369,30.599529919817297,30.869351275108176,30.971987041605644,30.37435403682035,30.350025805505503,30.586113884898054,30.858440645281707,30.986108038384764,31.36469496906645,31.700204999590138,31.931321090777402,31.27346283180709,2022-06-13,32.61666666666667,32.23333333333333,31.566666666666666,31.033333333333335,test
2022-06-21,31.901412538743962,31.65773187484746,31.422994464194957,30.894020505796487,29.701704670415772,30.330433545429816,29.893502580369745,30.12504285267202,30.29219987347197,30.385450543151734,30.894020505796487,30.815991094615207,30.962740238354257,30.448529292952927,30.451091115015682,30.562035265035988,30.839684417096702,30.948293511319417,30.349532027660764,30.323302090739194,30.55824681335075,30.831151981552914,30.958566708581877,31.33554780341965,31.669736526997944,31.901412538743962,31.244243353619648,31.126491358235697,31.227617667143335,31.65773187484746,31.422994464194957,31.46180900812035,31.46551989811286,31.507943832079935,2022-06-20,33.35,32.61666666666667,31.808333333333334,31.241666666666664,test
2022-06-28,32.54239113133084,32.23453409693375,31.686304480880484,31.35448687596173,31.050452178501217,31.10768033587863,30.574765508161157,30.556408345057445,30.612847802493285,30.875766634211427,30.983667855287724,30.382472757019674,30.35180687223364,30.573722542241416,30.84136897913968,30.977498895941757,31.35448687596173,31.686304480880484,31.917102377653496,31.260239199758868,31.145625495482847,31.24789587336035,31.675296360883717,31.440422131002983,31.47983252420416,31.483744168435035,31.52604969118294,31.45306873338473,31.640482674450443,31.71607478435507,32.107476474291424,32.54239113133084,32.24671536264922,32.23453409693375,2022-06-27,33.372727272727275,33.074999999999996,32.425000000000004,31.600000000000005,test
2022-07-01,32.54316297449956,32.23545765663711,31.7747037250905,31.480348405014993,30.852482577744293,30.794229020590194,30.986988187536024,31.051971550200783,30.416151192471737,30.36932039000876,30.596923805748165,30.855833060768344,30.98661829503842,31.36033684198873,31.69015447917638,31.92212396406215,31.26454248612851,31.145033313157438,31.247803986444477,31.675510513166014,31.440823492660037,31.480348405014993,31.483644930822237,31.5259847000441,31.454299502189276,31.641506236299524,31.716971594190646,32.10829574776781,32.54316297449956,32.24765420853122,32.23545765663711,31.7747037250905,31.683237186830798,31.84124934121815,2022-06-30,33.833333333333336,33.372727272727275,32.925000000000004,31.808333333333334,test
2022-07-07,32.693372723355985,32.28971060980214,32.242174757658944,31.75625405662347,31.0896736755593,31.178113267810673,31.197881405286502,31.508706890593857,31.809991604193055,32.03212511397563,31.33880132448394,31.20587465561492,31.29881785466199,31.72244035616911,31.48381950402045,31.51809439882006,31.515999983914337,31.56354600554196,31.492629100221148,31.680769200448815,31.75625405662347,32.14800082947285,32.583940095336786,32.28971060980214,32.275863762581146,31.814791627921252,31.722997871392046,31.880967623982865,32.024126250368454,32.27408922209197,32.693372723355985,32.283813983529676,32.11167692451403,32.242174757658944,2022-07-06,33.833333333333336,33.372727272727275,32.975,32.21666666666667,test
2022-07-14,32.69441203221538,32.35999594153011,32.275323383533326,32.02634127524658,31.353556512015274,31.394652799852057,31.782780447101143,31.518129233062947,31.527752467419496,31.515528583419496,31.576329661851588,31.499206294406626,31.684350062214367,31.759083184640676,32.151605292891674,32.59051591292352,32.29668783370971,32.277521792988125,31.81729105345915,31.725783049399784,31.88361829519027,32.02634127524658,32.275323383533326,32.69441203221538,32.28632608073016,32.11391837001682,32.24431613790338,32.35999594153011,32.260366417618314,32.109972278767664,31.903541661185688,31.810322659290087,32.08745401438263,32.12406704876664,2022-07-13,33.833333333333336,33.372727272727275,32.975,32.50833333333333,test
2022-07-21,32.78393709577474,32.59233842952642,32.389034725709976,32.172832555994525,32.59233842952642,32.36311357157554,32.172832555994525,32.421358924332104,32.78393709577474,32.44106087985597,32.39028648849305,31.899650588343924,31.788991618378336,31.938412676159473,32.07080531154647,32.31010605934721,32.72394597759503,32.3131083882188,32.14218434479914,32.27364750473709,32.389034725709976,32.290709066655715,32.14207437071911,31.93652735035784,31.843717518844937,32.12019317373785,32.15635995896062,31.881036890174254,31.944288719080816,32.11630365811848,32.250602980903764,32.383723120494345,32.145987263661304,32.12558941087082,2022-07-20,33.833333333333336,33.372727272727275,32.91666666666667,32.31666666666667,test
2022-07-28,32.78232498780439,32.40619086510201,32.379441766674674,32.174762748443705,32.30906515671496,32.0485039852367,32.101125329760286,32.17182467477908,32.379441766674674,32.78232498780439,32.35415654738552,32.174762748443705,32.29575145029528,32.40619086510201,32.30554782603138,32.15376326027129,31.94387923005839,31.85145700590795,32.127559887207475,32.165012987215405,31.8900592115415,31.95333403053733,32.12585861311918,32.26115920761854,32.39402196668924,32.15630314258757,32.13548247871238,32.381281587062986,32.17932382474612,32.32101242730455,32.40228059853624,32.406297166704334,32.11920270667545,32.13563345461677,2022-07-27,34.46666666666667,33.833333333333336,32.98333333333334,32.50833333333333,test
2022-08-01,32.68621004765784,32.42128873215312,32.339939868741034,32.17672828134846,32.21031158070199,32.68621004765784,32.30270627307539,32.172809657756765,32.31018048398991,32.42086451113578,32.31041412826841,32.16419177991919,31.957710252555586,31.86736939718028,32.13840156143682,32.17672828134846,31.90510584542188,31.973267032940015,32.145473120167594,32.28057888564999,32.41332246450236,32.17734563116626,32.15645325627715,32.40140834053141,32.19811935521275,32.339939868741034,32.42128873215312,32.42535466109832,32.13777118346612,32.154228158990875,32.12710351503927,31.877522596205736,31.968872180831926,31.639176799547144,2022-07-31,34.46666666666667,33.59166666666667,33.083333333333336,32.50833333333333,test
2022-08-07,32.49373777428654,32.440917747046996,32.30176712088296,32.16819619182974,32.49373777428654,32.2889923058066,32.042556959181724,31.932137665703348,32.191082919028176,32.21691458113817,31.937133959904678,32.00044199306194,32.16819619182974,32.30176712088296,32.43232391841635,32.19495348996459,32.17466802623099,32.420141628988965,32.21713053771925,32.35954534388361,32.440917747046996,32.44535507862338,32.158014787481264,32.1742030142631,32.14687184323467,31.897175829241895,31.98833362274726,31.658618187876492,31.526592838061152,31.56967524614043,31.43454676779116,31.632544804331555,31.51746771020122,31.469000725143285,2022-08-06,34.46666666666667,33.59166666666667,33.083333333333336,32.216666666666676,test
2022-08-14,32.46887000386908,32.447680981814905,32.24395384725863,31.994650410484432,32.122865336434906,32.24395384725863,32.35853030438905,32.46887000386908,32.21960542775444,32.189243312098,32.435656879144915,32.229258188843836,32.37004006438976,32.447680981814905,32.45229540911131,32.16492813427869,32.18190111855768,32.15301764992665,31.90350570286662,31.994650410484432,31.665708722145393,31.5334530029753,31.576433201987072,31.441012971878095,31.63941396080076,31.52425904506544,31.475780411029785,31.332813921167592,31.42108950869733,31.258182961381237,31.226688695468173,31.239788153525133,31.413083175977153,31.960375249264068,2022-08-13,34.46666666666667,33.59166666666667,33.083333333333336,32.20833333333333,test
2022-08-21,32.634429671643275,32.59881210783756,32.186300987466154,31.54153630527247,32.634429671643275,32.61852958405196,32.59881210783756,32.54274606756,32.21501468442252,32.21926431951398,32.186300987466154,31.925427320097256,32.009090403946935,31.67600503187385,31.54153630527247,31.584091065506534,31.444986716982687,31.64007463476084,31.525429477056154,31.477414714703684,31.334608122242443,31.422889472992225,31.259720880704414,31.22904583177695,31.242949505654924,31.416010851548382,31.963116483556455,31.273564876273614,30.76321989572223,30.693439359184627,31.068405014228674,31.250622607110554,31.137795303545428,31.5694050785557,2022-08-20,34.46666666666667,33.59166666666667,32.98333333333334,32.15,test
2022-08-28,31.988703057422374,31.799268702667952,31.59408214799082,31.298415669070163,31.799268702667952,31.938267971188605,31.63659035003388,31.548084876152785,31.618412043129133,31.45449822532484,31.65251291753738,31.538755799575526,31.49618700565072,31.357410516833223,31.440504233586523,31.274260717687916,31.25366251496474,31.268551346630385,31.442473468938754,31.988703057422374,31.298415669070163,30.78980997543906,30.72106522808538,31.093243549924857,31.27523771830805,31.162199892852993,31.59408214799082,31.045210438273912,30.60311336797157,31.21862436885923,30.706980819594264,30.225170356441676,30.096233833279598,30.521503736356014,2022-08-27,33.46666666666666,33.083333333333336,32.68333333333333,31.958333333333332,test
2022-09-01,32.3872342772158,31.96969466115952,31.642997606523384,31.322044685847327,32.3872342772158,31.943097259288216,31.96969466115952,31.775335976397777,31.66357023876034,31.487398712068366,31.543291857345253,31.355701260504617,31.322044685847327,31.328945489640088,31.49104157516911,32.03572764266893,31.34308454449843,30.83427524833536,30.76675284552611,31.139678896281595,31.322130463140844,31.211357751299058,31.642997606523384,31.094381427543198,30.652086662248816,31.267091405659897,30.755138170099105,30.273138266580187,30.143517892710374,30.56883521976669,30.58856369701316,30.329289394772218,30.401792288319825,30.39380944143677,2022-08-31,32.85,32.68333333333333,32.324999999999996,31.899999999999995,test
2022-09-07,32.077365972231405,31.657393818371364,31.412784166008144,30.78799102718653,31.86716930141801,31.56334313102265,31.45562045924867,31.412784166008144,31.55060000115791,32.077365972231405,31.38035522069093,30.862363080598698,30.78799102718653,31.157574646410882,31.33924883079495,31.226242658936627,31.657393818371364,31.10659215131784,30.66482320026521,31.280502148457547,30.768718846056917,30.286460356608938,30.157184714595747,30.582461867116024,30.602705479040534,30.343213400729503,30.41548221654875,30.40742555265691,30.170967207597275,30.754441112954122,30.671110209375783,29.644154980820804,29.205375783261395,29.083462812518594,2022-09-06,33.01666666666667,32.824999999999996,32.324999999999996,31.525000000000002,test
2022-09-14,31.702600035256413,31.316694692632673,31.155770602738574,30.441745142198485,31.186971694753208,31.00711480694563,31.316694692632673,31.445399960193924,31.30559945101631,31.702600035256413,31.155770602738574,30.70600439322473,31.31283700161037,30.794348247715615,30.312640678693427,30.182097785775856,30.6116805972655,30.627445228314365,30.36819631927219,30.441745142198485,30.434841671653626,30.197757674870093,30.781307810993187,30.696569987168623,29.67078898686293,29.231874685382458,29.109555434993084,28.667842863503036,29.192358424670346,29.206440606523206,29.656119141677916,29.229869475295448,29.288126612713047,29.170813019906458,2022-09-13,33.01666666666667,32.525,31.583333333333332,31.058333333333337,test
2022-09-21,31.21342589038247,30.723423669008078,30.542356798013525,29.65759923417103,30.542356798013525,31.21342589038247,30.723423669008078,30.25941957835027,30.145163069803537,30.5697474123772,30.602271772630413,30.347938380845964,30.422238830450784,30.41888714253368,30.18389636234083,30.76716583280418,30.68653645932074,29.65759923417103,29.218280958784234,29.09635978974153,28.65400615984108,29.178152309543524,29.19245512802339,29.64104415147054,29.215749946271583,29.274154779012207,29.15674695284988,29.313638339890623,29.103237092945854,28.43480629897041,28.9202425658413,30.14710193868115,29.154206209465716,28.72759185948828,2022-09-20,33.01666666666667,32.525,31.941666666666663,30.508333333333336,test
2022-09-28,31.42094100147916,31.009512965578693,30.21471641301271,29.244312035840274,31.42094100147916,31.10103651392334,30.874385012189602,30.519526508494316,31.009512965578693,30.865842116201748,29.80120302978448,29.334933193971413,29.1941391024207,28.735136263783794,29.244312035840274,29.25516685250372,29.70335707693007,29.27700023883729,29.336217538084814,29.21998936366391,29.37906262818654,29.171365205869087,28.502954953125684,28.98791446678257,30.21471641301271,29.221367158015884,28.79428008278185,28.562441258682195,28.83141911823971,28.984749178363984,28.42201238182743,27.773484071682496,27.512126744968295,27.297873770857787,2022-09-27,33.01666666666667,31.941666666666663,31.46666666666667,28.891666666666666,test
2022-10-01,31.42174509837426,31.125989233399682,29.447499949623104,29.241868474375362,31.18037854233213,31.42174509837426,31.125989233399682,29.968317160192676,29.447499949623104,29.27484983474809,28.804759084095952,29.294995278169548,29.29426443334385,29.735367511886473,29.304675346300794,29.360564783573345,29.241868474375362,29.39702913171392,29.190416199115887,28.522669347150945,29.00803467433007,30.235084863583396,29.242080818198183,28.815328623425547,28.584382055979315,28.85291075328448,29.00596605323119,28.44306118122797,27.794430056465774,27.532954520501907,27.31859384437463,27.25071174086676,26.018338425188702,26.121105289309853,2022-09-30,33.01666666666667,31.525000000000002,30.508333333333336,28.799999999999997,test
2022-10-07,30.274261945977276,29.643054303842767,29.424590328953705,28.853764851459225,29.30466851183533,29.643054303842767,29.50775899394988,29.886467461097148,29.424590328953705,29.455415588181026,29.317510667326616,29.45906847003923,29.236491903633056,28.570902373156986,29.051888361602416,30.274261945977276,29.280110156720387,28.853764851459225,28.62359719028059,28.894788764861513,29.046062142580197,28.483697633486873,27.83596856465914,27.57455476559863,27.35991459247801,27.291709889975177,26.058513739033245,26.161753050149912,26.295485128056942,26.675557455252445,26.552195951312296,26.41540310035264,26.619137973619686,26.13978108578459,2022-10-06,32.375,29.33333333333334,28.891666666666666,28.225000000000005,test
2022-10-14,30.12574625183527,28.98739338985481,28.761050651831958,27.23951496412114,28.761050651831958,28.78650231035226,28.268288144429295,28.84230562718288,30.12574625183527,29.167510597231242,28.753581250164203,28.547617020089508,28.828777842872608,28.98739338985481,28.428696437069085,27.782021310373633,27.521664075201905,27.310403623957107,27.23951496412114,26.006060607793422,26.1087861359702,26.24243959245426,26.62280414085946,26.499503570037902,26.361966009938463,26.56660462858002,26.087404746548366,25.745758474249016,25.456521670327312,25.81731621453342,25.50906767291175,25.484051163643777,25.27151604228374,25.054447233368368,2022-10-13,32.375,29.33333333333334,28.45,27.875,test
2022-10-21,28.92330522190804,28.35090103809306,27.282208370504726,26.08236020414988,28.2183202965025,28.632149795834263,28.92330522190804,28.35090103809306,27.7036665827226,27.4744646082039,27.282208370504726,27.22211179781489,25.992180037954817,26.08236020414988,26.23545566702142,26.625474437368872,26.49906861408744,26.35964696356263,26.563371392358793,26.08449316783498,25.74724914851397,25.45294776286308,25.811284696459406,25.50411066771498,25.47974703758679,25.267543108159206,25.050424888494152,25.02915419628598,25.219070201531707,24.315797896517914,23.326671983069478,23.509855533759104,23.739284474273393,24.30935909972691,2022-10-20,31.366666666666664,29.11666666666667,27.983333333333334,26.724999999999998,test
2022-10-28,27.815303340284903,26.622414696437147,26.365171751167715,25.292518865149376,27.815303340284903,26.365171751167715,26.31170019240544,26.381166244611276,26.787456042258572,26.603251730720004,26.43168703810106,26.622414696437147,26.131567491967477,25.789562796347607,25.491134858136878,25.827657281071584,25.5265216346819,25.50493251925289,25.292518865149376,25.076422020248305,25.055043473060067,25.245240912213728,24.34765938987895,23.356469548564544,23.538653546874123,23.768016589851644,24.337722003409326,24.226585791472143,23.095792701264266,23.10186057945583,23.029147201267556,22.189289285539513,23.22739371581695,23.65492781180877,2022-10-27,30.8,28.333333333333332,27.549999999999997,26.15833333333333,test
2022-11-01,27.52086330207751,26.829787568544017,25.907732639795544,24.393739944257355,27.52086330207751,27.070301208668955,26.735800937520583,26.829787568544017,26.315069557796523,25.920058582513064,25.591501046194796,25.907732639795544,25.594184748517947,25.565002852102918,25.347106501131066,25.117554938931622,25.09893270999216,25.29015960354371,24.393739944257355,23.403260834300745,23.585879599051715,23.815748352648026,24.388652811505924,24.276330363506883,23.144999484513892,23.15058615480241,23.07757841356784,22.23754043096542,23.27546612076119,23.70206418321967,24.21126323928985,23.819193890187915,23.555862496261316,23.45089368029019,2022-10-31,30.8,27.89166666666667,26.658333333333335,25.308333333333334,test
2022-11-07,26.16228308552859,25.738907325951086,25.146692965603407,23.81259770147406,26.040139447953376,26.16228308552859,25.738907325951086,25.658112987869924,25.397565910501154,25.146692965603407,25.125915389702655,25.303645259560156,24.403807631543273,23.408691822264394,23.584019588741853,23.81259770147406,24.383348378835773,24.26659374289684,23.136035710239295,23.140710958057763,23.067874016716303,22.229214919346756,23.267077386011614,23.69402707086597,24.204332281213805,23.811942842954235,23.54881163836943,23.44375691737922,23.612407720749484,23.988631251964282,24.139453794509866,23.398191580365193,22.056954236608252,20.6076276541989,2022-11-06,30.8,27.89166666666667,25.866666666666664,24.166666666666668,test
2022-11-14,27.269074742704547,24.59560701127141,24.122673054086736,23.454598919991977,27.269074742704547,25.552521326466405,24.122673054086736,24.024551424886347,24.099974254857827,24.59560701127141,24.430819852970963,23.243224875515992,23.229307959958092,23.12654062493537,22.271722851728054,23.295661746781366,23.70878163424878,24.211222439161393,23.821933757872262,23.556036655651923,23.454598919991977,23.624847141475165,24.003203343628584,24.156850301686,23.41714546276438,22.0745974251493,20.62580298792479,20.55833243800578,21.197171706211975,20.779493787411443,20.547870145190675,20.69031802783893,20.147292505789984,19.629711906529693,2022-11-13,30.8,26.791666666666668,24.483333333333334,23.299999999999997,test
2022-11-21,25.367574141850945,24.410403714451597,23.959176006424396,22.107932619129507,25.367574141850945,24.513055532024545,23.936968043434756,22.77121730345168,23.629120269725963,23.959176006424396,24.410403714451597,23.961467645139905,23.665675583337666,23.53425256944072,23.692279050534363,24.056245202116592,24.195796154397595,23.44758336779356,22.107932619129507,20.659024534177288,20.59483108089035,21.233923952537747,20.81837909576405,20.58957463129553,20.7337142051397,20.18940574008388,19.6715798881449,19.274221875626477,20.337043473009032,20.505678536387556,20.0025710877218,20.48548484018289,20.85238278596397,20.66314231255949,2022-11-20,30.8,25.633333333333336,24.483333333333334,23.183333333333334,test
2022-11-28,24.041305295103847,23.410476948698612,22.865883471317463,20.580679291550705,22.865883471317463,22.948966357662915,23.108164947930657,23.410476948698612,23.8487450550603,24.041305295103847,23.343629578135907,22.01565702603069,20.60809803458854,20.55236037661812,21.206207511835412,20.803681805718902,20.580679291550705,20.723186925518725,20.183383339581567,19.658527599169485,19.261686408243406,20.322082980710178,20.488092076801014,19.983996817244616,20.467788536115496,20.833649181821393,20.646573677336118,20.249626960499285,20.08419407490253,19.376131606344998,18.8930996437045,18.71883262851777,18.792323277680058,19.391569355284,2022-11-27,25.691666666666666,24.700000000000003,24.166666666666668,22.850000000000005,test
2022-12-01,24.012662219977607,23.329943604484985,20.837876503760892,20.47024859027921,23.329943604484985,23.80040735664444,24.012662219977607,23.32703403853532,22.02826455808976,20.5923631430293,20.548463113330104,21.204762875797826,20.803737483421585,20.58165273664704,20.72472178451553,20.179015442609117,19.663767806676574,19.26445750844932,20.324713642251563,20.490636829626336,19.9864890182494,20.47024859027921,20.837876503760892,20.648100345949572,20.251889407044526,20.086514686818774,19.37848779900646,18.89547760171206,18.72122390075716,18.794211481736212,19.39423171369024,19.834238682049104,18.922857207961368,18.197603362752012,2022-11-30,25.691666666666666,24.700000000000003,23.64166666666667,22.55,test
2022-12-07,21.593030022652627,21.037132219267857,20.674048675373562,19.86330128111334,21.140084533247293,21.593030022652627,21.037132219267857,20.74560292229072,20.83340828249493,20.26735161197279,19.73521850492887,19.319240257928996,20.364881487688958,20.530583513241407,20.019064339332225,20.50197181412131,20.86522910905413,20.674048675373562,20.27879215156182,20.115265421530154,19.405874608091885,18.92410019900489,18.7495562158063,18.823467470963664,19.423689602101444,19.86330128111334,18.951316346423855,18.22640695409149,18.280172585656025,18.256439436053025,18.076762993754215,18.501226341626154,17.965997687775783,18.307707743951074,2022-12-06,25.691666666666666,24.700000000000003,23.183333333333334,20.841666666666665,test
2022-12-14,21.483276858145395,21.170208683778228,20.53820931086398,18.922630052116418,21.067109645069415,21.483276858145395,21.26888787828395,20.53820931086398,20.8805721468942,21.170208683778228,20.90826333085473,20.465872777918403,20.26980029100179,19.53907915124195,19.040437762066727,18.857430103968138,18.922630052116418,19.524884226372375,19.966839198457638,19.05734994591316,18.334373882834818,18.390414678509178,18.367542844797615,18.189404285674183,18.612702548136046,18.076446425657533,18.41722406915223,18.287087392871655,18.230338035858903,17.612476023103515,17.086964322636394,17.484348290148517,18.043647097767163,17.814637709699536,2022-12-13,25.691666666666666,24.700000000000003,22.55,19.766666666666666,test
2022-12-21,21.556423664796725,20.14635518482357,19.219159964666108,18.495993354068997,21.556423664796725,21.00294890132775,20.055269965903236,19.46749483354226,19.197821456905793,19.193893769453855,19.738039094504273,20.14635518482357,19.219159964666108,18.4848747437347,18.52152913148677,18.495993354068997,18.320834812767938,18.750482509020657,18.217564798498042,18.559563113028496,18.43030992348744,18.377668020615555,17.759688050709435,17.232785461999118,17.628023638744935,18.186165929852816,17.95668409674544,18.16337473313607,17.897371149578426,18.43959670606993,19.209476845881394,19.131978673537684,18.30177048835469,17.87758725218065,2022-12-20,22.04166666666666,21.108333333333334,20.3,19.066666666666663,test
2022-12-28,19.728163476754634,19.36203156093559,19.030078636941834,18.293019320639416,18.926173456499885,18.44255145053093,17.984370832985867,18.15824837957184,18.223680183679974,18.09600115535964,18.584299088598843,18.08623584672006,18.44828282391483,18.329931027983115,18.293019320639416,17.682651796992555,17.162742290388266,17.553788391904813,18.10965894819478,17.87915147174768,18.085604555243595,17.816863270213652,18.35798915166812,19.126528189473007,19.0506327339433,18.221321241452152,17.79758238845333,18.026534824048266,19.728163476754634,19.273988141778855,19.36203156093559,19.368393929676966,19.030078636941834,18.30967966764068,2022-12-27,22.825000000000003,22.04166666666666,20.525000000000002,19.425,test
2023-01-01,19.789029519604608,19.427448622060034,19.128696110549804,18.45075957373896,19.581775355179133,18.94923216118961,19.128696110549804,18.44375777084544,18.713278320330108,18.52507988967001,18.45075957373896,17.80193207888155,17.25849595475018,17.635150424790062,18.181632650196235,17.939148905584105,18.14206555575753,17.869639647455887,18.41296776612095,19.18285394982654,19.10778256632189,18.279142453267173,17.85759753205307,18.08680787398491,19.789029519604608,19.333942085779,19.42142755857979,19.427448622060034,19.08887669080988,18.3678105757153,18.014332104114477,18.696613975519274,18.895087097192572,18.379399166765417,2022-12-31,25.891666666666666,22.825000000000003,20.974999999999998,19.633333333333333,test
2023-01-07,19.95151668975646,19.48385616949998,19.17804988240446,18.36993541135014,18.16855042579665,17.617349023485914,17.13353242602737,17.5813701016424,18.148790224737713,17.91869058796527,18.116241282085983,17.852026465326514,18.403284327864217,19.17804988240446,19.096032481079416,18.26961060711093,17.849543908497477,18.0833608669564,19.785112341362634,19.328905684177954,19.415698323653995,19.424136615120283,19.0851931708015,18.36386509628015,18.009167193106737,18.691643794952448,18.89047394728917,18.375006760290464,17.784904637136464,17.63593045547503,18.36993541135014,18.743072797742776,19.48385616949998,19.95151668975646,2023-01-06,25.891666666666666,22.825000000000003,20.974999999999998,19.425,test
2023-01-14,20.031837985615567,19.829602908539286,19.457321012441337,18.986545699661367,17.94995821911615,18.50331466718507,19.249234146230137,19.166938105280867,18.355290367030886,17.901393676990324,18.13065614711489,19.829602908539286,19.36626873744612,19.457321012441337,19.463396576828707,19.118732406485485,18.406168593747207,18.052214574268632,18.735151559334394,18.935811571717934,18.41899779569422,17.82949332595686,17.68210786401372,18.41357621121707,18.786482864771987,19.527123566523652,19.994253887694335,19.180631501941843,19.627620501777237,18.87736119362076,20.031837985615567,18.986545699661367,19.200381374141507,19.319810753117412,2023-01-13,25.891666666666666,22.825000000000003,20.974999999999998,19.05,test
2023-01-21,22.403021394450082,20.995452306682623,20.135236957975547,19.613423104928707,22.403021394450082,20.995452306682623,20.477569038563857,20.135236957975547,19.613423104928707,18.787134542423093,18.35120583546327,18.961083998143238,19.11372577020703,18.576501720103277,17.967620586399217,17.798089593199464,18.517544346985993,18.886651618503326,19.631523362370757,20.102193661696127,19.288172484698443,19.73688904257425,18.990631029187306,20.14711685604516,19.1020380652395,19.314129004055637,19.432218810230104,19.678474112558636,19.982353172236742,20.01991395239258,19.10580018507375,19.91622636513508,20.651747189933765,21.013389484101218,2023-01-20,25.891666666666666,22.825000000000003,20.525,17.408333333333335,test
2023-01-28,23.594452399435106,21.297325874030275,21.056077430268292,20.120790019135015,23.594452399435106,22.013977814058578,20.415090920507573,19.180053194947632,18.582112407658627,19.055102429732482,19.370240597970245,19.990385169424048,20.37182632948848,19.503647332167052,19.912574425873714,19.154958774790362,20.300033799060394,19.220282598373345,19.437401554454066,19.56226655298625,19.812544724235018,20.120790019135015,20.157307685203648,19.243832660795633,20.06257187282443,20.795671730039878,21.154774718564287,19.81408353267026,21.056077430268292,20.564077912541983,21.178055616254312,21.244280012450307,21.297325874030275,20.790394400196575,2023-01-27,23.933333333333334,19.958333333333332,19.100000000000005,17.408333333333335,test
2023-02-01,21.424289332463957,21.223718468741346,20.97906934254974,20.057828240012604,16.246897949957322,17.598622722726212,18.451297860874202,19.405192964265574,19.963369719861102,19.22634102196656,19.667038172601437,18.97636352369566,20.162387495807835,19.107685461921882,19.338717013728047,19.479938513741267,19.73363139420915,20.057828240012604,20.09051283077541,19.17469304910851,19.99199793330274,20.72462388206008,21.081192377951247,19.740836333573924,20.97906934254974,20.48865736660182,21.103606196580053,21.170424647204825,21.223718468741346,20.717580818770557,20.900860499956643,20.931430955765297,21.310596463127066,21.424289332463957,2023-01-31,29.458333333333332,28.283333333333335,19.175,17.991666666666664,test
2023-02-07,26.24957678008875,23.825371203927986,21.22821018038812,20.775520683595392,17.234015382579287,17.45212835804697,19.16041223282462,18.40649493505846,18.84682768928536,19.134066218591236,19.435894235540292,19.828514557993557,19.90002462816542,19.017584900758226,19.8606559875583,20.60180389911303,20.95844051077812,19.62990877620694,20.86422382264629,20.37228208932945,20.983540195437634,21.046571260523883,21.099619424813792,20.594803379348388,20.775520683595392,20.807713838859843,21.187623965176016,21.302560476215167,22.04137055611669,21.22821018038812,21.988427511263577,23.825371203927986,24.513089438063776,26.24957678008875,2023-02-06,33.34166666666667,28.433333333333337,23.191666666666666,18.816666666666666,test
2023-02-14,26.05876464112403,23.630828508051206,21.89769764945083,20.994757994995265,17.600689076616,18.447103777106594,18.02796932302061,19.200242029526716,20.099560103999103,20.552684385185614,19.288975575417226,20.60366251334541,20.14332103029317,20.776975521777562,20.84060707597947,20.906383701794645,20.409430458570846,20.593298348841774,20.61576983089849,20.994757994995265,21.10825339965724,21.849929561476614,21.03498609519244,21.794090769220343,23.630828508051206,24.32175333157804,26.05876464112403,22.768719419128676,21.69015174310449,22.600515847241642,22.374963826726866,21.489984214620417,21.89769764945083,21.75855028428837,2023-02-13,33.34166666666667,28.433333333333337,25.86666666666667,19.958333333333332,test
2023-02-21,25.996831631310794,23.825904564496334,22.5406813677677,21.630732424037916,20.462964312549055,19.987365310769793,20.66392986445517,20.74717265978131,20.815261701417242,20.332700265185384,20.528899986476308,20.55455216858025,20.94829960917763,21.05587753115053,21.795832771330204,20.98260705749596,21.739049923188805,23.57315005063625,24.263709555419606,25.996831631310794,22.708683104864093,21.630732424037916,22.5406813677677,22.315937498052378,21.43174100092462,21.839576403962486,21.70155236449828,20.22950239350853,20.12383018211085,20.615198625991926,21.720788491002885,22.108391844136833,22.777579578535057,23.825904564496334,2023-02-20,33.34166666666667,28.433333333333337,25.86666666666667,20.749999999999996,test
2023-02-28,26.00355112502918,24.290985795645327,23.39056385102094,22.149077807615566,21.532118426469673,21.533263379264564,21.38413281628554,21.975119658831343,21.07566233831549,21.79459585693345,23.624000337618675,24.290985795645327,26.00355112502918,22.70756148329574,21.62250712300948,22.52671027533494,22.294091690541144,21.39985721944232,21.807474630295015,21.671072681554453,20.19866070803721,20.093427088154094,20.58546444358765,21.692710795413696,22.08282105879816,22.75184800717874,23.79957243431895,24.693842552862197,23.82634807151985,22.71927004383996,23.39056385102094,22.149077807615566,22.421737642609536,22.508291997433627,2023-02-27,33.34166666666667,28.433333333333337,26.16666666666666,22.766666666666666,test
2023-03-01,26.310488840898657,24.809716378043163,23.9411317084408,22.62005243578058,25.79825296581383,24.036498605310463,23.6410160848992,22.138118702574246,22.48791768760201,24.091516305348094,24.720771336818522,26.310488840898657,22.939351098192095,21.80832736835529,22.684410276662476,22.434590061057154,21.529833060268192,21.902291159902514,21.77292353915568,20.304814583531055,20.202213192767857,20.695860727455294,21.80409205327543,22.194804841979177,22.872417411969966,23.917228437029095,24.809716378043163,23.9411317084408,22.83338679408839,23.504272655366538,22.262537064524558,22.532693481933897,22.62005243578058,22.097916958399203,2023-02-28,33.34166666666667,28.283333333333335,25.86666666666667,22.583333333333332,test
2023-03-07,26.085159704708826,24.31952792710476,23.926975923851757,22.90495776539591,24.217000890400474,26.085159704708826,22.90495776539591,21.80634006883831,22.743502411129064,22.659270654385338,21.604275543539107,21.99519089227223,21.866771107708075,20.39334619118442,20.311636316917344,20.806260835135365,21.87840664586416,22.319004404202296,22.9955601028671,24.042683524178432,24.938272681972624,24.064678045750178,22.957245016203608,23.63881612396966,22.383030538405947,22.6536246793794,22.740404901673223,22.21743287094082,23.926975923851757,23.429222286055136,23.035971980037935,23.429982044653322,23.225695708903334,24.31952792710476,2023-03-06,32.025,26.51666666666667,23.941666666666666,21.091666666666672,test
2023-03-14,27.188088531207054,25.59508226126012,24.392243041571888,23.47628152670919,24.557684876147334,23.391461308282626,21.360799476396018,20.96959822929309,21.258788667533892,22.192132207079393,22.557470144254236,23.175059277566945,24.18552475802335,25.036488004733187,24.12661765176116,23.00160380704108,23.67617807443464,22.41335229763488,22.683338571912934,22.769914909266646,22.253169687606196,23.969090043716406,23.47391876174959,23.08117312533491,23.47628152670919,23.27160891266615,24.365156787947445,25.01872216075866,27.188088531207054,26.1573392739173,24.028787355518613,24.07613981631573,25.59508226126012,24.392243041571888,2023-03-13,33.641666666666666,31.599999999999998,26.51666666666667,21.508333333333336,test
2023-03-21,27.248612170452198,26.59123082553558,25.425975977167983,23.760091658921255,19.858561652949682,22.072756606685076,23.74176733626807,23.28934119844172,22.4005819609002,23.19181957919709,22.01225525978716,22.400333746683373,22.536956042065974,22.027450086940252,23.760091658921255,23.287614217895136,22.9167204029611,23.321792535620567,23.104001574151777,24.195873810109678,24.8551012912754,27.024414487139556,25.990066611451887,23.857033378513286,23.90261820094322,25.425975977167983,24.224021321685353,23.583363592669606,25.049381439093885,25.536222832143313,25.468265079084187,25.33939114918441,27.248612170452198,26.59123082553558,2023-03-20,33.641666666666666,32.025,28.73333333333333,22.84166666666667,test
2023-03-28,27.22212305358738,26.979091807778147,25.90094244263216,25.02761400810258,21.823341039063592,22.1543729017788,21.782738718887213,23.65605610821825,23.187941528767468,22.808992446660703,23.254038449348695,23.053550761034316,24.16052035435141,24.823562387082656,26.979091807778147,25.959682625407453,23.83885563883311,23.879061655539036,25.40117445985802,24.197167236792286,23.55680470929339,25.02761400810258,25.510700499616558,25.43956810568079,25.312427106600406,27.22212305358738,26.565401562358808,25.90094244263216,25.720236186017484,27.138708009749347,25.864133348425735,25.0270832315329,25.94910651389531,25.32649228062319,2023-03-27,33.641666666666666,32.025,28.73333333333333,23.716666666666665,test
2023-04-01,27.149693765627838,27.01597133208919,26.446012192883234,25.245526341632683,19.636502638088952,20.590862422797553,21.851516101926588,22.180766875262286,23.539262083600057,24.34591242447734,26.598213289713232,25.680374042623097,23.621679110347852,23.69989235981181,25.236438471664858,24.062008414390146,23.4426722984189,24.923790853216477,25.40106139937449,25.326371292896535,25.19705398063606,27.10794085963392,26.446012192883234,25.777528511900144,25.595090722853065,27.01597133208919,25.74287016576518,24.90672141078689,25.828574504947046,25.20755426999004,27.149693765627838,26.825194207579084,26.812190107384794,25.245526341632683,2023-03-31,33.641666666666666,32.025,28.73333333333333,23.716666666666665,test
2023-04-07,29.38553784601483,27.253889686109645,26.947369206555575,25.79834168650251,24.882027438256895,24.64817763970155,23.043835974442427,23.414469645913165,25.182776716926355,23.947885033253748,23.359325715968666,24.892701078917035,25.40250611901151,25.337434539872593,25.209857171684888,27.10667959199263,26.494003284930024,25.83626243012005,25.650832390070324,27.069720059410034,25.79834168650251,24.964432288921266,25.891983346370367,25.25789702840288,27.197589710743603,26.874329450934287,26.86212994749873,25.29511673440917,26.198027418540917,27.253889686109645,27.506855375504603,29.38553784601483,26.911292978299905,26.947369206555575,2023-04-06,36.208333333333336,33.03333333333334,29.908333333333335,24.400000000000002,test
2023-04-14,29.404563431124636,27.553171603520262,26.988650623657353,26.355899008078445,21.892407351056075,23.580882105618482,24.350401348601057,24.640305253368016,26.628586144120113,26.1535220436919,25.62369977813828,25.504595147623764,26.988650623657353,25.724643506801538,24.921863946042663,25.915353082371812,25.298239015991015,27.235800925342158,26.91464866186956,26.896702298531856,25.335469358938262,26.234300175363053,27.274250688881175,27.524166722139505,29.404563431124636,26.930391237860174,26.968524911149473,27.553171603520262,26.355899008078445,26.95689796507121,28.243747264309917,26.11684747693797,25.551965281585154,26.986954014809825,2023-04-13,36.208333333333336,30.358333333333334,27.33333333333333,24.41666666666667,test
2023-04-21,29.702774237222503,28.965012257253875,27.872559677279014,27.017434648979602,24.248881369377,26.258682227109997,25.279748937017594,24.6985560872492,25.832674670359037,25.340135767832482,27.19100270558069,26.90434788543299,26.907538167431763,25.369686535567105,26.269316300210868,27.308301924862555,27.546599256359602,29.466491602447363,26.99143856704902,27.029023694998983,27.61034477985918,26.41490107281152,27.017434648979602,28.308377767071683,26.17064986941739,25.606307761675705,27.041629656184714,26.818016992221185,27.806318004852837,28.50213995165925,28.965012257253875,29.702774237222503,28.68309076091705,27.872559677279014,2023-04-20,36.208333333333336,31.474999999999998,27.33333333333333,24.95,test
2023-04-28,30.853230479670355,29.43699969061735,28.490837362855668,27.568949423160692,27.14673019306981,27.000724468526283,25.41467558008896,26.285681712402553,27.265463447291317,27.51563840456128,29.43699969061735,26.960346784112094,26.998810974932596,27.56834859812353,26.36545087317812,26.97535277809328,28.25704440637469,26.115315588299417,25.549240815078676,26.982971341606504,26.76191010823367,27.75184221497391,28.445249498024335,28.910580890866843,29.64937270236136,28.630114708553574,27.8199959439887,27.568949423160692,28.490837362855668,28.285520448483016,27.883816292204596,28.157028346286406,28.7411311334578,30.853230479670355,2023-04-27,37.95000000000001,31.958333333333332,30.358333333333334,27.025000000000002,test
2023-05-01,30.724197564238803,29.504297793640756,28.676625760769248,27.7519469605931,23.733725606142873,25.65415645713905,26.479742453088413,28.753092443289823,26.43106668589738,26.573787391814438,27.25254687589003,26.121306718236546,26.775042773972274,28.083548496713973,25.958222315584234,25.41954384020529,26.867267155533362,26.64176406866167,27.62759302721578,28.318490344839987,28.782286349206373,29.520138937495663,28.49533926476484,27.682621866970585,27.433705232861428,28.357292570206766,28.15301520623647,27.7519469605931,28.025548012009573,28.611309774539453,30.724197564238803,28.676625760769248,29.46638219547484,29.504297793640756,2023-04-30,37.95000000000001,33.38333333333333,31.033333333333328,27.308333333333334,test
2023-05-07,30.742644122333978,29.973376264534817,29.301813661699924,28.329585204512156,26.267026371615664,25.510458871307627,26.38976371485079,27.8606074242498,25.860805388315647,25.495684266180497,26.810988104193008,26.615228187790642,27.623761959000937,28.329585204512156,28.795544441542592,29.527219411640598,28.470955839547486,27.707247483071793,27.45662774012748,28.377882900906357,28.171882233461265,27.771753021048305,28.048074383401236,28.64342042493103,30.742644122333978,28.695777694108383,29.48633476896527,29.52482500525325,28.297762927749485,28.332785337828547,29.01254708260496,29.301813661699924,29.973376264534817,30.196923387356886,2023-05-06,42.41666666666667,37.083333333333336,31.474999999999998,28.433333333333326,test
2023-05-14,30.702134156851002,30.32754513339847,29.696494765581367,28.928509864735044,25.094169555845667,26.680504126598432,27.720146384059785,28.408313681084742,29.328019602572265,28.328366821972697,27.550861711482586,27.353723024577036,28.29521701645165,28.107213056961193,27.71294170864621,27.977940734674547,28.58307114184688,30.702134156851002,28.649689238998498,29.440403166028336,29.477382626371003,28.250870007952063,28.29049281055687,28.968288107405137,29.25238835410331,29.9258584684691,30.149551326458724,30.061145711103666,29.180239628447858,30.32754513339847,29.696494765581367,30.377915174720208,29.010658115983084,28.928509864735044,2023-05-13,42.41666666666667,37.083333333333336,31.558333333333334,29.083333333333332,test
2023-05-21,30.664328058253297,30.343628398925865,30.063591605091418,29.360521724034573,25.943954409396497,27.421680739350496,27.609196239554713,27.411529429786555,27.687766201195807,28.3695153300697,30.558304480274604,28.54577287700338,29.360521724034573,29.3986156144541,28.182256119604766,28.25928109016751,28.94000317414547,29.21935471899584,29.89070365485098,30.113207873337746,30.027962495425147,29.146279965912502,30.284187166211996,29.65309585861321,30.33636194639287,28.97000972147882,28.888383811777715,28.94802754719156,29.491015724835265,29.468711554432566,30.343628398925865,29.740489387459064,30.063591605091418,30.664328058253297,2023-05-20,42.41666666666667,37.083333333333336,31.558333333333334,29.083333333333332,test
2023-05-28,33.1894163744427,31.543444393384743,31.041601939614345,30.42312641407115,33.1894163744427,32.30206762775391,31.27178269230906,29.44669059125646,29.06667981273339,29.515887490049906,29.754129746630813,30.28222551575884,30.42312641407115,30.29573775213703,29.375455218541397,30.513971059941618,29.869502266458564,30.515830247025182,29.160670562161425,29.084167069939063,29.144720014514192,29.691932036217892,29.66528244668656,30.541474722199272,29.94734222095535,30.266287609889044,30.864974540411023,31.43458768471244,31.327621237052696,31.543444393384743,30.868786271393034,30.921448568219862,31.006066812194195,31.041601939614345,2023-05-27,42.41666666666667,36.75833333333333,31.04166666666667,29.40833333333333,test
2023-06-01,31.491105917006703,31.47454648412739,30.991204610146404,30.46370793596788,29.063886802845968,29.494068602496284,29.720672406606198,30.24446984006732,30.293301156967708,30.20684806080205,29.326641464035834,30.46370793596788,29.818352538567556,30.46413816846144,29.107839646082375,29.05622691824747,29.10418255883006,29.639387336094217,29.612820738184414,30.4890637810814,29.894962335108584,30.214157611540614,30.805677254922966,31.378865878284984,31.275317133249136,31.491105917006703,30.816426768727464,30.86907620341713,30.95362052534791,30.991204610146404,31.47454648412739,31.363872374253138,31.48828339289719,30.956158264957654,2023-05-31,42.41666666666667,36.75833333333333,30.883333333333336,30.05,test
2023-06-07,31.558639884878712,31.526525025923853,31.389531668530026,30.89636142871295,27.61552772283346,29.554833295601515,29.400185099572916,30.13142672135338,28.873155888676077,28.92240598618089,29.025007764316555,29.61243864412404,29.58444311650558,30.459822380871056,29.926619902828218,30.26997896793494,30.864579857626932,31.441671186387843,31.33513194856781,31.558639884878712,30.888679720335713,30.926642456747654,31.005947270037673,31.04367348460119,31.526525025923853,31.417089486089083,31.539526489938076,31.006194668422303,31.011658680427992,31.115634720376896,31.389531668530026,31.493486189950517,30.89636142871295,30.87259186749548,2023-06-06,36.75833333333333,32.29166666666667,30.991666666666664,30.150000000000002,test
2023-06-14,32.49353602884071,31.92711316077078,31.569151958312805,31.156001835058955,29.22425295745004,29.36807838045267,30.439583425069408,29.849504022298706,30.241748917818057,30.86737136240666,31.448404754974444,31.34958970281699,31.581778700293345,30.891089530705955,30.96696604273786,31.04552430584008,31.082474212177882,31.569151958312805,31.460537078050585,31.58234433212956,31.056076724319993,31.051387887155073,31.156001835058955,31.43038044358319,31.53339913322505,30.93613672533294,30.912606742027204,31.148287398900155,31.42160710283464,31.54981749479805,31.92711316077078,32.26252128488486,32.49353602884071,31.835452263452606,2023-06-13,35.56666666666667,32.341666666666676,31.55,30.691666666666663,test
2023-06-21,32.429869066771644,32.18661290495489,31.952191907197996,31.37281517037667,29.42562699640911,30.36962796950261,30.134214208063337,30.565933776804282,30.697168647824686,30.821108559099343,31.36623954725881,31.31657447670216,31.47341783155984,30.962904226046167,30.94572568609526,31.089902931738205,31.37281517037667,31.479554952658024,30.877933664118288,30.852030372196893,31.08788367078715,31.367639074530047,31.486282140659252,31.862207648845224,32.19720648513661,32.429869066771644,31.772709462557835,31.654760562635413,31.753965682222496,32.18661290495489,31.952191907197996,31.990783515808026,31.994217562347828,32.03664205763892,2023-06-20,36.09166666666666,35.09166666666667,33.541666666666664,31.325,test
2023-06-28,33.04264139943576,32.734644379204966,32.188529102496545,31.84939741199197,30.75158068012923,31.112859668995902,30.747362710809103,30.81490963271941,31.013790931654135,31.312520564281012,31.42623128701245,30.841061713181798,30.82820531393462,31.066329411766755,31.348613570038847,31.4679807266663,31.84939741199197,32.188529102496545,32.420233181064376,31.761633827380308,31.644437806722014,31.74377743459479,32.17674232580022,31.941071431167344,31.978677082608634,31.982505474206246,32.02541534593628,31.953239002999755,32.14153166958983,32.215556535902536,32.60720121338525,33.04264139943576,32.746995088856195,32.734644379204966,2023-06-27,36.275,36.06666666666666,35.09166666666667,33.483333333333334,test
2023-07-01,33.022770111289866,32.71519270304028,32.25444522935449,31.95914318296158,30.43170536175964,30.771786298284297,31.156890147115192,31.323437444728818,30.76341314006433,30.762041345422993,31.01878947909174,31.311830063281786,31.43777710831177,31.8232188231147,32.164812692504654,32.40007579777095,31.744768482836662,31.626268053913577,31.724991763451943,32.157579886952526,31.92167851711622,31.95914318296158,31.96229803809515,32.00447693493171,31.93280272723286,32.12135048823407,32.19553140013014,32.58727153334622,33.022770111289866,32.72732753517733,32.71519270304028,32.25444522935449,32.1626009185085,32.32098412531679,2023-06-30,36.275,36.06666666666666,35.11666666666667,33.55,test
2023-07-07,33.13834182469173,32.73261052453158,32.68679952506508,32.183470394952046,31.023392117401798,31.31983704244017,31.429553405330736,31.825390235079578,32.183470394952046,32.412815725405835,31.749404547109037,31.63090306116361,31.728648227250197,32.165876864659666,31.926999891895335,31.95974703794454,31.964594227112194,32.009091113811394,31.93741696663817,32.12624452526074,32.19909777008889,32.59168912018623,33.028537270970844,32.73261052453158,32.719812540019774,32.25906504126613,32.16714068006846,32.32590370821805,32.4688454364042,32.71856351348086,33.13834182469173,32.728488680971395,32.556262210474976,32.68679952506508,2023-07-06,36.275,36.06666666666666,35.11666666666667,33.800000000000004,test
2023-07-14,33.16662687954108,32.89365430211733,32.74668420205291,32.58083954669713,32.89365430211733,32.515131424273335,32.65924715747406,32.227966456894066,32.16046912374705,32.09787552246632,32.13209769605354,32.024589620715844,32.189874963949315,32.24883387749482,32.63667398286319,33.06562293692234,32.766614819931384,32.743069038263464,32.284200341688816,32.19388930185552,32.35349422681306,32.49587867095676,32.74668420205291,33.16662687954108,32.75940980647486,32.58637747958456,32.71628908769392,32.831374693944944,32.73178823722227,32.58083954669713,32.37414447989182,32.28066459484411,32.557967111765834,32.59471462192047,2023-07-13,36.275,36.06666666666666,35.11666666666667,33.87499999999999,test
2023-07-21,33.912775927283874,33.39735560792358,33.057820535834594,32.81268449267917,33.912775927283874,33.39735560792358,33.06070755935522,33.214859109940406,33.463036261366994,33.057820535834594,32.99928031082282,32.484167373669116,32.362320132370265,32.49668549781212,32.62125284756934,32.87197921048105,33.29062225038377,32.87403492792842,32.70523712300979,32.836918183515415,32.95478791546658,32.85758475670379,32.70499858426861,32.49765979280465,32.40623936871923,32.68195044785936,32.71795928812051,32.441867528291276,32.50476245192195,32.67788596021428,32.81268449267917,32.94539895587537,32.70787682240694,32.68752109074606,2023-07-20,36.275,35.85833333333334,34.766666666666666,33.36666666666667,test
2023-07-28,34.52563961130334,33.60542024194005,33.13130155438281,32.976039897127386,34.52563961130334,33.66170409537754,33.349576498566236,33.214368487691836,33.27823119969231,33.60542024194005,33.13130155438281,32.90642108116971,33.000098686632285,33.092588293104306,32.976039897127386,32.819617291676046,32.60339362046529,32.50699229468852,32.78563269542295,32.824491027848346,32.55075250107797,32.61617971607961,32.78856434875418,32.92478133493892,33.05823357102015,32.81945304404496,32.7980249760696,33.04335078087008,32.840700396266726,32.98238202192548,33.06335926874253,33.06718960434793,32.780388118750786,32.79698605212933,2023-07-27,35.51666666666666,34.766666666666666,33.55,32.833333333333336,test
2023-08-01,33.66366835975375,33.167713758200364,33.06017367344266,32.82759607384405,33.37217542310559,33.66366835975375,33.167713758200364,32.94389334430681,33.01335747211766,33.08878063891116,32.985083529549456,32.82594163584783,32.6080545298347,32.51063565274042,32.78452899647548,32.82759607384405,32.557077125353175,32.617810596087466,32.79035093656895,32.926663171863446,33.06017367344266,32.82260877135573,32.799889520955716,33.04424095837729,32.84290077557741,32.98451791185651,33.06545570942483,33.069261913254856,32.78210809167093,32.79907261900176,32.77211143916017,32.52196735331999,32.61337166723299,32.28379177261449,2023-07-31,35.06666666666667,34.00833333333333,33.23636363636364,32.73333333333334,test
2023-08-07,34.02258864198831,33.10115802843281,33.019212902175425,32.83301125434839,34.02258864198831,33.479029957756374,33.019212902175425,32.76605751871348,32.950022606105655,32.94244032863758,32.66297179392841,32.6938635807192,32.84605652635349,32.971860325280616,33.10115802843281,32.8594888527556,32.83301125434839,33.06876022020206,32.86912878716821,33.01238989116714,33.0937787835406,33.0972271420372,32.81029133731005,32.82774617452901,32.80288823467251,32.55203643728847,32.64283655457927,32.31304570995786,32.18126004569643,32.224200283752765,32.08869326676436,32.285973852923505,32.1712213547123,32.12285299103436,2023-08-06,35.06666666666667,33.94166666666667,33.02727272727273,32.625,test
2023-08-14,33.49734313514802,33.292007783968074,33.12186649253368,32.65665643672198,33.49734313514802,33.32496444507834,33.27249461865184,33.292007783968074,32.978751461879014,32.90783267127578,33.143531334947745,32.916701701412336,33.053016113714584,33.12435600102943,33.12186649253368,32.832565768589596,32.84875993318168,32.815367893289384,32.567067807679265,32.65665643672198,32.32778367544758,32.19649974669482,32.239384329273086,32.10379005852413,32.30323811839403,32.18758800877989,32.13946370402483,31.99642192696985,32.0843855088043,31.92148552230007,31.890028326874702,31.90282045385173,32.076252383626354,32.62344017740325,2023-08-13,39.98333333333334,35.975,33.550000000000004,32.625,test
2023-08-21,32.97011051362022,32.777235133161966,32.6161388383612,32.164563510789904,32.32853171931328,32.68819441588888,32.887205212644446,32.97011051362022,32.730852983528585,32.777235133161966,32.74743069446956,32.51991709132594,32.6161388383612,32.29388555810117,32.164563510789904,32.209275952508115,32.0749211957909,32.279384102509475,32.16148281967928,32.11372148999522,31.970168835311956,32.058417066972325,31.895511618417817,31.864016356448644,31.87556744821258,32.049761850497404,32.59691825957166,31.90765550123998,31.39736612664895,31.327538528101808,31.702756095092216,31.885657283518544,31.77251229016178,32.204111490029085,2023-08-20,39.98333333333334,35.975,33.550000000000004,32.21666666666666,test
2023-08-28,32.56731674376658,32.25670141810716,32.14242060006306,31.87821987466257,32.25670141810716,32.43993011824974,32.17499504825667,32.0688565412738,32.14242060006306,32.01855672523063,32.23289062132382,32.12419776701657,32.08066604885943,31.938529325895797,32.031042093237296,31.866548524412828,31.836129611929415,31.847351122932537,32.0204369783915,32.56731674376658,31.87821987466257,31.36705975357273,31.2979001443591,31.672940480575917,31.85601590545114,31.743236955518345,32.17494521531883,31.625740263771565,31.18437846822588,31.800010903522775,31.287550259537156,30.805431494956338,30.6764215409365,31.101741606224813,2023-08-27,39.98333333333334,35.975,33.550000000000004,32.041666666666664,test
2023-09-01,32.849019809119554,32.5127094802186,32.19535446104604,31.880216854916505,32.849019809119554,32.460357365520515,32.5127094802186,32.30483212720251,32.19535446104604,32.04157341515458,32.10797839979745,31.92331278069911,31.880554282495975,31.88422745936018,32.052723761595644,32.598304570260424,31.90020366124005,31.388966849088018,31.320962301574355,31.69670920864861,31.880216854916505,31.76769432299446,32.19912786583209,31.652103456022633,31.210521746267315,31.82567579057029,31.312922506689528,30.830624729315165,30.701507552837736,31.126885494212758,31.146159565486393,30.886681865092406,30.959142410385635,30.951388667357886,2023-08-31,39.98333333333334,35.975,33.21666666666667,31.950000000000003,test
2023-09-07,34.540428775228214,32.90225302469447,32.2676766660932,31.458039227937483,34.540428775228214,33.43433147931392,32.82538184836131,32.48241191571739,32.44897291643175,32.90225302469447,32.14908031293857,31.567898165788687,31.458039227937483,31.808908524759715,31.977282331292926,31.852609241506403,32.2676766660932,31.71024313760514,31.272666532757373,31.890003834825723,31.378378552600445,30.896746699881213,30.76886450198498,31.197553607591505,31.218966945899616,30.95783045436268,31.029352596952382,31.021084189257802,30.78434470011791,31.367357645804983,31.28301251642572,30.25569932879726,29.817376306767216,29.695668221290365,2023-09-06,39.98333333333334,35.675000000000004,32.425,31.708333333333332,test
2023-09-14,32.22371765631778,31.760105786468653,31.399157167451335,31.009006997742826,30.25692865075702,30.759014450464907,31.34645387676748,31.703569950136593,31.760105786468653,32.22371765631778,31.65198895037772,31.250307023462007,31.869955672214505,31.399157167451335,30.92990395743132,30.790783371648022,31.23042197691577,31.27111832599115,31.009006997742826,31.085553232183663,31.069082752180037,30.830929369621607,31.418458827448674,31.331777304118745,30.299434533550386,29.861688288757087,29.738725116881177,29.299880169805956,29.824781589904497,29.837774243047452,30.288038747120837,29.863684592946708,29.92161875947541,29.804496228232843,2023-09-13,32.86666666666667,32.34166666666667,31.90833333333333,31.249999999999996,test
2023-09-21,31.61744779356169,31.321069708015067,31.060908084392324,30.289467530547878,30.85291949848372,31.61744779356169,31.2364794868698,30.817762401108762,30.718998234589847,31.17507839472314,31.228731067331992,30.973889801023596,31.060908084392324,31.05049884401009,30.817316151830937,31.405184885089216,31.321069708015067,30.289467530547878,29.85236185894704,29.72806692979955,29.288505934619067,29.812608032735334,29.825884548596953,30.27564787985473,29.851224394741617,29.909062498225893,29.79237429982532,29.948491553666656,29.738118076561065,29.069990169443383,29.55509616129542,30.781709906953164,29.788978433679944,29.362159508910644,2023-09-20,32.86666666666667,32.34166666666667,31.90833333333333,29.716666666666665,test
2023-09-28,31.511556099450566,31.40264761444347,30.818036265899458,29.84924128182501,31.409060912173597,31.338568262318127,31.243589908603177,30.954254794321447,31.511556099450566,31.40264761444347,30.355215119300404,29.90479715791503,29.774644183680188,29.328128795793642,29.84924128182501,29.85960704254812,30.309333409330506,29.88507722357785,29.944055755622447,29.8274113866092,29.984519819762827,29.774390908418628,29.106722137339034,29.591610176275893,30.818036265899458,29.824893019724968,29.398009245343566,29.166784055494265,29.436489045305777,29.589626260905227,29.026921706947945,28.37850813843144,28.117096289489073,27.90278785413505,2023-09-27,33.47272727272728,32.86666666666667,31.79090909090909,29.716666666666665,test
2023-10-01,31.975102813202678,31.690262010683714,30.058559270505693,29.860837695915848,31.690262010683714,31.975102813202678,31.699525611751348,30.55013903234634,30.058559270505693,29.88364314424544,29.41638423165894,29.91674099011255,29.914410119797,30.35636974175543,29.92736250629701,29.977368260452437,29.860837695915848,30.016116475158594,29.807176047169058,29.140234291540658,29.62556705817538,30.85226519528422,29.8610238877807,29.433700746175866,29.202750138614782,29.47196289521199,29.624799003395015,29.061910256917617,28.41338401470855,28.151406736188907,27.937210957726972,27.869330963660573,26.63676253294791,26.739592461161063,2023-09-30,33.47272727272728,32.63636363636363,31.272727272727277,29.716666666666665,test
2023-10-07,30.821427698144266,29.99403926756191,29.91220308361388,29.397032828921507,29.61149306653211,29.99403926756191,29.913320303161267,30.34011793137718,29.91220308361388,29.989808925538952,29.84257991092694,29.991043547631676,29.786044134706973,29.12332160898532,29.60185484776268,30.821427698144266,29.818122960032266,29.397032828921507,29.166472459834875,29.433603804385392,29.58464931064679,29.023348833779853,28.376642659477046,28.1179829589487,27.90192230555278,27.83388068672498,26.60187713866018,26.705200625528306,26.83863991457255,27.21842671234599,27.094281650825202,26.957897834884427,27.16158767872212,26.68189060111217,2023-10-06,33.47272727272728,32.63636363636363,31.272727272727277,29.7,test
2023-10-14,30.708757233436067,29.545641705279905,29.382568784237286,27.797591224867425,29.499272977692787,29.473190020880118,28.893778633269612,29.447780661418186,30.708757233436067,29.731113984642807,29.32487892523025,29.1079984062606,29.382568784237286,29.545641705279905,28.98468784286063,28.33955597834546,28.08176372071448,27.86647472177267,27.797591224867425,26.56533850436783,26.66637056666121,26.800413818145557,27.18018034359832,27.05605022767227,26.919606600848837,27.12363574655243,26.644070179196746,26.30289497355598,26.01353845440052,26.374499066600208,26.06648477567347,26.041153432384274,25.828791523095724,25.611826628414637,2023-10-13,33.47272727272728,32.63636363636363,31.272727272727277,29.7,test
2023-10-21,29.26799457514187,28.77794530739613,27.752984902575307,26.56616231448587,28.528166598407818,28.961023208334797,29.26799457514187,28.77794530739613,28.156875830371575,27.944744481229165,27.752984902575307,27.700946445798564,26.48773532529901,26.586948893957715,26.724777650413113,27.11238444571784,26.984198478685837,26.84653319843096,27.04911364763007,26.56616231448587,26.226768546189607,25.9371005495144,26.29629012273931,25.98972483724519,25.964919586902266,25.753080154127847,25.537149955079347,25.516508200108056,25.705107187455322,24.8015961679588,23.81229929112392,23.99561113260031,24.224936989521584,24.794672471150633,2023-10-20,33.47272727272728,32.63636363636363,31.272727272727277,29.790909090909096,test
2023-10-28,31.190103334737827,28.030953220234746,27.38513991124076,25.933232592611507,31.190103334737827,28.71084021329549,28.030953220234746,27.6804563150268,27.81076124950625,27.531510427055963,27.284990602358842,27.38513991124076,26.840005789289762,26.463899767158996,26.155131919181812,26.49078955366073,26.168018166250608,26.138004192387488,25.933232592611507,25.721489708405816,25.70303005368406,25.89200329678936,24.992110805892274,24.005545604101133,24.189182482878458,24.41577363785794,24.983875220110182,24.87168482265694,23.741107905332527,23.747754913906903,23.673668339383028,22.833364093421288,23.872242746175377,24.300224190517504,2023-10-27,32.63636363636363,31.8,30.37272727272727,27.872727272727275,test
2023-11-01,30.605350370973476,28.40581033271001,26.73716272492399,25.108787704138862,30.605350370973476,29.287598738809375,28.40581033271001,28.116837766107956,27.391613422801495,26.86781605209961,26.4806168871613,26.73716272492399,26.365997307964726,26.306379884385958,26.08364734175171,25.844341099310345,25.8197563718799,26.001574402902925,25.106211893101552,24.12241775767601,24.307749744808174,24.535335488771942,25.108787704138862,24.996799010662023,23.86732056794016,23.872091397814412,23.7968571329179,22.95585082526483,23.99431212706286,24.420681595939598,24.929741194331235,24.53711499215545,24.274000541412754,24.169658631920374,2023-10-31,30.727272727272723,30.37272727272727,28.845454545454547,26.672727272727272,test
2023-11-07,27.714708254623016,26.873014284389747,26.03974746828056,24.601811908487484,27.714708254623016,27.513161742718236,26.873014284389747,26.643592973421867,26.341184980685618,26.03974746828056,25.97258195745981,26.119750769873583,25.204123074088546,24.20471655963976,24.382003850592422,24.597746295094225,25.167785126384803,25.05501696460337,23.927522553489894,23.93324089686285,23.859506236734187,23.018986517276495,24.059725810020936,24.48639267308039,24.995259835470808,24.601811908487484,24.33827093663563,24.233404921226178,24.402546350172635,24.777921378255844,24.92880923930615,24.187948889547172,22.847008527836014,21.39779560414705,2023-11-06,30.727272727272723,28.63636363636363,27.763636363636362,25.563636363636363,test
2023-11-14,29.091285417518286,25.605844351795742,25.148765000707808,24.366179771592126,29.091285417518286,27.070101808811906,25.412183432467973,25.17739444480367,25.148765000707808,25.605844351795742,25.405181295490674,24.190791274152634,24.147579279814785,24.03882782590986,23.179534985324388,24.20658697410882,24.614431305513495,25.117161542964272,24.729437175847874,24.468188645785485,24.366179771592126,24.536311627659686,24.912922893368282,25.067556495010717,24.327449165685252,22.984258044065925,21.534014098292484,21.46663376428729,22.10546155875711,21.688255455363578,21.456332799656682,21.59888558173027,21.056037767663387,20.538868015276428,2023-11-13,28.63636363636363,26.672727272727272,26.045454545454547,24.245454545454546,test
2023-11-21,24.99770645229346,24.82348788736388,24.33689025434224,22.039311989149923,21.983412230896555,22.773641983939186,23.204033220535113,22.656787174076108,23.864987877444175,24.33689025434224,24.887661746746765,24.57411831125266,24.345181708007683,24.25455283245722,24.436725718025365,24.82348788736388,24.99770645229346,24.267046057984313,22.9168191483284,21.466009209756706,21.400681678485448,22.039311989149923,21.621188280134113,21.38487779840001,21.525471272084864,20.985090978266918,20.468361291500134,20.071665434374246,21.134825948346844,21.304325151713396,20.803442357876772,21.287417880699447,21.65322096660741,21.4636845930019,2023-11-20,28.63636363636363,26.045454545454547,24.9,23.518181818181823,test
2023-11-28,24.778239090156664,24.07308527691268,22.790788086883442,21.37542972963363,22.04999386883478,22.816123886314788,23.34175118252667,23.893899691868736,24.4913809558371,24.778239090156664,24.07308527691268,22.790788086883442,21.384800498385033,21.344729617295386,22.000812077541777,21.5978274199199,21.37542972963363,21.536949066928194,20.994399589782592,20.47540788645556,20.07794681245326,21.140066425038963,21.307652019964056,20.804267783490015,21.283161349664063,21.650138361532253,21.46158761269599,21.064942023071247,20.899091926943086,20.19062476877771,19.707417729436465,19.534569330496023,19.607751208327024,20.207425815769756,2023-11-27,28.63636363636363,25.87272727272727,24.045454545454547,23.127272727272725,test
2023-12-01,24.812723974549147,24.091209026212866,21.63993452285589,21.275360840433187,23.99885406777726,24.552612089829527,24.812723974549147,24.091209026212866,22.769212401644523,21.39158466640533,21.34554428220989,21.998295956197968,21.59327380005757,21.36962973732618,21.530386647429825,20.995864913659606,20.466723121574468,20.06972388767478,21.13203422274955,21.2997364858601,20.796423617296398,21.275360840433187,21.63993452285589,21.454222268546694,21.057404619171315,20.891475531660177,20.18296005312438,19.699723455391958,19.526856975081664,19.600722986292105,20.199583453558176,20.639765737206428,19.72854392624682,19.003430512037568,2023-11-30,28.63636363636363,25.87272727272727,24.045454545454547,22.809090909090912,test
2023-12-07,22.100189628155285,21.675259124151403,21.465941684255135,20.682537674375958,21.50608600695107,22.100189628155285,21.675259124151403,21.465941684255135,21.655239885307722,21.062625473400537,20.518508180038253,20.118007134703287,21.18180282891732,21.345845619582366,20.832711563796906,21.299982988155566,21.679034681078708,21.496296763461185,21.099679629562146,20.932835437912164,20.22506703240706,19.744456699487333,19.5748154163323,19.64447086602266,20.242438438064507,20.682537674375958,19.771561949250994,19.046225198888987,19.099680310080068,19.07455834222251,18.896107838193785,19.321221330279947,18.78585634508721,19.127279610107582,2023-12-06,25.87272727272727,24.6,23.136363636363637,22.172727272727272,test
2023-12-14,21.76008417555893,21.41680803766074,20.979619118789604,19.694159255133894,20.251704454730334,21.31369695384,21.41680803766074,20.9219185615514,21.40671058152922,21.76008417555893,21.556731210187458,21.15453968550107,20.979619118789604,20.284026277531357,19.79498126689985,19.618360832355435,19.694159255133894,20.29728849323276,20.738532268995627,19.82959166755515,19.100603218253436,19.156368302236906,19.133179918234557,18.95293344593918,19.37654667901797,18.840839829552774,19.181672051329457,19.053384823991465,18.99679350090383,18.3790704699316,17.854191430048566,18.25150340885557,18.810656162183854,18.581637940358046,2023-12-13,25.87272727272727,24.045454545454547,23.136363636363637,21.845454545454547,test
2023-12-21,22.175171217980953,20.87738984018087,19.947224655072155,19.23469946866479,22.175171217980953,21.668645487146375,20.78652596235154,20.12953289938911,19.87074413731348,19.87852074633312,20.46860539859184,20.87738984018087,19.947224655072155,19.20058335478767,19.260954513119273,19.23469946866479,19.057657361910245,19.47505862500369,18.94255506863149,19.285738350202614,19.160225150111,19.100923731143546,18.483226284961745,17.956909505194687,18.355679910722742,18.91372128796409,18.68391120205164,18.889538461753634,18.625444080477234,19.16759127154339,19.937305325688722,19.858797559929826,19.0286188077041,18.604529823859664,2023-12-20,24.90909090909091,23.636363636363637,22.163636363636364,20.69090909090909,test
2023-12-28,22.382180508236736,20.59621470452846,20.002926875344762,19.294516670547377,22.382180508236736,20.847127521189186,19.775889765766415,19.627145113016937,19.526612146246627,19.294516670547377,19.64470867598407,19.062515331625452,19.39573888194711,19.25113815758137,19.18318009102113,18.54484117675569,18.008648730236995,18.410971040413635,18.97363884678769,18.740812312672645,18.948312017176793,18.684499207354346,19.231208899024228,20.002926875344762,19.922900534389264,19.091090888676003,18.667676853270255,18.8961227231428,20.59621470452846,20.140364418162772,20.227450978070888,20.234966121697646,19.897347767570757,19.17684501951154,2023-12-27,24.90909090909091,23.44545454545455,21.920000000000005,20.672727272727272,test
2024-01-01,20.64364827243161,20.280927263960894,20.046672106182072,19.329483227936436,20.62857151145765,19.986077851762097,20.085222318555815,19.329483227936436,19.603264737320096,19.430272786051333,19.309355570053114,18.639752994362148,18.08443603522155,18.475059556249747,19.036285742843297,18.789211835242835,18.98571595329862,18.725359186113497,19.273859050692085,20.046672106182072,19.96731564375146,19.13428088207376,18.71394108040635,18.944919847369032,20.64364827243161,20.18705655156324,20.273689563394825,20.280927263960894,19.94360690957703,19.222192565834114,18.86820605766052,19.551485987455575,19.75038866875496,19.234944128788435,2023-12-31,24.90909090909091,23.44545454545455,21.40909090909091,19.12727272727273,test
2024-01-07,21.005793790340473,20.70276523950554,20.24879539387617,19.38091576855267,21.005793790340473,19.71324135818368,18.752540933148257,18.910582668355246,19.356389160937,19.003288993971864,19.17390030628675,18.865222925470956,19.38091576855267,20.140616188555757,20.048833336527842,19.20051449003843,18.78095884062134,19.001269951909613,20.70276523950554,20.24879539387617,20.33504225800967,20.343303993282785,20.008807941558864,19.286222186633324,18.93470817997936,19.61684216049967,19.81477797635293,19.299311293523974,18.70916447667136,18.558859729704462,19.293188862798424,19.665393595096518,20.406261654539012,20.874169875448363,2024-01-06,24.90909090909091,23.44545454545455,20.69090909090909,17.836363636363636,test
2024-01-14,20.939211997781353,20.70680329449941,20.35148455921383,19.89349638370431,18.803733455605705,19.37320879790677,20.141234553587257,20.045461370510672,19.168490187294324,18.765257145473328,19.01726663592046,20.70680329449941,20.25616773405568,20.35148455921383,20.36789306717649,20.045879190835134,19.321245130434875,18.96226623864303,19.648802286818388,19.84638424780649,19.32868984359921,18.736436895873812,18.582698547688242,19.31769768673164,19.692089398492946,20.43172953659486,20.899758221823244,20.08639864779389,20.534180597413112,19.785742818633477,20.939211997781353,19.89349638370431,20.107619235154296,20.22679217656717,2024-01-13,24.299999999999997,22.363636363636363,20.689999999999998,18.53,test
2024-01-21,22.7565210888811,21.51430460874685,20.940309530455522,20.39824447296468,22.7565210888811,21.51430460874685,21.135868032339847,20.854313851022393,20.39824447296468,19.567172514185643,19.16196552956978,19.793023683764513,19.956210257106726,19.414480285478636,18.809858728815342,18.634761230946687,19.36368475390788,19.728958134692665,20.470801742318667,20.940309530455522,20.128711663118686,20.57690345689683,19.832662360312682,20.986698954777257,19.942875798981426,20.155930192115264,20.27441200430681,20.520010391105505,20.824061816020965,20.861059192406227,19.947654432821803,20.757726486352013,21.492974796273934,21.854506848662105,2024-01-20,25.059999999999995,23.490000000000002,20.060000000000002,18.169999999999998,test
2024-01-28,21.897562475808783,21.77643137039874,21.385440471980726,20.413275968545403,18.16504204608706,18.912094329337386,18.69383813967747,18.286418560998158,18.2817253972157,19.089063687649066,19.505550675162166,20.28670956919896,20.788932178462588,20.00698377227733,20.473505015749673,19.726237231224054,20.885810312156305,19.84444530157241,20.056718416057837,20.172243391454206,20.413275968545403,20.714479375928295,20.7538081563797,19.839715978633834,20.64963318938901,21.385440471980726,21.74802363535262,20.41047182105565,21.654782695308196,21.162163949534992,21.77643137039874,21.845248821165924,21.897562475808783,21.389661282352986,2024-01-27,25.059999999999995,21.636363636363637,20.318181818181817,19.080000000000002,test
2024-02-01,21.985934931590638,21.789058238987568,21.54269578449359,20.61300594772436,16.47420946558365,17.941530816615153,18.76174065030612,19.749637841792854,20.389154884090335,19.703522465989327,20.234683892711168,19.53769285832172,20.72802108112557,19.70546951311663,19.94075909254858,20.06726559709415,20.31148816044717,20.61300594772436,20.649455856286565,19.733602623716294,20.542442567328678,21.274298623882018,21.63535105280524,20.297872052461724,21.54269578449359,21.051269378821765,21.66626617437417,21.73552979602484,21.789058238987568,21.281646596650837,21.464108578039003,21.492796822539333,21.87225455377625,21.985934931590638,2024-01-31,26.14545454545454,23.490000000000002,21.209090909090907,19.37272727272727,test
2024-02-07,26.838237539642765,24.413173950546824,21.817024119582207,21.369827467246896,19.878430243148458,19.25896754999627,20.505525223818246,19.51776742898075,19.75177763592634,19.901783814117024,20.197332789066813,20.506645285764627,20.554956182500174,19.643839820951396,20.455463738418388,21.1954778012229,21.554573848324203,20.205326932874733,21.449704335941927,20.95597575783656,21.57028483417087,21.63916027990737,21.690604596538932,21.183905418947546,21.369827467246896,21.398700567462754,21.778851884023616,21.89275039946258,22.62978746346087,21.817024119582207,22.57774237825548,24.413173950546824,25.101827852204785,26.838237539642765,2024-02-06,26.14545454545454,23.490000000000002,21.636363636363637,20.060000000000002,test
2024-02-14,26.95468450416321,24.533542561233563,23.268372161327783,22.003625632283654,23.528050638196852,22.472992849745765,20.829898530566833,21.23629037601694,21.729693971784393,21.969402592998065,20.54208209571635,21.699778111487184,21.146455864708027,21.740625447792087,21.785013708151695,21.821113504715413,21.296025223713674,21.472140856539426,21.50615029461462,21.891322936687207,22.003625632283654,22.743167437063253,21.932040790100412,22.696335743433107,24.533542561233563,25.220096840520295,26.95468450416321,23.66458021029637,22.586378277339655,23.49550066433523,23.268372161327783,22.383202303540163,22.792131794378005,22.653656821741915,2024-02-13,26.14545454545454,23.83636363636364,21.636363636363637,20.290909090909093,test
2024-02-21,26.7757518290357,24.602220379317416,23.313629025820585,22.406222029135407,20.068724472683485,20.070140712192615,20.99531193440573,21.24406320731741,21.38697213120286,20.95008975119846,21.18819255855164,21.28156033056433,21.68786456205008,21.815480125730517,22.56385017884513,21.763331564143613,22.52757319308592,24.36245010099489,25.041445573111087,26.7757518290357,23.48479270658211,22.406222029135407,23.313629025820585,23.08732287591404,22.203313283417195,22.6147072418172,22.47649752258651,21.005345268906677,20.899907716435973,21.39203841452096,22.49809665980104,22.885659655882506,23.55383736636481,24.602220379317416,2024-02-20,26.14545454545454,25.60909090909091,22.58181818181818,21.018181818181816,test
2024-02-28,26.72033061647592,24.975962079604706,24.149220631300746,22.90903403930138,20.70569677439385,21.312676206287748,21.535686580855963,22.400370286827915,21.631235951168534,22.449408757544386,24.278619927620692,24.975962079604706,26.72033061647592,23.443354481727766,22.35675628779777,23.27062934753556,23.038342078341802,22.161732696410866,22.571413280809974,22.43248751773233,20.958657862918486,20.856326098925006,21.347101988943173,22.455174153997007,22.8408053072159,23.509586500116754,24.55824367758424,25.453048277614947,24.584802475626624,23.47813356914035,24.149220631300746,22.90903403930138,23.18177522240427,23.268069486546125,2024-02-27,29.91818181818182,26.14545454545454,23.83636363636364,21.01818181818182,test
2024-03-01,26.84397383532267,25.122003091969763,24.47475310292635,23.13593539231945,22.715295202600224,23.13593539231945,22.09517209690175,22.74718485571732,24.47475310292635,25.122003091969763,26.84397383532267,23.53317097645225,22.425880400922125,23.327095579431525,23.08706526933081,22.205719337782682,22.60904530163371,22.463873709206986,20.991980989555337,20.89083408169412,21.382334768329944,22.490850303783482,22.876752674205314,23.5466888226297,24.596727263627372,25.49072964474854,24.62199311182976,23.515024016899595,24.185927448690986,22.945628526876437,23.218018045347456,23.30390415293434,22.78134926387001,24.48947997428396,2024-02-29,29.91818181818182,26.14545454545454,24.89090909090909,21.01818181818182,test
2024-03-07,25.435584983455755,24.78011764163747,24.189196895205743,23.200154011103066,24.189196895205743,21.920361217527404,21.361970548768088,22.607101543139905,22.58771438200578,21.85109618664363,22.313184976776817,22.24358777226379,20.80364904255169,20.74736424815853,21.263977863220752,22.38491903665487,22.775631181323842,23.457026151660045,24.502737165361417,25.398176562152056,24.52307677070207,23.41288173471123,24.082651850995347,22.842458178229634,23.112475616363522,23.200154011103066,22.677527077190014,24.38768562390548,23.890835254046365,23.501030208861543,23.890622000024205,23.686526539146392,24.78011764163747,25.435584983455755,2024-03-06,32.50909090909091,29.91818181818182,26.027272727272727,22.81818181818182,test
2024-03-14,27.589569934308706,25.996544657177846,24.76468013650053,23.877339241914868,23.105522851772946,21.342642827398098,21.065303114831675,21.4230109706824,22.475400505958635,22.89805575005399,23.510827762148864,24.546660103645213,25.41272564939895,24.52638213361065,23.416084364279044,24.077594269273305,22.811212574822758,23.09043240192559,23.174557000650744,22.656430745302128,24.367418587843375,23.86913722380498,23.48080195049009,23.877339241914868,23.67027683872895,24.76468013650053,25.418734817178294,27.589569934308706,26.559745677106342,24.42995359099852,24.476910461814313,25.996544657177846,24.793465651457264,24.154042935437847,2024-03-13,32.50909090909091,29.91818181818182,26.027272727272727,23.291666666666668,test
2024-03-21,27.744870483270866,27.08730769606616,25.963332401791334,24.399142150580733,22.963537826674948,24.42239358624228,23.900782871390625,23.055575075866667,23.78034785783279,22.547060263624434,22.904569601617546,23.041180396241323,22.544741906477075,24.268392039521668,23.76584754608379,23.403197335055513,23.817050080335704,23.60397400898918,24.69338403869518,25.347364941683924,27.518327860924387,26.492017326731172,24.356280502595038,24.399142150580733,25.921021888738753,24.71969260711025,24.080487499689724,25.54600381619289,26.03052776602107,25.963332401791334,25.83523075961293,27.744870483270866,27.08730769606616,26.422471468203995,2024-03-20,33.541666666666664,30.427272727272726,27.727272727272727,24.727272727272727,test
2024-03-28,27.783584289944127,27.658406777497298,26.464512834421264,25.84296677348454,26.027934797554416,24.270937990745743,25.313860051927193,24.385025112861562,23.753993959547536,24.069142246861123,23.824068459425447,24.81511930069412,25.448262268185132,27.58062289971847,26.533524491617925,24.387248996491746,24.404934409672673,25.90329393231488,24.71011624331549,24.06464590726364,25.53372648307986,26.01962233452956,25.952643202394693,25.830032056977178,27.745353265143944,27.084817804213454,26.42138207109193,26.24090251853249,27.658406777497298,26.38254370358794,25.544136355229575,26.464512834421264,25.84296677348454,27.783584289944127,2024-03-27,41.21666666666667,33.541666666666664,29.91818181818182,25.525000000000002,test
2024-04-01,28.01744338090435,27.86817262455562,27.498726775756438,26.366643745403543,27.498726775756438,26.408446243994938,25.3036477805605,25.825385739846325,26.086865193860437,28.01744338090435,26.936215649842165,24.68287620445827,24.635068781077734,26.093365223378314,24.85948925997432,24.21331917887007,25.674656416674356,26.130266973876846,26.069418377146697,25.950557384346645,27.86817262455562,27.2136724494871,26.547006492864167,26.366643745403543,27.791528489879138,26.51312633695297,25.673165790840695,26.592592152589496,25.969139751385285,27.91057143181878,27.58536336123826,27.57114347034363,26.00595324529694,26.91048104021639,2024-03-31,41.21666666666667,33.541666666666664,27.866666666666664,25.525000000000002,test
2024-04-07,30.065014875488558,28.186374185937083,27.768262817667452,26.50551759389315,23.821491205701175,22.838334390188233,23.493693341546713,25.366887530181597,24.400675395879315,23.90948972856186,25.408131427804985,25.954950301748784,25.92904250374572,25.852675799175973,27.800645741674696,27.16074783370231,26.50551759389315,26.34860070708162,27.768262817667452,26.492631564526274,25.64832381499331,26.56384352831751,25.939136035760693,27.879083812397965,27.548261806209318,27.536204969476607,25.97063123790431,26.87665301465153,27.936040628213657,28.186374185937083,30.065014875488558,27.592952386059974,27.628999473665367,28.2146422784257,2024-04-06,41.21666666666667,33.541666666666664,27.566666666666666,25.499999999999996,test
2024-04-14,30.000502514318406,28.148900337278214,27.66243934519439,27.351359591656827,24.941228969682868,25.304194029203362,25.41330428791597,27.467246553334437,26.949027963899102,26.360749091229692,26.21206218292015,27.66243934519439,26.39691157378151,25.57377600090885,26.50438902921363,25.872649285497634,27.81043577718634,27.487653862251406,27.47316846858157,25.908593911633826,26.810938014159856,27.867463158724835,28.120698876284425,30.000502514318406,27.526473049063565,27.56341871068184,28.148900337278214,26.950548599410492,27.54676052423766,28.832632406612124,26.705885337587222,26.14095194160073,27.576274203348557,27.351359591656827,2024-04-13,41.21666666666667,38.36666666666667,28.516666666666666,26.166666666666668,test
2024-04-21,30.268423511781172,29.532991469428424,28.43776157296048,27.60756407697204,27.63202783603807,26.38897964804155,25.606462124222272,26.6127580621882,25.910131772024492,27.815240336633877,27.515202191348585,27.506252816107445,25.94125592495878,26.835655487789737,27.872777413139147,28.147668047112973,30.037661679193,27.55764026277274,27.593316994620977,28.17911203494321,26.983150913386094,27.584985854841683,28.864706697739038,26.73507140224068,26.171868703680296,27.60756407697204,27.38256597554012,28.370950469529554,29.06693280269287,29.532991469428424,30.268423511781172,29.24840503128338,28.43776157296048,28.18786421574752,2024-04-20,41.21666666666667,38.36666666666667,31.70833333333334,26.28333333333333,test
2024-04-28,31.626151557280313,30.069236116536434,29.39905250641178,28.53314895288964,26.22799818102905,25.23815452118431,26.568189279190438,27.897570154702713,28.329012300102793,30.069236116536434,27.60637811481983,27.698019772309312,28.297058532640644,27.08522378385176,27.6699751722971,28.945604861775436,26.88371057116877,26.330825939194227,27.759826020889985,27.53673747709936,28.53314895288964,29.23615093444967,29.70468438967615,30.421534726041852,29.39905250641178,28.59062303904397,28.34036203172095,29.260522055646863,29.052537161794938,28.64996399387999,28.92948193135269,29.51452472267808,31.626151557280313,29.57894340793373,2024-04-27,38.36666666666667,35.13333333333333,31.266666666666666,26.958333333333332,test
2024-05-01,31.610309326819323,30.393158956027126,29.562886689826392,28.907999313462597,27.115764754672384,27.84473617885667,29.766963707844912,27.415440467933998,27.57550757233565,28.227334484074184,27.011087964041128,27.618504790587366,28.907999313462597,26.854586376901135,26.30688993322869,27.738972147378327,27.5146417716114,28.52079378847011,29.222497935694623,29.69023748361789,30.406602173403872,29.383822875513605,28.57523787716171,28.32577637770807,29.243421538096698,29.03597416726863,28.63372981131574,28.9134488886496,29.49861472064387,31.610309326819323,29.562886689826392,30.354338980918968,30.393158956027126,29.16665051740164,2024-04-30,38.36666666666667,35.13333333333333,31.266666666666666,27.041666666666668,test
2024-05-07,31.466466644226166,30.83412545846416,30.20988912704746,29.05985149932709,23.98860989646882,25.691874827126984,27.65731077636619,26.004855390322863,25.765777516376833,27.310805622643873,27.153352188764508,28.244775324010966,29.005365992166304,29.507527491571274,30.24853253285441,29.222703874678846,28.433950517731958,28.197253753802688,29.11001624725237,28.89765822888311,28.49286766170551,28.77000389378433,29.358774249461476,31.466466644226166,29.41641458563704,30.20988912704746,30.25049652598336,29.024950539874254,29.05985149932709,29.74156275305885,30.02844836059109,30.700947882877067,30.923676001878338,30.83412545846416,2024-05-06,38.36666666666667,35.13333333333333,31.70833333333334,28.90833333333333,test
2024-05-14,31.53941107123885,31.1685521656417,30.53980398044448,29.81712794914151,26.56075630110117,28.00657410979619,28.98758733340715,30.095636684821486,29.086711072702727,28.325645639016518,28.134851850447816,29.097365757770078,28.91675339283327,28.514306789488035,28.771671583846043,29.40774536467719,31.53941107123885,29.495737243334375,30.28691350706134,30.325739705932826,29.10398912498025,29.147278288593867,29.81712794914151,30.098177452394804,30.769477608528376,30.99324576100393,30.904438792344404,30.022248036253494,31.1685521656417,30.53980398044448,31.222114937012893,29.855489544028206,29.77332640497928,29.833881613532043,2024-05-13,38.275,34.85,31.883333333333336,30.89166666666667,test
2024-05-21,33.39598489478293,32.04091297039742,31.32360320257082,30.588918280191265,33.39598489478293,31.56261581107241,30.15250888490502,29.811601901804362,30.134948021059788,32.04091297039742,29.916727424157916,30.588918280191265,30.555303836299103,29.288279119494135,29.298686293045616,29.93318884320108,30.202457188352565,30.850085543687992,31.079323324418574,30.993763592301896,30.113834142462622,31.26300547798966,30.640369024952484,31.32360320257082,29.9622529508289,29.877609310155975,29.936675369613813,30.478753632359226,30.45297715640601,31.32532238525084,30.722099021746722,31.043713071195334,31.645277868380447,32.21565228095038,2024-05-20,38.275,34.85,33.53333333333333,31.358333333333334,test
2024-05-28,35.67889110121049,32.40597948172904,31.902407079875857,31.397387385738675,35.67889110121049,33.72679427317475,31.305177153247833,30.500733709580157,30.673253797591972,30.667739094604418,31.314054998475495,31.40855582909339,31.217461899163705,30.267546701731327,31.404965796660377,30.764705243715856,31.434921435393598,30.0178956356697,29.93751071384807,30.00579425311306,30.55506406490352,30.524801234433124,31.397387385738675,30.794951375471555,31.130696764144965,31.729944235207036,32.297009413050894,32.18924850303476,32.40597948172904,31.732276018479602,31.787266716517053,31.867049938620436,31.902407079875857,32.387490902652765,2024-05-27,37.025000000000006,34.56666666666667,33.39166666666666,31.808333333333337,test
2024-06-01,32.23397948806456,32.22045247311343,31.73580455907868,31.22022937962261,28.925658819345948,29.53378111388745,30.555469190095728,30.75393723711761,30.728553731073635,29.90039822065438,31.114932160348395,30.52141776778429,31.22022937962261,29.82069588402606,29.786958985078638,29.854565332750727,30.3975871263199,30.362749196335233,31.232658639088964,30.628585240744112,30.963329011323804,31.551679720247513,32.12043641380645,32.01537918026418,32.23397948806456,31.56138463508639,31.617053488853497,31.69725155033333,31.73580455907868,32.22045247311343,32.110233246068155,32.23385420322609,31.70114152130975,31.701457758657302,2024-05-31,37.025000000000006,34.56666666666667,33.39166666666666,32.166666666666664,test
2024-06-07,32.74775918592218,32.30088528878593,32.184214843895,31.77289382783089,32.74775918592218,31.563795012824173,31.89100496316492,30.26037743374282,30.08403242652249,30.07348295856922,30.587983048027386,30.50692851783289,31.343921714176332,30.72269202516865,31.048022108890653,31.63097018362973,32.193824355822294,32.07963859531428,32.30088528878593,31.63123806822278,31.68785775571999,31.76832817083514,31.806945971959053,32.29237666322001,32.184214843895,32.3067397495852,31.772976447916772,31.77289382783089,31.876408450198994,32.149972055905806,32.25314084248142,31.65562240035821,31.6318097747127,31.869587522954493,2024-06-06,37.025000000000006,34.85,33.583333333333336,32.37500000000001,test
2024-06-14,33.30343735334172,32.73762255090539,32.46412744864041,32.266798843488395,32.373897718297926,32.53374002118801,31.443921139321855,31.546402215653064,31.98815139740289,32.45908029737015,32.303307802352705,32.46412744864041,31.76251869015351,31.815139770799682,31.87491345601711,31.902266339552344,32.382394287773856,32.266798843488395,32.39478590419237,31.86293269959021,31.859569109340683,31.96629794298832,32.24142847081327,32.34510141219633,31.749090018117496,31.72333574216072,31.96033519211762,32.233104999390875,32.36060589676243,32.73762255090539,33.07280441551225,33.30343735334172,32.64597529552986,32.527539562245394,2024-06-13,37.025000000000006,36.18333333333333,34.23333333333333,33.00833333333333,test
2024-06-21,33.337705359153865,33.09346102017312,32.87241858692529,32.38254773652061,32.206621549882406,31.664200775272544,31.759530312124753,31.835651060963965,31.87881523608585,32.37588295142703,32.27708299383658,32.4055233185706,31.86996382825001,31.87997311727831,31.997679818561327,32.2778631132219,32.38254773652061,31.78531478633942,31.7616228428877,32.00102348782658,32.27078777174905,32.3956498338138,32.7715279053945,33.10660810013497,33.337705359153865,32.67972355900027,32.56064386031087,32.662636344302975,33.09346102017312,32.85902704969025,32.89757914579648,32.901451073472316,32.9441047099212,32.87241858692529,2024-06-20,36.266666666666666,35.933333333333344,33.89166666666667,33.266666666666666,test
2024-06-28,33.99548346364206,33.687478075737296,33.1686279975074,32.89495605481126,32.69467521472217,32.05523712043752,32.01171818266864,32.10235950408111,32.365377384138576,32.4338935263826,31.83794469127184,31.802283827129543,32.04067166471556,32.30695095761491,32.42805659353279,32.80181103834098,33.14293540757366,33.371033054634516,32.714865180277606,32.59509024874286,32.69747720327311,33.12900795487444,32.89495605481126,32.931641088746545,32.936286788744916,32.97836988047484,32.90685108193509,33.09422287272109,33.1686279975074,33.55979113930078,33.99548346364206,33.699596461235124,33.687478075737296,33.2266794365488,2024-06-27,36.266666666666666,35.933333333333344,34.69166666666668,33.60833333333333,test
2024-07-01,33.99757619843128,33.68948198701595,33.29562606584195,32.938448343241184,32.03483392009268,32.324885163253434,32.40993807279559,31.82410505907293,31.799195312065468,32.04145727845325,32.303774928651144,32.426939935063864,32.801954131776526,33.14384911264261,33.37241815592636,32.71523321370444,32.5956092698355,32.699899930371835,33.131312761387385,32.89718872729933,32.933829635626594,32.938448343241184,32.98088838554226,32.90936675525094,33.09621861727371,33.170672581136095,33.56186559862171,33.99757619843128,33.70170037543867,33.68948198701595,33.22868545166964,33.13732299986967,33.29562606584195,33.43896659756533,2024-06-30,36.266666666666666,35.933333333333344,34.69166666666668,33.733333333333334,test
2024-07-07,34.14415670292949,33.80936096663709,33.725434373357984,33.208144424625466,32.06315646558549,32.29677283040246,32.733002136921044,33.131003709091495,33.42981447755224,32.75483546813677,32.61144076231154,32.723925493327314,33.159524632071545,32.929778027087764,32.96375827961017,32.95647317733283,33.00901452537225,32.9473584641972,33.133741129641095,33.208144424625466,33.598786748828495,34.035687711785435,33.74347992194406,33.72853231477813,33.265011641841795,33.173843516819105,33.33219784080103,33.47571840525435,33.725434373357984,34.14415670292949,33.7349233962273,33.563493262042535,33.69381604987325,33.80936096663709,2024-07-06,36.266666666666666,35.51666666666667,34.425000000000004,33.86666666666667,test
2024-07-14,34.24018032265359,33.902924416481405,33.82079807113968,33.65154113420211,33.755649558168926,33.83577843396339,33.38699788913647,33.30480490269884,33.21970028201137,33.232396390719764,33.1121230819583,33.26973666424964,33.32495484820043,33.70431525597363,34.12921871063223,33.83160415958815,33.81112962490231,33.35402447741903,33.26475305156682,33.42472151208946,33.56909960581325,33.82079807113968,34.24018032265359,33.83198567042825,33.65838829430033,33.78796546066328,33.902924416481405,33.802753753987325,33.65154113420211,33.445001211908114,33.35179782520503,33.62926005366814,33.66610205552206,33.390984494579115,2024-07-13,35.041666666666664,34.69166666666668,34.166666666666664,33.733333333333334,test
2024-07-21,34.238335485323496,33.900979663555326,33.8291177095838,33.65712960429717,33.33525597309998,33.37070915946372,33.74638849403253,34.157950335462594,33.8497315684967,33.8291177095838,33.360417558425716,33.27654339166406,33.42988843285433,33.56780904221164,33.81872997944239,34.238335485323496,33.82846149664747,33.65712960429717,33.784519382736654,33.900979663555326,33.80241565535097,33.65127821625035,33.444584344473924,33.35180628552,33.62858668770763,33.66603384655794,33.390474167274,33.45383723344919,33.626594501193146,33.76123802874973,33.89435893286117,33.65654192066241,33.63578146092026,33.88178969674406,2024-07-20,35.041666666666664,34.69166666666668,34.333333333333336,33.80833333333333,test
2024-07-28,34.254057351290726,33.91591713394876,33.835177514465705,33.66976122163223,33.203294067084926,33.387069745888674,33.55700362272354,33.79361154926667,34.254057351290726,33.82334561780973,33.66248698205983,33.787373921162114,33.90885210674776,33.80952458899792,33.66761721983583,33.452380973857316,33.36748589426079,33.64244556254746,33.68132781488701,33.40477246171222,33.46862303052559,33.63890432101131,33.77609237190829,33.90701967417784,33.66976122163223,33.648613252273734,33.89492043302851,33.6928284745204,33.835177514465705,33.91591713394876,33.92049439058976,33.633272498698595,33.64979949738473,33.62228614503057,2024-07-27,37.0,34.425000000000004,34.166666666666664,33.80833333333333,test
2024-08-01,34.48729213117414,33.95696251732766,33.90828153273124,33.69409583086277,34.48729213117414,33.97104992276764,33.75787084300428,33.86028198733398,33.95696251732766,33.8439138917695,33.697542370973935,33.47579051183262,33.38690972101451,33.65943126206052,33.69409583086277,33.41812134206657,33.48191297469638,33.65103410809892,33.788595246268336,33.9197507723583,33.6826319281994,33.662349293090244,33.90828153273124,33.70607872974013,33.848681552582256,33.92926665080374,33.933749384164905,33.64646967077825,33.662738172635876,33.63532539359845,33.38542848285605,33.47655104825206,33.14707220243018,33.01504080916799,2024-07-31,37.0,34.425000000000004,34.150000000000006,33.65833333333334,test
2024-08-07,33.92066651533922,33.90109703116888,33.694192339388174,33.58031982130333,33.35970892595443,33.26311375005961,33.25097790656008,33.58031982130333,33.63556163429325,33.36067829312073,33.44382277311667,33.62254723386979,33.76624214710848,33.90109703116888,33.663416300912424,33.64684683363832,33.898339388642995,33.694192339388174,33.83624527089728,33.916419822086944,33.92066651533922,33.63405055537283,33.649564477317185,33.62074920526397,33.37152365198213,33.46287396543815,33.13355565558012,33.00161814545974,33.04451370488,32.90959059552878,33.108020832286826,32.9928138098507,32.94429460033243,32.801447016648765,2024-08-06,37.0,34.36666666666667,34.00833333333333,33.425,test
2024-08-14,33.9942137450529,33.925803708401745,33.85251760051884,33.43610301550041,33.85267439013101,33.92176245563349,33.9942137450529,33.711500201060545,33.67542927047287,33.92316003199566,33.718172229025114,33.85251760051884,33.925803708401745,33.93063291259217,33.64633567021819,33.6609661957687,33.62927392076866,33.3778706591393,33.469946706721004,33.1416941722457,33.009036473800904,33.0509300747186,32.916052557039194,33.11517915087149,33.00051762683951,32.95174338285827,32.80856189425119,32.89694156680562,32.73433920100148,32.70268558948074,32.71557496518723,32.88872730785859,33.43610301550041,32.746690958723434,2024-08-13,37.0,34.44166666666667,34.01666666666667,33.25,test
2024-08-21,33.84788387093835,33.66174310511344,33.45732157524709,32.99433799486409,33.66174310511344,33.806511539279455,33.84788387093835,33.60090458611325,33.63962708744844,33.614701334168856,33.35755693001185,33.45732157524709,33.13124219046724,33.00196902177446,33.04165206367793,32.90506071443901,33.10541928899679,32.99433799486409,32.944549540117464,32.801471461442105,32.88932643839787,32.72762781371548,32.69663048253333,32.70926894149613,32.88145914741272,33.4291629979547,32.739744598510136,32.22955557141348,32.15937528366775,32.53444585176687,32.71703317925783,32.60445985213778,33.035901396532864,32.48676949220525,2024-08-20,37.0,34.44166666666667,33.98333333333333,33.06666666666667,test
2024-08-28,33.94345562146335,33.450212510610825,33.06819398724054,32.76595271872756,33.94345562146335,33.450212510610825,33.20984927046388,33.17334037462942,33.006434301317576,33.22572311804916,33.06143300653083,33.00093633410256,32.84552589828551,32.928363994392264,32.76595271872756,32.729858230034026,32.728657882852254,32.91091768285621,33.458533052959595,32.770714654078674,32.26078143135456,32.19008353524791,32.56617097284845,32.75244738218135,32.63682815534263,33.06819398724054,32.5185425495174,32.07678037023468,32.69282267336779,32.18004398967899,31.696998169793307,31.56879385794407,31.99420765604818,32.014243362442734,2024-08-27,35.166666666666664,33.733333333333334,33.199999999999996,32.43333333333334,test
2024-09-01,33.44101793783867,33.04924449786417,32.88577598332061,32.674206381566975,32.78124892062969,33.08097138012549,32.965883893831794,32.92503321252314,32.78672365194971,32.88577598332061,32.731876481906085,32.70190933556605,32.7044571877581,32.88900982497195,33.44101793783867,32.75443246415849,32.24360750462369,32.17276656622735,32.54850314913642,32.734564934696245,32.61881441885073,33.04924449786417,32.499436664674974,32.058049692104994,32.674206381566975,32.16157301108922,31.678616081762474,31.5504661457777,31.97615793451232,31.99624467571769,31.736721282333107,31.808901115235233,31.801116815691675,31.564876129006386,2024-08-31,35.166666666666664,33.733333333333334,33.175,31.925,test
2024-09-07,33.377709789493274,32.804551158286145,32.60135990381782,32.14371865636936,32.44874985497707,32.515961153953135,32.596782401550215,32.804551158286145,33.377709789493274,32.7082453723177,32.2066694857293,32.14371865636936,32.526111271675596,32.71085836529068,32.60135990381782,33.033626523697556,32.48374546595627,32.04266391552465,32.65836881339218,32.1449356783808,31.663030453498806,31.53350517629633,31.958924365177275,31.979186699873456,31.71967052916346,31.79203748023418,31.784517379232035,31.54799747079448,32.13156695556031,32.048210198445894,31.021258655265047,30.582491881090505,30.46055421879466,30.019044648874598,2024-09-06,35.166666666666664,33.733333333333334,33.14166666666666,31.03333333333333,test
2024-09-14,33.18187949936368,32.94218664740056,32.62068013161229,31.83622494031434,32.78539201692194,32.94218664740056,32.988535154768,32.79118973429174,33.18187949936368,32.62068013161229,32.13907237854601,32.73501111173717,32.21102743772717,31.722781692032225,31.59028932939406,32.01041454296229,32.02340040004201,31.76904624907604,31.843133494589665,31.83622494031434,31.600046676876424,32.18356438078315,32.10117122271124,31.07596435445581,30.635514655417037,30.51295873667452,30.071197070758863,30.59542259459188,30.60949513953864,31.058491332672595,30.632070338284304,30.690762398546788,30.573513864172135,30.73022225857959,2024-09-13,33.733333333333334,31.716666666666665,31.058333333333334,30.474999999999994,test
2024-09-21,33.680634015675615,32.16605023811117,32.036184532078444,31.018452604580755,33.680634015675615,32.770128076950385,32.036184532078444,31.752311888009515,32.076408321655514,32.046240764690076,31.80827414852911,31.8573074348048,31.832137541932973,31.587436376409567,32.16605023811117,32.081637695002925,31.050735765765374,30.594562138936617,30.47242302033686,30.031756090770774,30.55589377063307,30.56982396206862,31.018452604580755,30.593082641537933,30.65591934952403,30.538335201425397,30.69459804974702,30.484109914705982,29.815731090181643,30.30112260263809,31.52798320497793,30.533807081676393,30.1072355246267,29.876278768065465,2024-09-20,31.366666666666664,31.250000000000004,30.825000000000003,29.724999999999998,test
2024-09-28,32.03179168555072,31.58052887414443,30.949085301286683,30.463015489575692,31.521042731801163,31.58052887414443,31.40274538882717,32.03179168555072,31.959725664488072,30.93985615293143,30.504240390223625,30.399701864372506,29.964018023531214,30.486874879308182,30.497304414003366,30.949085301286683,30.524648093386276,30.584104808217596,30.463015489575692,30.618788730016934,30.40923956928366,29.742212465701215,30.22691641879682,31.45364123355982,30.460512242892076,30.03499250074524,29.804205812880177,30.07377952251084,30.226754318775814,29.664115367518153,29.01562425335228,28.754213167767517,28.53951746638752,28.47160036544281,2024-09-27,31.26666666666667,30.841666666666665,29.95833333333334,29.391666666666666,test
2024-10-01,31.599323008174807,31.43281435864085,30.55672057664529,30.29718687751566,31.456057685047526,31.599323008174807,30.711175336673993,30.35613606046409,30.29718687751566,29.88460626689114,30.423159455600704,30.449992684321778,30.91180798981268,30.493509005937046,30.55672057664529,30.43898686719497,30.598181572322076,30.39027803169165,29.722311644375026,30.206441021659263,31.43281435864085,30.439470363045327,30.013516221627988,29.78207221791414,30.051371815346943,30.204735634015805,29.64233465436909,28.99398911147893,28.732667074315646,28.518112493646576,28.450393745233157,27.21781276193844,27.320499239378165,27.45426940538519,2024-09-30,31.250000000000004,29.975000000000005,29.558333333333334,29.11666666666667,test
2024-10-07,31.38222320076529,30.528176587685646,30.35916754034263,29.729446399503217,30.15711319924808,30.23129986270246,30.743935884606984,30.37266353771442,30.460823817802684,30.35916754034263,30.528176587685646,30.32657459612604,29.67258091030476,30.15900560026333,31.38222320076529,30.388041137088912,29.961340924224743,29.729446399503217,29.998385167080684,30.148633680616925,29.58611562025806,28.939002947927136,28.67812257495516,28.463904942905046,28.396390634211762,27.163959095533844,27.267565083493793,27.401386038701872,27.781309520663875,27.65781223179666,27.520908787523823,27.72445244409985,27.244880663050953,26.902934003948157,2024-10-06,31.250000000000004,29.975000000000005,29.509090909090904,28.781818181818185,test
2024-10-14,31.21504785282793,30.09176375561053,29.807177029068132,27.73609278271114,29.807177029068132,29.342449558695403,29.930318027041455,31.21504785282793,30.259787243264558,29.866252210721708,29.64977614262234,29.935643655165702,30.09176375561053,29.536938051829623,28.894686170024823,28.63640920953374,28.421107451591563,28.35432297822065,27.12019311703354,27.22404301668533,27.356840058915928,27.73609278271114,27.61229103521652,27.47596710291465,27.679466737985074,27.200481613991276,26.858526833215507,26.569543083514258,26.93066062590319,26.622558474370166,26.597196607841756,26.384988458294174,26.16785889988872,26.147910237171132,2024-10-13,31.250000000000004,29.509090909090904,29.081818181818186,27.045454545454547,test
2024-10-21,29.747033929312668,29.290303740766664,28.269172816903776,27.04390714194998,29.407756874248623,29.747033929312668,29.290303740766664,28.69975514135986,28.501509072504454,28.290828620084703,28.269172816903776,27.04390714194998,27.16029442611214,27.30475015548955,27.69351016859905,27.567398515818358,27.438845044709097,27.63499615413029,27.15687753690486,26.813417322492732,26.5223713827017,26.881547863860316,26.574582957604836,26.54728952007922,26.337361940463445,26.12009354201998,26.100642269672573,26.289652064992037,25.386154945769718,24.396978605912317,24.58100607773119,24.809787308619423,25.37990704954128,25.26826790158944,2024-10-20,29.509090909090904,29.233333333333334,27.79166666666666,26.066666666666663,test
2024-10-28,27.754566599913655,27.616673045739017,27.388131445462644,26.246699335081768,27.496227076926985,27.388131445462644,27.42724704987898,27.754566599913655,27.616673045739017,27.44972516553447,27.635422418988146,27.15178630094573,26.80452314695677,26.502001952043695,26.853301179329506,26.534136006789446,26.508301622330688,26.295538136486662,26.076283984474948,26.05574037698072,26.246699335081768,25.344639910431027,24.358454794729337,24.541759561466705,24.771165346451774,25.341738939520045,25.2303424085256,24.09931833483965,24.106659240160614,24.032509178896248,23.192327624924662,24.230417989568153,24.65770258910146,25.166648814427706,2024-10-27,29.425,28.654545454545453,26.590909090909097,25.383333333333336,test
2024-11-01,27.07437961609933,26.70273656855834,26.4235039040528,25.29867476952318,26.192308033753875,26.561013880967916,27.07437961609933,26.808035085260084,26.56035794683776,26.310714532103205,26.70273656855834,26.424376880614393,26.4235039040528,26.226009735320822,26.011275222446404,26.003032945904792,26.203817145635757,25.305371585019483,24.316849926836213,24.498725390857803,24.727256847098825,25.29867476952318,25.18506646350646,24.05203132810766,24.058827605304124,23.985645267997818,23.146055687205525,24.18450817189584,24.611619727692986,25.121240612241177,24.72969183493668,24.46603458551227,24.361128071460133,24.530075286779567,2024-10-31,29.425,27.79166666666666,26.34545454545454,24.941666666666666,test
2024-11-07,28.49923810740432,27.1066139812095,26.169941707702417,24.755526236931075,28.49923810740432,27.536357413349133,27.1066139812095,26.623214905175715,26.260369813641155,26.169941707702417,26.361664111490153,25.41074160375755,24.38887614362016,24.553254765572245,24.777822548096548,25.339153835340625,25.21696770168164,24.066895079463038,24.076696212929555,24.00570753156224,23.166630167326403,24.203467937460672,24.631783716940117,25.1428300389142,24.755526236931075,24.490624468553563,24.38485494845692,24.553511606466664,24.929958670586853,25.08034780989263,24.338847525337247,22.996139327262902,21.547309526792013,21.48123078441046,2024-11-06,29.425,26.75,25.933333333333334,24.625,test
2024-11-14,25.1557413962614,25.090037467691296,24.590427266586534,24.157078128526297,24.539285351168523,23.83497951783892,24.18836457513001,24.524876936569935,25.1557413962614,25.090037467691296,23.960119894110473,23.991002410133756,23.93805688706918,23.111518821787193,24.157078128526297,24.590427266586534,25.100562399905346,24.716819694500224,24.451592446257536,24.344151259355534,24.51135563441048,24.88661362828345,25.036361719951763,24.29561082201423,22.95218280366395,21.503628991962966,21.438140353884158,22.07801216838915,21.661319542897974,21.43087183051143,21.57365599908466,21.03090487436276,20.513269290755296,20.116460198864264,2024-11-13,26.75,26.066666666666663,24.8,22.666666666666668,test
2024-11-21,25.030276397592495,24.865160162222594,24.438984477781432,22.06253932966536,24.08534200975803,24.00591925721354,23.143967128796298,24.187728698636196,24.55645397655767,25.028590736039895,24.708695061282373,24.438984477781432,24.325489063713967,24.494487781326274,24.865160162222594,25.030276397592495,24.29848784771566,22.935626831924573,21.487641520307523,21.4234480661365,22.06253932966536,21.646995112446586,21.41205082828028,21.552209845794163,21.01498077283093,20.497159661885146,20.099966037325107,21.162888653515676,21.331585047423566,20.830271731493905,21.314347275449236,21.679234001387822,21.490000785020452,21.0930660619138,2024-11-20,26.75,25.933333333333334,22.86666666666667,21.866666666666664,test
2024-11-28,24.195547881560262,23.6616624037308,21.774653337764608,21.11672458814868,20.34312446835191,21.774653337764608,22.896506001693126,23.733319388036353,24.195547881560262,23.6616624037308,22.450807301616546,21.116531294826665,21.11672458814868,21.79298907179608,21.433580622319138,21.229552291777104,21.38400159192572,20.846661189917082,20.32284297129169,19.923460201530375,20.985676854804247,21.144387260084905,20.63794468187854,21.120204714910283,21.486513545368418,21.29984644790262,20.904058234308977,20.738368546482597,20.03255554448569,19.550293860441823,19.37652544206686,19.449924824184567,20.049076666905776,20.488975584955465,2024-11-27,25.933333333333334,23.03333333333333,22.666666666666668,21.649999999999995,test
2024-12-01,23.499133431793513,22.60988355890065,21.358319752246683,20.952669370953384,22.60988355890065,23.499133431793513,23.226464183516057,22.17539948506309,20.952669370953384,20.99886151452229,21.68519820440236,21.358319752246683,21.174190573499235,21.340812522733355,20.81091833688952,20.28770731135523,19.89505723930645,20.966560811283088,21.123408532627526,20.615826519024775,21.097389540074353,21.463271996466148,21.277473476333146,20.880396729728066,20.71244022430755,20.007398688648436,19.52560892366465,19.352129186192993,19.425705159321712,20.024641923236913,20.46492990567341,19.554307421546092,18.828211983405208,18.882017617784513,2024-11-30,25.933333333333334,23.03333333333333,22.666666666666668,21.55,test
2024-12-07,24.723266605369055,22.307422012190063,21.27759370106931,20.521307649273965,24.723266605369055,23.20946677842921,22.307422012190063,22.043069560587313,21.27759370106931,20.618948258580684,20.17378452232245,21.156915892581164,21.267388823140774,20.72910858773864,21.18955088571224,21.534488013765717,21.333395132757477,20.91828453284453,20.755388263947328,20.05124389588564,19.57066951193604,19.398603280757854,19.4753398645238,20.0769200158686,20.521307649273965,19.60858937097399,18.881840788291154,18.935056188545897,18.93431847036751,18.909404742531606,18.729387098694275,19.15273962916333,18.617758070600264,18.959724415023025,2024-12-06,23.816666666666663,23.03333333333333,22.600000000000005,20.958333333333332,test
2024-12-14,22.181818625414156,21.743285459203825,21.041003117328135,19.451173189962535,22.181818625414156,21.918745265292713,21.173487663437275,21.479942473702188,21.743285459203825,21.486551968951588,21.041003117328135,20.85637546194432,20.128905226757297,19.627903414936586,19.451173189962535,19.521451322539765,20.12071944326494,20.56266342280534,19.649340553407008,18.92509224329015,18.981598979026653,18.980634071286822,18.95661281681639,18.776672304414635,19.20036649671354,18.665339256984442,19.006456564703942,18.87630450181904,18.82036066785297,18.202844596212774,17.67785887231132,18.075135973278215,18.634087133858806,18.404982969155505,2024-12-13,23.099999999999998,22.849999999999998,21.649999999999995,20.099999999999998,test
2024-12-21,20.37841590217986,19.608909940502087,19.159246277480165,18.89240566104975,18.999637334361747,18.989642892945987,18.917221247743697,18.999082253406662,19.23707283718707,19.940437199253665,20.37841590217986,19.52725339932057,18.826978672134125,18.901100542177115,18.911934872830624,18.89240566104975,18.71478282678268,19.159246277480165,18.61844692950938,18.960053097313338,18.829356106037643,18.772786048357947,18.15566669888945,17.631046724462152,18.023011408326692,18.583998851004107,18.354990326750197,18.562314916088052,18.29757024558114,18.839632254302487,19.608909940502087,19.53237919383983,18.701375978019122,18.277068910422326,2024-12-20,23.48333333333333,22.849999999999998,21.599999999999998,20.099999999999998,test
2024-12-28,20.194091497779134,19.82846100234252,19.49770964421693,18.63156190666321,17.43025839790125,17.563656676028163,18.137548442097543,18.438928106732313,18.63156190666321,18.511296052180718,18.988848568163803,18.508599242748886,18.881746288328642,18.773262027258806,18.73462045364016,18.118617963648013,17.6154013184486,18.02103014151029,18.578844446649533,18.349467921296338,18.555732422149966,18.289097507297843,18.832821233834057,19.597187725123238,19.517489260423904,18.687847338731086,18.263922970356266,18.493013792682216,20.194091497779134,19.739204556867385,19.82846100234252,19.835923174072462,19.49770964421693,18.777368172062083,2024-12-27,23.48333333333333,22.849999999999998,21.491666666666664,19.650000000000002,test
2025-01-01,20.14632709324963,19.782773697672376,19.45244087588859,18.550089978106538,16.750440474125607,17.34352226595153,18.257441651443234,18.05944548172046,18.61091197709029,18.53940946599812,18.550089978106538,17.988429490985144,17.518454771792296,17.944418245515532,18.510288758132738,18.28422100177222,18.51313598143445,18.25271838734845,18.79333046358818,19.55579350554812,19.474930668569197,18.64583034181629,18.22270054629322,18.446376526379755,20.14632709324963,19.69272890208874,19.782773697672376,19.790718116551655,19.45244087588859,18.731927896629763,18.380093722896987,19.063062631744536,19.261132533202304,18.74472638600298,2024-12-31,23.48333333333333,22.849999999999998,21.825,20.099999999999998,test
2025-01-07,20.398640497002848,19.930554636329187,19.635033307709556,18.82263304318308,19.193293343892684,18.433081716213646,17.840125233727484,18.16333048820497,18.68180533257701,18.475515777663965,18.634891147347975,18.357741681960096,18.882085596268002,19.635033307709556,19.556225153750727,18.723957915368075,18.284938283915828,18.522249580948042,20.22315822314725,19.771872045163544,19.863206354256498,19.869686572817017,19.531779233033898,18.815484138316613,18.459548511208894,19.14212061475239,19.33945401929286,18.82263304318308,18.233057760612976,18.08376677592157,18.816319404041437,19.189803253442868,19.930554636329187,20.398640497002848,2025-01-06,23.48333333333333,22.625,21.599999999999998,20.175,test
2025-01-14,20.62659966848018,20.578620491963893,20.22890519512367,19.733803988060075,20.578620491963893,20.33449841396652,20.62659966848018,20.22890519512367,19.166502975306724,18.63680355241476,18.82923576150464,20.465445063809444,19.967933610039488,20.02834850654908,20.02649381242826,19.6935199150256,18.9659105470867,18.60002379154103,19.287164115060545,19.48919374639794,18.976001544970433,18.385619558480336,18.232965090783026,18.967560415546437,19.34316065022445,20.082158296020292,20.548627300324384,19.733803988060075,20.180943188504326,19.43212957105402,20.5856740497895,19.53958809026338,19.753879696276577,19.873489629701613,2025-01-13,23.48333333333333,22.516666666666662,20.766666666666666,19.858333333333334,test
2025-01-21,21.50696857469128,21.14583971093067,20.47513986424312,19.92381505892195,21.156546172270133,20.402579515548528,20.304331352148708,20.212613394423666,19.834091713599584,19.077859506190464,18.69615951252301,19.353490763837694,19.55150320120543,19.036364290188178,18.44273348782459,18.28539586630525,19.017343989427967,19.390839733622357,20.1343105692304,20.599448494899644,19.78366484296896,20.23080534254249,19.482763744332562,20.6367182390414,19.591021887532246,19.803903824653865,19.92381505892195,20.17072059680807,20.47513986424312,20.513265539649012,19.59990937020776,20.410532670731705,21.14583971093067,21.50696857469128,2025-01-20,22.674999999999997,22.516666666666662,20.7,19.841666666666665,test
2025-01-28,21.646912931389505,21.52607616000894,21.13946991806885,20.16323832619725,20.101740514278394,20.00021962380697,19.281931992262678,18.58457096175732,18.38085344723309,19.07980948530487,19.44184895961149,20.16323832619725,20.61645578239143,19.799078710881822,20.239368526194816,19.48225175105945,20.631976718869225,19.58119685443624,19.795281399441965,19.915474234057434,20.16092177251855,20.46613017550531,20.506135954743293,19.59355169866502,20.405361325762122,21.140160388232488,21.501108411329973,20.16211019098277,21.405163138008234,20.91228210218999,21.52607616000894,21.594326546545165,21.646912931389505,21.13946991806885,2025-01-27,22.674999999999997,22.516666666666662,20.675,17.73333333333333,test
2025-02-01,21.91188991772142,21.71367229410018,21.47359830795148,20.570228234842386,19.399743761787644,19.7286892904793,19.864387052580028,20.455659127353375,20.854025563011376,19.993711792694654,20.378871939793896,19.593568189812537,20.72605070643022,19.664723341787088,19.869969925330366,19.977677585664082,20.218172170591526,20.52860845530991,20.570228234842386,19.658631290153643,20.471044872394504,21.2068959454514,21.57051264472161,20.23237892381842,21.47359830795148,20.980048802903333,21.593433946742234,21.661434193652568,21.71367229410018,21.205436868262378,21.388030985834465,21.417716628698,21.797761100536576,21.91188991772142,2025-01-31,22.674999999999997,20.983333333333334,19.891666666666666,17.73333333333333,test
2025-02-07,26.77089301112109,24.346853188784568,21.747688691403283,21.294640252677347,17.458473403608487,17.783294504492055,19.583188746690322,18.94522603564885,19.3754926223501,19.602343365193143,19.913815492055075,20.308052987191495,20.39805564276723,19.519394067237265,20.34763560250011,21.10288412689404,21.48366069592364,20.15656874985426,21.39298963471479,20.897328655720102,21.50846701451452,21.576328510542798,21.62570236513115,21.114200268867837,21.294640252677347,21.326313286202662,21.70733778852463,21.82233936311141,22.55978637864557,21.747688691403283,22.50982584565047,24.346853188784568,25.034722860070634,26.77089301112109,2025-02-06,22.674999999999997,21.158333333333335,20.583333333333332,18.025000000000002,test
2025-02-14,26.57979785498833,24.15306070861634,22.418955219061857,21.516964058162365,18.374056218675328,19.13205468761211,18.607163166383867,19.705440937251193,20.627562674803468,21.07971001132285,19.83519668161653,21.132887387361052,20.666740783277305,21.31162652961907,21.384789454954504,21.43692352807872,20.935895087926102,21.111607624552274,21.13731194287783,21.516964058162365,21.626636621078774,22.36521301004647,21.553944288400565,22.314075234946184,24.15306070861634,24.843008440580007,26.57979785498833,23.290826742704237,22.21313390657388,23.122439411934927,22.896589317648598,22.01096392805338,22.418955219061857,22.27987031049982,2025-02-13,31.233333333333334,27.25,21.616666666666664,20.275000000000002,test
2025-02-21,26.586647945500946,24.40736609224823,23.126610235766783,22.216313905830685,20.00898604208951,20.03566743715769,20.916960515766796,21.146910140294494,21.312850859857583,20.824272880617062,21.02851622701207,21.091884132028305,21.473688860285442,21.603291957692623,22.350577887855696,21.53951673577846,22.31612921671935,24.159213378739953,24.845886360757763,26.586647945500946,23.2947815836492,22.216313905830685,23.126610235766783,22.896687468373425,22.01028249478564,22.41945103478184,22.279376806089672,20.808473245055147,20.702999586475244,21.194299631147256,22.30139004814121,22.689636804495063,23.358450241771813,24.40736609224823,2025-02-20,31.233333333333334,28.733333333333334,25.774999999999995,20.583333333333332,test
2025-02-28,26.28098917517226,24.51825381582415,23.70322880418535,22.461324290224088,19.645149085656232,20.43860073720789,20.773774042679175,21.650887142719338,20.988114513904648,21.85720006430996,23.77911730783053,24.51825381582415,26.28098917517226,23.01579341127615,21.952474403521396,22.852334533241134,22.61552355299061,21.7185350732903,22.12001650940844,21.978134848031125,20.502341083210354,20.39420963149492,20.88952054217659,21.999208720971033,22.39086688972834,23.062114163868234,24.11169064945196,25.007102216890853,24.14054318077121,23.03259374163598,23.70322880418535,22.461324290224088,22.733363827277465,22.819397453481034,2025-02-27,35.20833333333333,31.233333333333334,27.25,21.366666666666664,test
2025-03-01,26.220791831985483,24.433963269628393,23.680927967355444,22.439072395221483,19.602140997803623,20.25358585659556,21.324167636810618,20.779743085196117,21.72122416424369,23.68742698207508,24.433963269628393,26.220791831985483,22.970334289527226,21.916030902114457,22.821406039903074,22.587968683745633,21.69304390719486,22.10142086971524,21.958159619468805,20.481521936708248,20.3728742460574,20.86786936461537,21.977364368004878,22.368904368086433,23.038467810022528,24.088615678840856,24.984376771107744,24.11803154526111,23.01021289750086,23.680927967355444,22.439072395221483,22.711602908390503,22.797478734750698,22.27443356758228,2025-02-28,35.20833333333333,31.233333333333334,27.25,21.525000000000002,test
2025-03-07,25.211205647453205,24.307058743749025,23.613891454145165,22.730525797445758,22.861367002671226,25.211205647453205,22.33428527026158,21.49462694448226,22.537369224186452,22.38089277939392,21.511602846749046,21.964552487619596,21.854878300963865,20.39045152920481,20.293236857494573,20.79349061652594,21.908224719062968,22.309104192722327,22.976115380776037,24.022893598872244,24.91897789002792,24.051696506062306,22.94380158772317,23.613891454145165,22.36989841592744,22.64348599407538,22.730525797445758,22.20751049576186,23.91530760847141,23.417722922747615,23.027779734831796,23.418429916270387,23.21329563281414,24.307058743749025,2025-03-06,35.20833333333333,31.233333333333334,28.53333333333333,23.691666666666666,test
2025-03-14,27.863537373896957,26.21300069796768,25.072862312603913,23.72472492539081,27.863537373896957,25.495178606196443,22.676472599872906,21.73672069795364,21.709801903259187,22.5889650872212,22.864812774143985,23.383343385482,24.31647722477479,25.13520562583941,24.224638578467275,23.093634644981922,23.72472492539081,22.45141928687628,22.7276728956085,22.82287092915238,22.30708839378432,24.018155778796423,23.521607597063095,23.139411478558326,23.536361516845673,23.329188478488113,24.419837071477446,25.072862312603913,27.243455104903852,26.21300069796768,24.081370135977785,24.128158666520847,25.64779376792443,24.445770115806198,2025-03-13,35.20833333333333,32.766666666666666,28.733333333333334,24.933333333333334,test
2025-03-21,27.501832958043487,26.844086499528146,25.67458141551523,24.010899202071897,20.093676339163302,22.319427731731174,24.010899202071897,23.617679891260785,22.736249367770878,23.457253355820924,22.229027296763686,22.603278670503748,22.757615383978724,22.254542386411757,23.978111668505377,23.508349263741618,23.160491539764433,23.58128552857683,23.368551686879535,24.45602985998716,25.11382911825614,27.285989865557355,26.251019484523876,24.111490336439847,24.152635097994036,25.67458141551523,24.47390542579904,23.833669498401054,25.298880786816472,25.785905211794272,25.719808859616194,25.59220700959155,27.501832958043487,26.844086499528146,2025-03-20,35.20833333333333,32.766666666666666,29.075,23.691666666666666,test
2025-03-28,29.014734131595333,27.502020111433676,26.37272895582509,25.68739815135167,29.014734131595333,26.681436618353565,24.663318657499218,25.497768372461877,24.502564315491085,23.829857839020576,24.15350668490931,23.774602510041923,24.74563650325096,25.33029294040747,27.4469372989036,26.37272895582509,24.210177738532593,24.208181860596472,25.73427634766975,24.5403704658192,23.904822903377926,25.37598432207072,25.86815839210329,25.80493167180814,25.68739815135167,27.594446627275563,26.93391260550431,26.267511570942396,26.086359306695776,27.502020111433676,26.22505456385285,25.385176867732422,26.307909202780877,25.686356099062564,2025-03-27,39.77499999999999,35.20833333333333,29.083333333333332,25.308333333333334,test
2025-04-01,27.665510399308136,27.623334546947593,26.963371068508202,25.83840887997937,26.373486890964557,24.988348889075603,24.876191272161936,24.320801346284238,24.961333856962185,25.48068423129485,27.623334546947593,26.494853990033576,24.299103537872558,24.276799124169017,25.764693094048656,24.6110850453761,23.96103281178341,25.404452871287265,25.89973459546122,25.83840887997937,25.72203823645057,27.637172576137328,26.963371068508202,26.300055859191847,26.12618925189643,27.540562961967883,26.2628100767218,25.422450752780755,26.34277873831569,25.724965513622973,27.665510399308136,27.3384878087273,27.327301823597633,25.761942288792238,2025-03-31,39.77499999999999,36.40833333333333,29.083333333333332,24.933333333333334,test
2025-04-07,31.09888992663753,28.72258300058652,27.767583353981166,26.438218694601236,31.09888992663753,28.72258300058652,25.660293780657316,25.1580002053154,26.305181752751388,24.974876720002094,24.317932636820604,25.661453685517838,26.0774453489532,25.99714676797882,25.854840922413523,27.767583353981166,27.083243351378897,26.384530814877593,26.216384474966038,27.639458415849884,26.35857949001034,25.52040726183127,26.438218694601236,25.821462356449352,27.770936102805447,27.441544353590647,27.427421178063028,25.86268178543674,26.766540311907562,27.825022735417903,28.072928931766963,29.948751007275433,27.47622221788,27.512825506666502,2025-04-06,39.77499999999999,36.40833333333333,27.174999999999997,24.808333333333334,test
2025-04-14,29.76461243588325,27.917270032718044,27.378920147573734,26.720254439514385,23.17428701403048,24.60552796575007,24.986494015443572,25.101252816673917,27.186203806053715,26.64544184888402,26.035406372030167,25.96065143507465,27.378920147573734,26.14081244755122,25.335984457333584,26.269913955108432,25.65207884931726,27.600650115743708,27.259507221883126,27.25591409112324,25.68453901781752,26.58228420202592,27.63825119258504,27.887747974243155,29.76461243588325,27.29592516952746,27.32980942771199,27.917270032718044,26.720254439514385,27.316638563829045,28.603587754817465,26.477686222165204,25.911227374803182,27.34742720812604,2025-04-13,39.77499999999999,36.40833333333333,29.083333333333332,26.558333333333334,test
2025-04-21,29.994730084655057,29.260329134025266,28.16452573021689,27.30709937708492,25.867881010973118,27.295528963098366,26.09011226806947,25.37307767581812,26.280109332733605,25.637400846162283,27.58575120987786,27.257546040066888,27.256436804569017,25.678870189818728,26.553432625420868,27.618277431990066,27.875613612521047,29.752983862671194,27.2808660619982,27.314205334423622,27.90353855069566,26.713217143266103,27.30709937708492,28.59182903217068,26.4657969874496,25.900328238664198,27.336689292000386,27.110677121959434,28.097447050576985,28.79570383229174,29.260329134025266,29.994730084655057,28.97535972602191,28.16452573021689,2025-04-20,39.77499999999999,38.21666666666667,30.316666666666663,26.766666666666666,test
2025-04-28,31.273365769371765,29.673509919900972,28.908693897280994,27.981120341507147,25.351425842213217,26.244374826930432,25.205280789663806,26.178580658073585,27.38186146205838,27.74942761450391,29.673509919900972,27.257292749706405,27.2915318379905,27.883829468718396,26.761308248799622,27.374339980325413,28.663475315783085,26.546065242137846,25.978053148511027,27.42238371690643,27.200556033109255,28.17100791708849,28.865669506140808,29.33018638130233,30.062825402685664,29.04461371789015,28.231763460699895,27.981120341507147,28.908693897280994,28.70308704802986,28.30165806067574,28.576656112215947,29.160475339035106,31.273365769371765,2025-04-27,39.06666666666667,36.80833333333334,30.316666666666663,27.299999999999997,test
2025-05-01,34.21378883172198,31.663569261918614,30.249424101456228,28.998558670246723,34.21378883172198,32.37305722777557,30.878549296051464,31.663569261918614,28.537090674297996,28.136226606517145,28.679425305227277,27.32501472271447,27.79619579313391,28.998558670246723,26.828068410238686,26.23144200184692,27.658447277326452,27.363923732366086,28.347653717367542,29.050437746307438,29.51992325588565,30.25560167532036,29.238146177547065,28.42570740697126,28.19308115236296,29.11515532750152,28.906184413723818,28.50269757096935,28.776436797414107,29.35980154856272,31.472428583249503,29.420085615792328,30.21020719559176,30.249424101456228,2025-04-30,39.06666666666667,32.141666666666666,29.95,27.55,test
2025-05-07,31.254467933341168,30.483734201027342,29.810703864541438,28.844494302662476,28.00808147238893,26.694166566022496,27.32339191406425,28.613609477666657,26.432524738680264,25.90972800482786,27.40588354922397,27.12486851131914,28.15600690100486,28.849664365600322,29.316091314624032,30.068304453089738,29.037987979273588,28.210819520127266,27.977419761640498,28.887822008849906,28.682618727311763,28.280714443499402,28.550156174878094,29.13746500988416,31.254467933341168,29.202445327375706,29.995966663969597,30.034142784137934,28.80753592036813,28.844494302662476,29.52653567831428,29.810703864541438,30.483734201027342,30.706428790194217,2025-05-06,39.06666666666667,32.141666666666666,30.316666666666663,28.275000000000002,test
2025-05-14,31.387476227815966,31.028141082899634,30.632011449830628,29.96064619142116,29.975438073046917,29.984717389194696,30.043523724134534,30.084583224297237,30.675248685659476,29.445628642715846,28.56329420342251,28.252460705950586,29.104166344925442,28.86585026905417,28.45428064863523,28.689585797887275,29.284759025519858,31.387476227815966,29.339213174121728,30.13827535926623,30.179041901647537,28.95098992195686,28.995138773417636,29.67335482043266,29.96064619142116,30.632011449830628,30.852760265324015,30.762931271086178,29.88225761844366,31.028141082899634,30.396892528358574,31.077352406157218,29.710668394046383,29.629344573595265,2025-05-13,39.06666666666667,31.900000000000002,30.316666666666663,29.058333333333326,test
2025-05-21,31.335814827732676,31.015115709258094,30.7354034000105,30.03319709534659,26.218526724959375,27.808415227699808,28.089537453344388,28.08125985065438,28.344540237516643,29.014791820089687,31.173533793099953,29.19940842829165,30.03319709534659,30.07578723580611,28.824378363296542,28.916813216077635,29.607983651644926,29.900310547474074,30.563350988894232,30.78204695764091,30.69651771813599,29.825475464758583,30.959349257024467,30.3254983060738,31.005192720188358,29.64130328648282,29.56081938055861,29.620576454432726,30.160540274422715,30.139402020382967,31.015115709258094,30.41300299530771,30.7354034000105,31.335814827732676,2025-05-20,36.80833333333334,31.008333333333336,30.416666666666668,29.53333333333333,test
2025-05-28,32.01036401954818,31.796123003525306,31.334118774878952,30.45057891354355,26.810034240313488,28.55605107388499,29.189105995414707,28.290230553200534,28.609871947199377,29.513518455126377,29.714929185723804,30.45057891354355,30.7153655940962,30.64875045687588,29.79175688488884,30.930918549442772,30.279277977944425,31.011283660109008,29.642711017592323,29.558883300560726,29.619249872995756,30.15887744482932,30.138479279807303,31.02066040906565,30.40442529740636,30.728681180571932,31.33036467383967,31.900582427531692,31.796123003525306,32.01036401954818,31.334118774878952,31.393181467807498,31.476327685456656,31.511034430161118,2025-05-27,31.900000000000002,31.35833333333333,30.908333333333335,30.183333333333334,test
2025-06-01,32.05556205289074,32.03850079714011,31.55450112312592,31.05983428391891,30.834452288761064,30.89075509735985,30.573831297259414,30.980016447824,31.048598070795187,30.86673315262363,30.00091272208259,31.075524718631446,30.384398019014554,31.09224936604497,29.712445841853505,29.62022202642877,29.67408731740897,30.19209417789995,30.175392159191567,31.05983428391891,30.44498226158484,30.769070112087498,31.37108737455239,31.941899875354203,31.84285186687348,32.05556205289074,31.378380373510115,31.436870233422912,31.519956154804635,31.55450112312592,32.03850079714011,31.92652565903544,32.05180919377896,31.520394970713,2025-05-31,33.800000000000004,32.90833333333333,31.008333333333336,30.40833333333333,test
