tag,pred_m1_hot,pred_m1_p3,pred_m1_p7,pred_m1_p15,fc_d1,fc_d2,fc_d3,fc_d4,fc_d5,fc_d6,fc_d7,fc_d8,fc_d9,fc_d10,fc_d11,fc_d12,fc_d13,fc_d14,fc_d15,fc_d16,fc_d17,fc_d18,fc_d19,fc_d20,fc_d21,fc_d22,fc_d23,fc_d24,fc_d25,fc_d26,fc_d27,fc_d28,fc_d29,fc_d30,pred_point,true_m1_hot,true_m1_p3,true_m1_p7,true_m1_p15,split
2021-06-14,35.94554158046547,35.380652974995925,35.01929446530321,34.53636490887277,33.8056379729349,33.44867310993646,34.04603534178723,33.394139819472045,34.05835462667498,34.84133560775047,35.02293908283261,34.52483608913663,34.77603554650533,34.529381787221915,34.265818404265865,34.40698198200115,34.56382934744152,35.301787881888266,34.78055489999775,34.712403717993354,33.95145535574453,34.12609222923204,34.2985478372943,34.79485686891367,34.910837534724116,33.843768475047014,33.69032902407788,33.99557439297847,34.53636490887277,35.01929446530321,35.380652974995925,35.759467589742755,35.94554158046547,35.37509283533186,2021-06-13,38.108333333333334,36.84166666666666,36.15833333333333,34.025,test
2021-06-21,35.78261132171403,35.21676446616926,34.95275046067734,34.59436486579897,31.996464623950697,32.99195278491184,33.255609402961724,33.34179929311861,33.72267264191318,34.04386203750076,34.89443566323596,34.450312145650635,34.435053874990246,33.710344852391835,33.90982840056021,34.09931980997157,34.607302333768395,34.73128935945611,33.66971935788149,33.52004443024586,33.82787243699712,34.370432475137406,34.85457440617233,35.21676446616926,35.59614847338994,35.78261132171403,35.21242976243298,34.62541412516645,34.59436486579897,35.19049319978956,34.99318156761291,34.87824657929549,34.87960174953051,34.95275046067734,2021-06-20,38.958333333333336,36.95,36.65,35.13333333333333,test
2021-06-28,36.30433656349515,35.84632825827113,35.4059138413733,34.96752914827592,35.36119986219666,35.064081643664174,34.146147605481524,34.2131001846909,34.311707122965664,34.757510699928396,34.8387468830432,33.74796078755878,33.57824614869082,33.872340365229334,34.40549719170365,34.88319873308993,35.24095856859535,35.617322775605466,35.80170413938276,35.230097523788,34.64210471181638,34.61038422281671,35.206051778044035,35.008426338661295,34.89327402746459,34.89448173975917,34.96752914827592,34.91620193967553,35.4059138413733,35.309307059896454,35.614826482180824,36.30433656349515,36.22241339000396,35.84632825827113,2021-06-27,38.958333333333336,36.95,36.65,34.791666666666664,test
2021-07-01,36.35527478063854,35.97963141806637,35.665855651108075,35.29929803838674,35.97963141806637,35.53855900924525,35.614432483911465,35.44209535294353,34.177415342220904,33.88852041387995,34.100905155673544,34.57812935733811,35.01749116656875,35.3489705429188,35.70732047349595,35.879364044784424,35.29929803838674,34.705508700593015,34.6698049350395,35.26274210247087,35.06324508389559,34.946809874833924,34.94713685677672,35.01958085768573,34.96783976439401,35.45726926940371,35.36046891550972,35.665855651108075,36.35527478063854,36.2732894400505,35.89716165577428,35.06591544023134,35.18536249366839,35.52217588831727,2021-06-30,38.958333333333336,36.858333333333334,36.01666666666667,34.78333333333333,test
2021-07-07,36.3343578247622,36.252733202452,35.70386014802896,35.33825071387238,33.051512562560816,33.85258036462309,34.513863610152264,34.99743617113166,35.46037847099837,35.70386014802896,35.172818383521964,34.61259348394444,34.59989832273468,35.20861505733129,35.01993770931437,34.910874707950775,34.91628859053916,34.99221213006534,34.94286134905101,35.43392913673222,35.33825071387238,35.64440605089911,36.3343578247622,36.252733202452,35.87685363845402,35.04577688547826,35.165340123734246,35.50223329632403,35.6015286121084,36.01266168692496,36.31130075069531,35.898268369400625,35.35272072580615,35.46783628500817,2021-07-06,39.833333333333336,38.958333333333336,36.858333333333334,35.13333333333333,test
2021-07-14,36.32542828746976,36.24650525456095,35.637345888014934,35.31965241215797,34.065507590841264,34.22474412722748,34.951407670480904,34.843589060110524,34.78986224476434,34.83319596209056,34.9352051983859,34.90368704028435,35.40697005963192,35.31965241215797,35.63153736281376,36.32542828746976,36.24650525456095,35.8724653451528,35.04265591124857,35.16308894509092,35.50057994205613,35.6002852257477,36.01169778462052,36.310528234701124,35.897628636873186,35.35217118598854,35.46734842549878,35.637345888014934,35.45598072483602,34.73891327812163,34.49058782326367,34.4988119353689,35.27170651987856,35.04994857916547,2021-07-13,40.09166666666666,39.8,37.94166666666667,35.266666666666666,test
2021-07-21,36.353571460817214,36.270505077108744,35.68150097290751,35.500235264152856,34.81358168621649,35.35908181021401,35.3008375699265,35.63254465130707,36.33993830165341,36.270505077108744,35.902991900480494,35.07756903656444,35.20102481373452,35.54057009334825,35.64169746924173,36.05409589680632,36.353571460817214,35.94111120740884,35.39596633585412,35.51135575341568,35.68150097290751,35.500235264152856,34.78323453939899,34.53495883452168,34.54321742246944,35.31613414302243,35.09439164852402,34.756754538742676,34.98330835119014,35.39723894736754,35.628284468801766,35.55139596837402,35.2932617505699,35.516508110796735,2021-07-20,40.09166666666666,39.8,37.550000000000004,35.025000000000006,test
2021-07-28,36.178108443694185,35.79967098626309,35.483752023717265,35.2839017408292,34.29469601263546,34.64330385127055,35.13718189331628,35.344115901303375,35.82893539580379,36.178108443694185,35.79967098626309,35.27784800796744,35.40922236680464,35.5903247462789,35.41656750185115,34.70472735500734,34.45998176264292,34.47066573848325,35.24524490234451,35.02464212738721,34.68778624273857,34.91487585195405,35.32917190939329,35.56046889296538,35.483752023717265,35.22573546183698,35.449062447705785,35.51448824588817,35.19188874536891,35.2839017408292,35.39466411116752,35.305836012269516,34.68412567459299,34.66712486073838,2021-07-27,40.09166666666666,39.8,37.550000000000004,35.25,test
2021-08-01,36.77914287011706,36.218151898388854,35.57113683690233,35.30485111864629,36.69629138079763,36.77914287011706,36.218151898388854,35.57113683690233,35.61678254426666,35.73913677021525,35.52496638158524,34.785524541449924,34.52185901583657,34.5195740817494,35.28527119270795,35.05856885950348,34.717529906276624,34.94177096218968,35.354101347928214,35.5840509367237,35.50641047851442,35.247759828912635,35.470653643096334,35.535782786414885,35.212977480614626,35.30485111864629,35.415517964655,35.32662438738505,34.7048692978949,34.6878376156325,34.54390192979907,34.49175517333881,34.60349035156656,33.962263412707415,2021-07-31,40.09166666666666,39.8,37.550000000000004,35.266666666666666,test
2021-08-07,38.103406080754134,35.94041303160607,35.66457037874493,35.397071050327504,38.103406080754134,36.58767783670298,35.7919137874512,35.424826338794915,35.94041303160607,35.54234811134179,35.08387207009151,35.22766384610496,35.5848560835654,35.77700831054142,35.67346817367373,35.397071050327504,35.607790001057694,35.66457037874493,35.336035827598366,35.423981385899815,35.53195596932236,35.44121576715789,34.81819399580418,34.80029540097452,34.655765917450964,34.603212982838365,34.71466985828588,34.07325211528257,33.66448674644641,33.39825895674366,33.59644784073114,34.115478546880574,33.742846001712614,33.66922864886448,2021-08-06,40.09166666666666,36.391666666666666,35.55,34.86666666666667,test
2021-08-14,36.289085601771646,36.24835929128135,35.6334458662188,34.677237544882466,36.24835929128135,36.289085601771646,36.26412934250409,36.01179707161516,35.6334458662188,35.774184433693755,35.78295376091528,35.421615473416686,35.48703786725679,35.579597603224165,35.47828747664698,34.848015520596974,34.825159587088585,34.677237544882466,34.62234525247877,34.73220348513952,34.08968679716472,33.68016861646068,33.41342544313761,33.61125942824409,34.13004614268952,33.75724816824015,33.68351677824469,33.34898378054076,33.379555199361775,33.43912551163002,33.23124772121034,33.61755535746596,33.970379689880204,34.39654963283198,2021-08-13,36.391666666666666,35.94166666666667,35.15,33.925,test
2021-08-21,35.28744515377153,35.08787472103582,34.64887828889857,33.62264197469768,34.86637971135645,35.08787472103582,35.28744515377153,35.259464863458426,34.67945431009845,34.691077772992884,34.56666283479593,34.52793639825678,34.64887828889857,34.01395527449398,33.609645156428996,33.346472370527096,33.54675017830739,34.06722870132659,33.69558351040457,33.62264197469768,33.28865088517462,33.31959338453438,33.37941799920993,33.1717149877624,33.558140247354196,33.91104610805409,34.337271979590156,33.43961331919076,32.531226968392765,32.46926038564828,33.07798758482131,33.09571097562003,33.1699691866599,33.20015393781469,2021-08-20,36.391666666666666,35.94166666666667,35.15,33.85833333333334,test
2021-08-28,35.338568314672216,34.40375584208984,33.88202051877941,33.35437823236474,35.338568314672216,35.209847210994276,34.40375584208984,33.88202051877941,33.53832559246354,33.68342575792355,34.16614203561253,33.76861475303301,33.67791886317693,33.331762232612824,33.35437823236474,33.40849947013882,33.19688474273383,33.58062081432321,33.931683006584215,34.35664683292994,33.45812251042874,32.54914114049431,32.48676615373056,33.09521370349479,33.112746433123895,33.1868739962582,33.21696896782432,32.658745505425884,32.440304647051825,33.01019422230274,31.97252548421019,31.67844680015343,31.46544204078785,32.28537329108688,2021-08-27,36.00833333333333,35.38333333333333,34.13333333333333,32.85,test
2021-09-01,34.35685873764251,33.9318254529328,33.58064516485939,33.18724023911715,33.52792202989254,33.67641543455361,34.16145765139799,33.76548781635124,33.67594727163138,33.33051695351917,33.35364460588427,33.40811752058678,33.19674385462468,33.58064516485939,33.9318254529328,34.35685873764251,33.458390619542634,32.54944596981346,32.48709602794021,33.09556074504456,33.113105242246235,33.18724023911715,33.217341810846726,32.65912174751407,32.44068345550537,33.010574806328236,31.97290728532417,31.67882943553625,31.465825330842367,32.28575683289844,32.283651508811154,31.66114860856049,31.55614472889635,31.983135289744244,2021-08-31,36.00833333333333,34.36666666666667,33.87500000000001,32.11666666666667,test
2021-09-07,34.12080557189759,33.28621370582927,33.04918012191302,32.38857377589619,31.979903475865918,32.455990605132726,32.533638179995016,33.11571010552585,33.60263842886605,34.12080557189759,33.28621370582927,32.42096744931527,32.38857377589619,33.01756973001765,33.04918012191302,33.13296862077464,33.16967635879044,32.61597980300147,32.40065351915844,32.972677689213874,31.93647248595589,31.643397983028084,31.431080083131672,32.25148338668869,32.249702089954816,31.627419817317463,31.522567215037938,31.94966142513452,31.535424161251157,32.14341475978273,32.126681743449154,30.944125294197264,30.175081211181087,29.84805744144488,2021-09-06,36.00833333333333,34.36666666666667,32.79166666666667,30.33333333333333,test
2021-09-14,33.859273068397115,33.514259474645215,33.0451350390197,31.955600246216672,33.859273068397115,33.3751789744345,33.69449344045293,33.514259474645215,33.45273314010068,33.38974459778031,32.76731243931569,32.50518036393351,33.0451350390197,31.986954940723432,31.67876106489488,31.456092937277294,32.26941311533612,32.26282864542884,31.63721340110495,31.530074320437247,31.955600246216672,31.54029536620408,32.14755238091401,32.13031500530231,30.947406022305103,30.17812560296924,29.850940075749023,29.65762229467239,29.9407557921448,29.796620932027864,30.89993290980864,30.230239870009235,29.9285450267876,30.2648312046534,2021-09-13,34.36666666666667,34.025000000000006,32.56666666666667,30.33333333333333,test
2021-09-21,33.59228027581627,32.36028055626847,32.101061889078764,30.91527956236292,33.32098194394007,33.59228027581627,32.35012092982625,31.91562583952856,31.6063712566063,32.36028055626847,32.312924530282004,31.659455852380873,31.53322861251576,31.94564744595565,31.521383056223517,32.122500189064446,32.101061889078764,30.91527956236292,30.144017272141788,29.815472678942378,29.62122630302462,29.903720021341595,29.759146416304496,30.86215663790547,30.192255939331144,29.890420364259246,30.22661014995139,30.2003722216948,30.461917286964624,29.61465018452405,30.037160433808744,31.048185227691185,30.08739878866589,28.89315336860563,2021-09-20,34.36666666666667,34.025000000000006,30.908333333333335,29.95,test
2021-09-28,31.670812207104518,30.95823863866316,30.59272852368025,29.895006958089727,29.314900397022967,29.898298140149315,30.797169459060896,30.706452402245745,31.535887627400463,31.670812207104518,30.59272852368025,29.895006958089727,29.61685261141574,29.457142818012578,29.763296688915784,29.634982635524494,30.749156592558172,30.086840436312524,29.790240794190183,30.13002212854211,30.10624660419038,30.36948130867479,29.52336697088403,29.94666498598411,30.95823863866316,29.997823576066846,28.803832391893437,28.68204575748479,29.084501326874097,29.04925771156311,28.576416959248405,27.817340209966257,27.334114527076515,27.532664008426238,2021-09-27,34.025000000000006,30.958333333333332,30.516666666666666,28.65833333333333,test
2021-10-01,31.42174431529484,30.941044145891844,30.194852966236173,29.711728622229327,30.194852966236173,31.180050483065095,31.42174431529484,30.416846979877946,29.769346884773825,29.525549742170554,29.38943147316178,29.711728622229327,29.594480185069,30.716239210099666,30.059122335603725,29.766079412638796,30.10830761520779,30.086203967741827,30.35058832578948,29.50526203271925,29.929100223139454,30.941044145891844,29.980883831665164,28.78706610673218,28.665399073974452,29.067936148716022,29.03274840228989,28.55994594601597,27.800895447244173,27.317687634765548,27.516249517661375,27.175189501687893,25.812981892656463,25.669250364284757,2021-09-30,34.025000000000006,31.150000000000002,30.84166666666667,28.65833333333333,test
2021-10-07,30.87172910718739,30.253122887593847,29.853633395021898,28.724846659484868,28.480362381026968,29.07099188181767,29.1378515729969,30.38572728348755,29.81494563541174,29.58114282057022,29.96396530932013,29.969673108312605,30.253122887593847,29.420842149730486,29.853633395021898,30.87172910718739,29.915777691267948,28.724846659484868,28.60516023612967,29.009054720999934,28.974800450676298,28.502636441873822,27.744021636873242,27.261113513771942,27.45988060654313,27.11896100701527,25.756849677543165,25.613183749562182,25.5437155974533,25.92961447183969,25.71478990206991,25.363816271703858,25.59524065585045,24.885611317333048,2021-10-06,34.025000000000006,31.800000000000008,30.85833333333333,27.84166666666667,test
2021-10-14,30.999411244353443,30.364758322410427,29.077764574110635,27.17268507542495,30.364758322410427,30.54032430037895,29.634048280835014,30.01613734353004,30.999411244353443,30.019436746247525,28.812407215643503,28.681548636651232,29.077764574110635,29.038252830849476,28.562482554893432,27.801404606347898,27.316828256455878,27.5144036041036,27.17268507542495,25.81002878731891,25.66598853990827,25.59626412852451,25.98198619214985,25.76703778483724,25.41598558411793,25.647353758728784,24.937685540099846,24.934338282340807,24.718176182498087,24.963249556728833,24.941198614518367,24.859276559491683,24.985606977426535,24.622070157247915,2021-10-13,31.808333333333334,30.958333333333332,29.874999999999996,27.141666666666666,test
2021-10-21,27.8700809782006,27.414935834276204,26.87986385149182,25.309067964620017,26.297000552705,27.414935834276204,27.8700809782006,27.73364483970865,27.205150800911966,26.87986385149182,27.1866158414519,26.919700096274568,25.60831524133484,25.49942683496791,25.453762972698232,25.85597987406922,25.65235615974265,25.309067964620017,25.545762493630875,24.83974569727206,24.838900413194715,24.62445787021661,24.87070964508813,24.84946408340984,24.768093909987215,24.894802043831564,24.5315240808735,24.344432205593822,24.30186982534828,23.91635408459952,23.09763052035073,23.056901349278228,23.2656284624442,23.435304958703654,2021-10-20,31.808333333333334,30.116666666666664,29.45833333333333,26.88333333333333,test
2021-10-28,27.365040360947486,25.910024178322242,25.566667140405848,24.623341419074343,27.365040360947486,25.910024178322242,25.702704662967573,25.589441137369526,25.945306740830077,25.70998190224633,25.344863558798917,25.566667140405848,24.850427775804736,24.842572314056923,24.623341419074343,24.86631282198936,24.842809396148354,24.759904660892264,24.88555137730164,24.52154786563153,24.3339590448908,24.291053819084222,23.90530282627356,23.086419221985206,23.045578631648354,23.254230619117287,23.423855355894098,23.141821583165715,21.95964748719534,21.508080916418386,21.398598670909518,20.868937227976474,21.727077315358567,22.279678376391786,2021-10-27,31.808333333333334,30.116666666666664,29.45833333333333,25.675,test
2021-11-01,27.231234860767948,26.028109488641512,25.02266370873423,23.981422528304837,27.231234860767948,26.613446418874624,25.986163512972926,26.028109488641512,25.188482901433037,25.096464656776288,24.819331015994827,25.02266370873423,24.971989422660982,24.870460074179864,24.98336041654768,24.610633032972753,24.417010044643735,24.36999641643651,23.981422528304837,23.160603934359216,23.118436980644347,23.326177163085532,23.495175151032687,23.212718871841776,22.030251524295718,21.57848482272728,21.468865395010937,20.939109918781423,21.797185894481956,22.349743237214557,23.04938629560216,23.17097556265887,22.378302108527503,22.131370097953074,2021-10-31,31.808333333333334,30.116666666666664,29.299999999999997,25.64166666666667,test
2021-11-07,28.29562048598529,26.664607455008827,24.877393959348513,23.28385746219372,28.29562048598529,27.440378582443095,26.664607455008827,26.065803019052648,25.837776833953825,25.231201777242568,24.877393959348513,24.720698177154823,24.25697791847199,23.38458164257142,23.30709260360921,23.490629055604693,23.643056611279224,23.349227640557512,22.15894921041278,21.70182350229006,21.588539531351014,21.056267892562737,21.912618053114144,22.46398975283518,23.162821966341756,23.28385746219372,22.49080504699785,22.243612113186686,22.688126146599807,22.744583461468636,23.166958057893545,22.668622948217575,21.13793287781324,19.61912934489086,2021-11-06,31.5,29.45833333333333,27.141666666666666,23.491666666666664,test
2021-11-14,25.127399903918516,23.727635968977815,23.415728525391703,22.495233455784597,25.127399903918516,24.54421344475384,23.58992170405106,23.45644431475683,23.60177317425802,23.727635968977815,23.415728525391703,22.213082824502695,21.747484104422384,21.62839296272659,21.092121354796895,21.94570738346938,22.495233455784597,23.192783450497128,23.31293677961422,22.51927911005067,22.271671196935138,22.71590331352743,22.772170304857564,23.19440801536166,22.695981315648986,21.165228889656035,19.64638268786873,19.614162044346653,20.492598542104034,19.8734019661098,19.588031011047818,19.641509854842035,19.315459100863343,18.507067410825574,2021-11-13,31.5,29.09166666666667,25.391666666666666,22.683333333333334,test
2021-11-21,23.130314145675065,22.94526371017795,22.38027919663661,20.350826189679015,20.19522012741079,20.350826189679015,20.657530839835946,20.413131443621644,21.46689359715698,22.153752395044677,22.94526371017795,23.129805843148993,22.38027919663661,22.162923677725217,22.62789202356009,22.698358710771533,23.130314145675065,22.63857151639978,21.11240315259687,19.596699823187986,19.566633210929275,20.44654630344969,19.828363739644796,19.54368989971183,19.597643587520793,19.27191800973388,18.46374912835911,18.305660292507373,18.740164348242295,18.72923409063387,18.662486431679778,19.275024444234536,19.807774234763524,19.974110113744235,2021-11-20,31.5,29.09166666666667,23.933333333333337,21.291666666666668,test
2021-11-28,24.952368600430173,23.45958169436049,22.883967962448708,19.673684998724355,24.952368600430173,23.649285775028073,23.052512239698498,23.25740786342126,23.14970424386847,23.45958169436049,22.883967962448708,21.30042795833692,19.745433694758873,19.68843144950084,20.549880617899248,19.919028646618706,19.62566370536892,19.673684998724355,19.343877420876293,18.532905873120786,18.372896327565467,18.806083880362927,18.794252920860043,18.726888740735063,19.33900087359345,19.8714607772733,20.037598552834165,19.15399774905747,18.894821507121687,18.146540257691225,17.383136688191218,17.530296470398685,17.68377771726562,18.121821813443486,2021-11-27,31.5,29.09166666666667,22.100000000000005,19.316666666666666,test
2021-12-01,29.099643852490374,26.29191302683566,20.76895301717665,19.512922141084168,29.099643852490374,27.206137127025983,26.29191302683566,24.877223250413337,22.718261867970387,20.76895301717665,20.441524860246563,21.11789254341761,20.36017410386886,19.979846921360437,19.968258835595005,19.597626072301885,18.758655277540846,18.579471350790133,18.999478210867295,18.97861237716995,18.905055127117468,19.512922141084168,20.042467614236507,20.206609633456708,19.321638448400783,19.061527753654538,18.312605971608505,17.548763340845028,17.695622162900914,17.84889770976099,18.28680054735856,18.333230602593417,18.20546416937633,17.305229472698105,2021-11-30,25.84166666666667,23.933333333333337,21.291666666666668,18.308333333333337,test
2021-12-07,20.904753903573237,20.17399748024483,19.8120781879802,18.617904903750336,20.18841880458217,20.904753903573237,20.17399748024483,19.8120781879802,19.812990070057893,19.451043358083144,18.617904903750336,18.442806842266737,18.86554319068438,18.84660516326106,18.77437898477855,19.383173842452702,19.91333989609199,20.07792322417137,19.19324301654367,18.93334110070922,18.184554986414366,17.42080408972815,17.567723770067104,17.721043052164323,18.15897378373688,18.20542446798429,18.07767095432107,17.177446087937188,17.19477889411909,16.97247637886413,17.1390111141645,17.393939571549396,17.016486076902236,17.057647683846085,2021-12-06,25.84166666666667,23.933333333333337,18.541666666666668,17.141666666666666,test
2021-12-14,22.75509448433116,20.941220398497325,20.25052292400582,17.762193629930177,22.75509448433116,21.862245126603604,20.941220398497325,20.25052292400582,20.43534767381705,20.67486985012481,20.640332525338355,19.619286897252813,19.265863009126797,18.453010561742715,17.645360871839955,17.762193629930177,17.894893132614055,18.318676037924718,18.355412629822126,18.221006824405457,17.316216888340417,17.33041837596252,17.10596892600617,17.27103153492019,17.524952702773298,17.146810880695813,17.187499832509246,17.04401318753098,17.232996349361077,16.362483238941746,15.708979728346394,16.006913614013534,16.988462196808413,16.473804298034345,2021-12-13,21.583333333333332,20.8,18.466666666666665,16.808333333333334,test
2021-12-21,17.7889062185709,17.758275450970928,17.01386470145981,16.819973610584015,14.092933750615455,15.411424557312223,15.744538707241208,15.722375886846024,16.37765247837439,16.879423836761063,17.55641730942935,17.766405856105035,17.750746671044862,16.927362115839216,16.997367964515988,16.81116746918609,17.002449798405895,17.27431407774927,16.908512762666422,16.957662131848878,16.819973610584015,17.01293064628968,16.145141852607043,15.49350556519059,15.79272322923526,16.77514640374867,16.261087813988276,16.72943589143662,16.61079996761672,16.73953917661845,17.758275450970928,17.7889062185709,17.01386470145981,16.576204854666496,2021-12-20,21.583333333333332,20.433333333333334,18.308333333333337,16.616666666666664,test
2021-12-28,18.57797786494771,18.31371780955782,17.796905349568522,17.075296042325284,18.204211043559646,18.053260547033812,17.13722721987535,17.143783176519324,16.913980776550215,17.075296042325284,17.32666496586905,16.946853034148972,16.986392190231115,16.842104653476213,17.030530795475208,16.159650561846142,15.505905626800345,15.803671875167904,16.78509515854438,16.270352026027766,16.73823239001909,16.619276849860253,16.747795098999084,17.766378549403733,17.796905349568522,17.021793221254242,16.584084862423715,17.07976977042453,18.457746146164038,18.57797786494771,17.757092414412888,17.9702924370778,18.31371780955782,17.657187504730004,2021-12-27,21.583333333333332,20.433333333333334,18.308333333333337,15.875,test
2022-01-01,18.590323784766685,18.32591890908535,17.769371125559555,17.130136875841437,17.52183835442292,17.495776033422395,17.618704596561454,17.150835522245277,17.130136875841437,16.94431574869113,17.10440414536659,16.214104009317186,15.547047454088768,15.835689082360359,16.81085988062796,16.29181491723054,16.756778328121133,16.635806044700633,16.762941293448336,17.78057674856852,17.810453733255947,17.034895905373006,16.596884128975844,17.09235689309004,18.470190114593187,18.590323784766685,17.769371125559555,17.98252507918151,18.32591890908535,17.669366708977122,16.90888621285969,17.35239779081176,17.462546801202937,16.976367445780664,2021-12-31,21.583333333333332,20.433333333333334,18.091666666666665,15.041666666666664,test
2022-01-07,19.09894189416533,18.606728408439412,17.99572197808273,17.363375391165295,18.859486764501803,17.420531276422405,16.37724291302881,16.408093495774988,17.20647035023733,16.566164610637962,16.947954731517648,16.77010635619911,16.858238498860825,17.849158283470924,17.860709335090753,17.07260125497261,16.62599658174285,17.115586245101962,18.48936900045762,18.606728408439412,17.7838715417915,17.99572197808273,18.338220790667787,17.68105380197573,16.920150973346267,17.363375391165295,17.473327278346627,16.98701313668999,16.563887356667426,16.61283504544522,17.27322303496071,17.8714403256745,18.36424883468164,19.09894189416533,2022-01-06,21.583333333333332,20.433333333333334,18.283333333333335,14.016666666666666,test
2022-01-14,19.261905531230028,18.93252487939125,18.531555919360326,18.093372613199723,17.579432843259024,17.438301628599902,18.27216963918288,18.17629845970105,17.314341967493647,16.817020387763566,17.27206554589371,18.622116972062017,18.723216583425614,17.88920117497384,18.093372613199723,18.430635838799603,17.769892693726334,17.006509732821574,17.448040967262553,17.5568313046423,17.069722673299093,16.646056258523878,16.694629685803637,17.354759477593937,17.952803555440312,18.44549243596737,19.180103617080942,18.273308676791814,18.93252487939125,18.11591857712821,19.261905531230028,18.531555919360326,18.61524032822183,18.342802696357793,2022-01-13,21.125000000000004,18.85833333333333,16.358333333333334,13.516666666666667,test
2022-01-21,20.260529316209357,19.194544798655187,18.880566784446426,17.858480998449252,13.752492378803984,15.30608892002737,15.467701707473474,16.35436324373588,17.15923768536283,16.819146642998742,16.275658712024413,16.86768472914052,17.07964312438213,16.663252929467077,16.288058223693465,16.369884742441975,17.052792314531025,17.66643662657552,18.16984966474109,18.911810614627637,18.010053592167818,18.67272351187549,17.858480998449252,19.006090333512322,18.27685451675551,18.361298361025522,18.08938145648494,19.007568338496974,19.246761743060965,18.880566784446426,17.54610069048261,18.539381330266675,19.194544798655187,20.260529316209357,2022-01-20,21.125000000000004,19.816666666666663,17.900000000000002,15.4,test
2022-01-28,20.781058626135014,20.221018568484077,19.341858318038838,18.417621043113833,12.447931825583957,14.000533702092934,14.503053132275202,14.758008208610262,15.27160984158553,16.250450427557904,17.06714670781962,17.709494297465135,18.546697191598394,17.710231728973103,18.417621043113833,17.634054150212336,18.802694769579222,18.087848811395844,18.182189101855506,17.917054863274636,18.8398901262142,19.082274475949912,18.718263892670656,17.3852945452163,18.379604592931702,19.035469396364086,20.101934781226525,18.988630468682786,19.78468764767805,19.341858318038838,19.83355600395023,20.781058626135014,20.47731541956276,20.221018568484077,2022-01-27,24.633333333333336,21.125,18.85833333333333,16.65,test
2022-02-01,20.92869046370089,20.661125895264952,20.223553602468428,18.841501729566957,15.186949426032411,16.193218434564635,17.02871587743892,17.68395695556874,18.52997708405439,17.69952272978158,18.411125235166978,17.630401037055304,18.800990217878272,18.08747992603577,18.18273498160774,17.918230500098108,18.841501729566957,19.084172767981542,18.720364628974206,17.387534049532047,18.38193921755402,19.037869325121108,20.104379117459928,18.99110468271067,19.78718393261608,19.344368955380254,19.836076479329883,20.78358584512365,20.47984724759729,20.223553602468428,20.287569783349486,20.661125895264952,20.49636547828223,20.92869046370089,2022-01-31,25.116666666666664,21.608333333333334,19.816666666666663,17.900000000000002,test
2022-02-07,26.10004516395579,23.774341611175505,20.82653287815327,19.786826872252508,16.906171157975614,16.584339681288572,18.069440477729827,17.57157131670782,17.81508069520184,17.65197337894625,18.64449451863525,18.934732844807385,18.60353969370575,17.293071007642997,18.302797203550597,18.96917165057386,20.042870193254274,18.934556644381196,19.734023428175803,19.29352925083355,19.786826872252508,20.735427135651673,20.43244385645271,20.17666408572517,20.24102815304315,20.61482442612696,20.450228791527667,20.882666823988508,21.92608106486811,20.82653287815327,22.00296865268116,23.774341611175505,24.50578802723922,26.10004516395579,2022-02-06,27.583333333333332,24.633333333333336,20.716666666666665,18.716666666666665,test
2022-02-14,26.113828824626765,23.788471743128408,22.401248905779823,20.77749068549171,20.199384699473722,19.47440151182135,17.89440393417405,18.719561646080578,19.259084746491904,20.245709694521995,19.07770880744862,19.83639295320248,19.36797079957798,19.84207252466073,20.77749068549171,20.465515625790996,20.203588260644523,20.263738594313814,20.63462938310482,20.46803861161422,20.89911590061969,21.941600548743533,20.84140939210108,22.017402348159987,23.788471743128408,24.51971232006467,26.113828824626765,22.888602016267875,22.14634519318902,22.985825267284532,22.72283997149703,22.401248905779823,22.103883187850496,21.403995355062193,2022-02-13,27.583333333333332,24.633333333333336,20.716666666666665,18.558333333333334,test
2022-02-21,25.976554647298645,23.960165317834583,22.754254639123612,21.752204192544788,17.02411624021869,17.400003140637452,18.452815370351637,19.78495201604247,19.74488960832271,19.66979506139881,19.857544724791204,20.31591647227687,20.209323213730876,20.681530743820833,21.752204192544788,20.67133843393894,21.8605197300281,23.640690464646337,24.37816752805145,25.976554647298645,22.754254639123612,22.01400461105672,22.854859872425273,22.592824875727185,22.27187718878963,21.974952763649032,21.27536797899912,19.59796500160953,19.83215791195562,20.592500203088946,21.839978079765967,22.497828377479074,23.607632852080158,23.960165317834583,2022-02-20,27.583333333333332,24.633333333333336,20.716666666666665,18.000000000000004,test
2022-02-28,25.924667582623602,24.310063891720144,23.590758131241856,22.54608974140824,19.574264398969138,19.695558481828556,20.323915946812345,21.50217234487223,20.494985884799338,21.734532925921894,23.548942295409756,24.310063891720144,25.924667582623602,22.71349107084912,21.980794039330032,22.826835083889616,22.568372904478295,22.249911592552223,21.95466854329539,21.256235084564885,19.57962029791656,19.81436287725299,20.575080835063723,21.822813840140956,22.480834129793422,23.590758131241856,23.94337268461477,24.72273002188272,24.216146698612278,23.009489158733825,24.095281325675504,22.54608974140824,22.835816008010873,23.563537427466702,2022-02-27,27.83636363636364,25.116666666666664,20.716666666666665,17.0,test
2022-03-01,25.916400649312887,24.298876543739954,23.588808690451895,22.565065304500234,19.604069213082248,20.260604999527512,21.458176587981242,20.46422997189483,21.712852433202848,23.53348266538567,24.298876543739954,25.916400649312887,22.707225973078792,21.97590112530218,22.822882750736234,22.565065304500234,22.247045933164973,21.95210475561163,21.253879276022456,19.577407051333267,19.81224735158567,20.573032293446534,21.82081121359658,22.478862976322223,23.588808690451895,23.941437988625957,24.720805432906207,24.214229037616445,23.00757624661085,24.093371668728093,22.544182315762498,22.83391009363236,23.561632567130445,22.92277824857999,2022-02-28,27.83636363636364,25.116666666666664,21.40909090909091,17.0,test
2022-03-07,27.85000028334726,25.34329260048094,24.261778623190246,23.48538888786525,27.09320947078258,27.85000028334726,24.05073455648439,22.91538630961258,23.48538888786525,23.03745652480611,22.588830706030883,22.204695428014045,21.445346767238835,19.72698871572771,19.93305734575185,20.674125098327682,21.908422148669395,22.557270527793605,23.660864228758758,24.009137356407184,24.785517257963583,24.276900933863487,23.068849229669194,24.153681358928104,22.603826737647918,22.893104185881874,23.62051825038416,22.981452731885202,24.735900532786495,24.261778623190246,23.322777545935324,24.170514537551753,24.002013702578818,25.34329260048094,2022-03-06,34.31818181818182,32.71818181818182,27.00909090909091,17.87272727272727,test
2022-03-14,27.572939348720226,26.466234263820287,24.408396353696503,23.68150436588926,16.377573703339202,17.351044986166297,16.820053430964055,17.840510138397843,19.140005102248864,20.756993634128794,21.667782072348164,22.95090367189947,23.422274125065005,24.283087266830748,23.832282297833768,22.663832659893625,23.77582226035917,22.244632919613828,22.54670763739756,23.282888826420653,22.649825695962512,24.408396353696503,23.937103843138217,23.00004067793976,23.849099510026512,23.68150436588926,25.023404726273682,26.82634278511748,27.572939348720226,26.466234263820287,23.998927256249345,24.046275930200178,25.77716291816452,24.50655069357894,2022-03-13,35.43636363636364,33.09090909090909,30.39090909090909,21.40909090909091,test
2022-03-21,28.40786180511606,27.347663511659317,25.831892178520913,23.82657140141513,17.69546727890113,19.751801615940206,21.698820985867886,21.992553795694548,21.33451655630235,22.796547181812127,21.50536014883948,21.97165203255829,22.82040622410677,22.264537483951084,24.07602413778788,23.640995786760655,22.728767790590737,23.59484206074806,23.43894905281214,24.788869711987125,26.597301487041616,27.347663511659317,26.243540529509637,23.7780064112964,23.82657140141513,25.558287063646564,24.28824300581859,24.26349789571426,25.527456576164028,26.019619226346293,25.71784114994619,25.831892178520913,27.973317921900417,28.40786180511606,2022-03-20,37.25454545454545,34.99166666666667,30.64545454545454,26.5,test
2022-03-28,28.21507527664654,27.78035030477957,27.030977543544687,25.52422641992916,20.17542007327551,21.528686430431577,21.318827610808512,23.36742708348634,23.09488220837265,22.293915532544467,23.236197900459807,23.132557208014255,24.518329351043956,26.351311681866015,27.118510591168818,26.025935021240155,23.568331287998063,23.622339776476256,25.357784855553483,24.090292661481993,24.067299940773104,25.33245872008921,25.825443161382278,25.52422641992916,25.63866123883206,27.78035030477957,28.21507527664654,27.5754065631493,27.030977543544687,28.040391634574934,26.755124532322082,26.123399757160257,27.035308758363847,26.617589301299052,2022-03-27,37.25454545454545,34.99166666666667,31.49166666666667,27.641666666666666,test
2022-04-01,28.95636928316131,28.71663358461931,27.67739913707861,26.298531077785576,25.622605815344453,24.058074587252975,24.47696187909443,24.014477870743363,25.154017590005616,26.818615817008062,27.470242841918424,26.298531077785576,23.786682429345518,23.803508047780166,25.51347553542913,24.2285532704967,24.19356063741685,25.45051367393236,25.93786238209103,25.632782555370444,25.744569373129952,27.884442039062307,28.317917501853795,27.67739913707861,27.132385127269558,28.141399669749646,26.85585869183928,26.223946185109547,27.135726672707243,26.717919704947498,28.95636928316131,28.71663358461931,28.76698636048518,26.554954002148854,2022-03-31,37.25454545454545,35.43636363636364,33.09090909090909,28.59166666666667,test
2022-04-07,33.46670580940197,30.497766756611114,29.052341675659918,28.003512211211515,33.46670580940197,30.497766756611114,26.754164746574034,25.927016425474765,27.058185555831507,25.376418873566546,25.069554501629078,26.140287035794074,26.500045358051697,26.107483629997112,26.159259411117443,28.25803414361953,28.66335155514189,28.003512211211515,27.44523639287155,28.44515301783937,27.15337882530045,26.51719963264197,27.426050569395265,27.00623379469139,29.243308302146875,29.002632400042245,29.052341675659918,26.839867820021297,28.036858305167772,28.495654373220557,29.09288364698773,30.726118460614376,29.037702920536375,29.62069896713975,2022-04-06,37.25454545454545,35.641666666666666,31.49166666666667,27.59166666666667,test
2022-04-14,30.640600897476762,29.535718925663836,29.006901744990337,28.071782003755544,24.118344907401983,25.087371513044694,25.11258866620791,25.450643241583283,27.74592813275098,28.28593919383712,27.718194664460455,27.223059870370317,28.266296516035123,27.004197187596617,26.38837119592593,27.311137266222513,26.900859681176986,29.144503410801672,28.908328704023674,28.961118249221585,26.75075834338327,27.949196266892894,28.408989243328385,29.006901744990337,30.640600897476762,28.95250387508679,29.535718925663836,29.615536423917433,28.071782003755544,28.456964931482098,29.33518497182024,27.37234336507795,26.645817933216343,29.144794519459698,2022-04-13,37.25454545454545,35.641666666666666,32.31666666666667,27.86666666666667,test
2022-04-21,31.36022531620749,30.891895447063472,29.597729742725143,28.730377020240645,23.30084495739269,25.575029008746295,25.15660121314229,25.11877095993359,26.438018193559085,26.300353720587978,28.730377020240645,28.621777929127635,28.762032811600555,26.611639850328864,27.85122342918613,28.339182696566624,28.956292158192298,30.603213817730975,28.924203982718154,29.513645735940955,29.597729742725143,28.056894546575304,28.44408340664609,29.32369283891058,27.361795267763636,26.635913840580372,29.135332159505413,28.579363812279247,29.49952321780119,30.83075614428347,31.36022531620749,31.311900671135437,30.891895447063472,29.883127307220875,2022-04-20,38.22500000000001,35.641666666666666,32.31666666666667,28.49166666666667,test
2022-04-28,32.94759844528866,31.4365027406778,30.664327173885148,29.582876745698375,28.550679350956287,28.737237757947184,26.618612495061722,27.879979525958216,28.382734395092637,29.010061057106245,30.664327173885148,28.990130365260562,29.582876745698375,29.6692222388229,28.129936176003454,28.518204734324325,29.398544392006404,27.437102723735112,26.711562778720765,29.211214453894744,28.655406549773147,29.575676068105754,30.906982139026823,31.4365027406778,31.3882191933239,30.96823834621365,29.959487009754827,30.159141753398305,30.66432303268724,30.516964517373925,30.365149692923367,30.447667438779266,31.696812063755097,32.94759844528866,2022-04-27,38.22500000000001,35.641666666666666,32.599999999999994,30.416666666666668,test
2022-05-01,34.113362021157485,32.7762682930657,31.604870094632247,30.672374643018035,34.113362021157485,32.703900804611145,32.02047452416827,32.7762682930657,30.486213394335863,30.656445541572033,30.453214585832377,28.71574553629851,28.968167034799123,29.755388590025706,27.73011792894158,26.960824111497978,29.43053211294579,28.854193523988194,29.76034931804922,31.081980956380512,31.604870094632247,31.552040925981437,31.128944417670116,30.118051129904973,30.31623835413948,30.820419032808132,30.672374643018035,30.520089677146053,30.60228515855908,31.851208857989167,33.10184462571422,30.868349911117324,31.45907577995433,31.54454059750935,2022-04-30,38.22500000000001,35.37272727272727,32.599999999999994,30.666666666666668,test
2022-05-07,32.88698088552899,32.5083668283093,31.33162680140683,30.6543909116449,24.744183571953762,24.736216347237573,26.173365267786238,27.77272949357743,26.305098673399527,25.91744100467636,28.648831229547536,28.251689228151886,29.280614692714575,30.686502715861636,31.267139120974242,31.253769660428443,30.85780055116195,29.865490976319247,30.076439796638198,30.589376312280148,30.44732032284575,30.299141144603762,30.384167211736596,31.635020797825966,32.88698088552899,30.6543909116449,31.24573586798621,31.33162680140683,30.668539159705748,30.857120562338302,31.733820581626034,32.389322463384836,32.59581794619887,32.5083668283093,2022-05-06,38.22500000000001,34.83636363636364,33.625,31.483333333333338,test
2022-05-14,33.246912882564416,32.9783362542514,32.61752716585167,31.44597992289678,30.800041338537493,31.06136306610016,31.941013002986214,32.161458794487224,31.90081910496105,31.335469741897434,30.2269068399108,30.358317714491562,30.816765298311907,30.637368902394158,30.463525396806176,30.53100835537251,31.76982183072276,33.013548440331924,30.77529516538346,31.362754032575072,31.44597992289678,30.781074510205062,30.96840350495841,31.844247004326483,32.49915921135551,32.70525305482628,32.61752716585167,33.246912882564416,31.981670074762185,32.9783362542514,32.62581392315367,32.65744572681727,31.418548056981862,31.12800714222592,2022-05-13,39.075,36.49999999999999,34.79090909090908,32.75454545454546,test
2022-05-21,33.89986301433013,33.2713001521973,32.735839582471726,32.2978752061069,32.69306714636494,32.423658014849586,31.744922316901494,31.228603786604648,31.06134573940494,32.1392291867409,33.27248892688707,30.95878566343108,31.494392062849613,31.542130087559247,30.852924794240185,31.023595439757248,31.888023377856914,32.535130979118584,32.735839582471726,32.64443989672032,33.2713001521973,32.00432286593099,32.9998003457003,32.6464627970916,32.67753313687857,31.43825524891721,31.147451406440762,31.50281316819346,32.2978752061069,32.15056753777264,32.89206102317972,32.338678802907054,33.07040758816898,33.89986301433013,2022-05-20,39.075,36.18333333333333,33.85454545454546,32.583333333333336,test
2022-05-28,34.06408863568832,33.850844975632654,33.50680095782315,32.59283447957417,30.47094992372731,31.144999242429215,31.287258076392874,30.662702064108096,30.877770806050847,31.77270860306437,32.440737967118814,32.65576090895215,32.57411482080963,33.20771011945983,31.945367943573412,32.94401169682952,32.59283447957417,32.62538454756224,31.387124460663003,31.097025922383953,31.452864687181894,32.24825127219802,32.10116749883366,32.842815769279674,32.28953979221629,33.021340944672545,33.850844975632654,34.06408863568832,33.58773135777394,33.85385701085533,33.61737956558958,33.360828741028044,33.50680095782315,33.66691891885522,2022-05-27,39.075,36.18333333333333,34.66666666666667,32.75454545454546,test
2022-06-01,34.48854464765239,33.96882673002639,33.74836434981448,33.3155158737299,33.09122645320953,33.3155158737299,33.52384074129743,33.423624129507466,33.126000453239996,33.61139874716785,32.24762334691723,33.176760782721104,32.77793957229885,32.77783145656933,31.517202320848998,31.211756571860175,31.557095349511677,32.34526490500621,32.19323119615083,32.931486470084366,32.37588472021958,33.10608942664848,33.93450099419312,34.14699319864604,33.67012340244833,33.93589812699892,33.699180133289005,33.44246442172366,33.58832390466723,33.74836434981448,34.48854464765239,33.96882673002639,33.901711357871356,33.14148021066371,2022-05-31,39.075,36.18333333333333,33.791666666666664,32.75454545454546,test
2022-06-07,34.47346733261668,34.08727221842535,33.91353377391888,33.30176187025556,31.65563468502494,32.766427652602836,32.492068139043404,32.57716341285162,31.374909927311844,31.109530192844172,31.482497586746124,32.28948357287551,32.15033464397722,32.897429340287154,32.34790114907617,33.082272733148095,33.91353377391888,34.12795760208852,33.652427829664596,33.91912281662322,33.683034661585296,33.426748787283906,33.572902425950005,33.73314538979037,34.47346733261668,33.95384441674879,33.886793938781366,33.12660740072451,33.30176187025556,33.474572061697216,33.9711274074715,34.08727221842535,33.02031697849585,32.86695593116851,2022-06-06,39.075,36.18333333333333,33.791666666666664,33.11666666666667,test
2022-06-14,35.177537092587414,34.61259544200593,34.14191877849098,33.76819549670171,31.199201689423983,31.420375610617292,32.414226714571186,32.03400903911142,32.88416936718248,33.795394200950604,34.064486826082714,33.62630663558215,33.918593086230366,33.70007723575233,33.455814502077374,33.61024455466008,33.7760828005551,34.52025887684952,34.00329404055137,33.93806692368713,33.179126263510874,33.35513761898424,33.528530591546065,34.025495610271534,34.14191877849098,33.07515221916646,32.92192032907443,33.22730753275247,33.76819549670171,34.251192477518394,34.61259544200593,34.991441465300156,35.177537092587414,34.607103151261185,2022-06-13,34.725,34.66666666666667,33.75000000000001,33.12500000000001,test
2022-06-21,35.134596365651454,34.56889695300692,34.30460890183139,33.94626005598708,31.718022423845543,32.597263654598336,32.78101050406042,32.81256051039863,33.156044065113726,33.4515326880365,34.28459704550961,33.82846530058481,33.80492917889053,33.07457569534403,33.27017246269257,33.45699127373256,33.96315118704085,34.08587478608021,33.02343957424139,32.87317768604334,33.180599464908504,33.722883368077305,34.20683711274693,34.56889695300692,34.94819354487627,35.134596365651454,34.56437285989884,33.97732897897098,33.94626005598708,34.542374768081345,34.34505395898719,34.23011243861592,34.231463145456374,34.30460890183139,2022-06-20,36.87500000000001,35.45,33.80833333333333,33.333333333333336,test
2022-06-28,35.60122266637251,35.14324484124917,34.70268036009598,34.190874508906646,33.12386906186145,33.30933540495863,32.72199599619242,33.01572888006769,33.270078191629736,33.822377841213445,33.97666824954324,32.93587309443568,32.80045306961732,33.11808103818638,33.66734711877711,34.15605260320096,34.52138921131706,34.90293979559504,35.090887358303114,34.52172161452808,33.935398515933876,33.90482546733951,34.501284571465604,34.304197260546744,34.18941476145748,34.190874508906646,34.26409515272625,34.21288713738547,34.70268036009598,34.60612866372851,34.911686427282376,35.60122266637251,35.5193176138614,35.14324484124917,2022-06-27,36.87500000000001,35.84166666666666,34.725,33.45,test
2022-07-01,35.60838105247159,35.15037363196214,34.775451709884216,34.31244740157115,33.50555830431305,33.60807218745284,34.05629430308843,34.139243436293675,33.049574974022185,32.880620449027354,33.175213606084746,33.70874339049058,34.18666222968005,34.544604994032326,34.921087373653904,35.10555714175614,34.53401190725802,33.94606406184337,33.91437034315976,34.510061269657804,34.31244740157115,34.19730396714501,34.198516795085176,34.27156760764077,34.220242353725446,34.70995612588379,34.61334996912045,34.91887040210028,35.60838105247159,35.52645839592356,35.15037363196214,34.31915691930755,34.43862429738002,34.775451709884216,2022-06-30,37.28333333333333,36.39166666666667,35.45,33.791666666666664,test
2022-07-07,35.61196803826527,35.529971068592296,35.14077991130538,34.617203846866566,33.389478591367855,33.856691726092286,34.28914379303516,34.61592927581173,34.97096847962615,35.14077991130538,34.559222976511045,33.964399628918684,33.92798996113377,34.52044948168342,34.32061949245292,34.20396825179351,34.20414227631549,34.2764763086763,34.22466141161061,34.71403995072545,34.617203846866566,34.92256680535059,35.61196803826527,35.529971068592296,35.15383598361523,34.32258455742716,34.4420280884102,34.77883917522039,34.878078071244865,35.28917344062275,35.58778600041748,35.17473548969793,34.62917535661714,34.74428235150578,2022-07-06,37.28333333333333,36.39166666666667,35.99999999999999,34.725,test
2022-07-14,35.55647476544627,35.47848518173615,34.871345258724766,34.54737921792099,33.11062615348743,33.329276615565696,34.096676014570605,34.01674012287747,33.98235953785253,34.03879810107411,34.149674653940224,34.12430048739786,34.63180468840562,34.54737921792099,34.86125191075836,35.55647476544627,35.47848518173615,35.10510024801742,34.27573116362844,34.396464770124574,34.7341619668152,34.834007903731475,35.24552088066462,35.54441748470352,35.13156125187849,34.58613465363262,34.70133320782829,34.871345258724766,34.68999018554832,33.97292913072158,33.724608408005516,33.732836023195716,34.505732861312715,34.28397644358368,2022-07-13,37.28333333333333,36.39166666666667,35.99999999999999,34.85833333333334,test
2022-07-21,35.77181893814712,35.575853344555505,35.16550015743921,34.76298165957005,35.02257691893887,35.25449298780618,34.98118302623924,35.16550015743921,35.77181893814712,35.63290689182103,35.217907992041596,34.359969849501596,34.461120242651575,34.78539113731421,34.87604461602296,35.28126940922651,35.575853344555505,35.16002180744213,34.61256154027348,34.72636611467671,34.89542300283598,34.71341179080077,33.99589928769459,33.74726942204219,33.7552876359664,34.52804017905341,34.306184849238754,33.968470654331114,34.194971561369904,34.60886599283647,34.83988716407135,34.76298165957005,34.50483570886175,34.72807406560662,2022-07-20,37.28333333333333,36.38333333333333,35.90833333333334,34.325,test
2022-07-28,35.689313829698136,35.235129629344044,35.004413113899865,34.66529474142831,35.156339057722114,35.004413113899865,35.155184353790006,35.12693720497009,35.45065650001139,35.689313829698136,35.235129629344044,34.661427544096775,34.757257696343444,34.91399709274567,34.72353917313083,34.000237230450615,33.74764646366057,33.75295186054226,34.52383864881961,34.30070266338975,33.96211019394735,34.18800953807541,34.601491559805446,34.832229051775094,34.75512880330433,34.49685017718916,34.719997819024925,34.78530070493161,34.462616939642366,34.55457193295508,34.66529474142831,34.576439507134936,33.954710473845935,33.9376968067129,2022-07-27,37.28333333333333,36.74166666666667,35.99999999999999,34.49166666666667,test
2022-08-01,35.11562834452938,34.82723748185968,34.71696523641136,34.502676649000044,34.614688422199855,35.11562834452938,34.84122909768343,34.39063277722606,34.57098180336428,34.785711437564906,34.63501693203623,33.93889808229325,33.70494031379214,33.72301793736771,34.502676649000044,34.28553588658145,33.951045627163424,34.17975514681753,34.595173029364496,34.82723748185968,34.75104681543166,34.49338944327219,34.71696523641136,34.78256255884738,34.460080846225694,34.55217308350725,34.66298996761207,34.57419921866209,33.952514679733135,33.935531210059054,33.79162847947219,33.739503962528545,33.851254805635186,33.210038578746854,2022-07-31,37.88333333333333,37.199999999999996,36.06666666666667,34.71666666666667,test
2022-08-07,35.05508778195703,34.818555161403225,34.647153665577505,34.2372493937717,35.05508778195703,34.2372493937717,33.91981262642099,33.8807108322268,34.621134757208125,34.37714065754038,34.02428394048433,34.24037993401708,34.647153665577505,34.87329873815017,34.79304501517558,34.532607861681406,34.754272896177454,34.818555161403225,34.49517516869846,34.58665141290115,34.69704528894709,34.607965309317926,33.98608182056591,33.968962674995346,33.824967637981224,33.77277943695314,33.884486660445496,33.24324063445325,32.83459272410891,32.56844541354534,32.76668956787198,33.285758138432534,32.91315175865084,32.83955229711093,2022-08-06,37.88333333333333,37.199999999999996,35.475,34.300000000000004,test
2022-08-14,34.66385932738076,34.54828833354503,34.378833824488375,33.73407603125777,33.03102309244997,33.80787071577417,34.28766622076672,34.38137486773237,34.24012584670837,34.5435268305518,34.66385932738076,34.378833824488375,34.496604052404685,34.62502428308305,34.54828833354503,33.93487362792551,33.923554683882806,33.78353242095874,33.73407603125777,33.84765536342164,33.2076922306367,32.799925314748,32.53438092290828,32.73303898848821,33.252391678891236,32.87997892374805,32.806512243122924,32.4721603167654,32.50285573570776,32.562511260866145,32.35469157166909,32.741038890198524,33.093890781572014,33.5200795292919,2022-08-13,37.88333333333333,37.199999999999996,35.475,34.09166666666667,test
2022-08-21,34.63397780296548,34.515147968710686,33.837884426087726,32.79474233662638,34.4113174007224,34.515147968710686,34.63397780296548,34.55068689165592,33.93273895923366,33.91837168663047,33.77620652413482,33.725298811737744,33.837884426087726,33.197244755671214,32.78901162414867,32.52315290179584,32.7215877768765,33.24079446793646,32.868279337213245,32.79474233662638,32.46034160380465,32.49100389168414,32.550636020283605,32.34280130551078,32.72913740945468,33.08198191458068,33.50816561832837,32.61047824650562,31.702072138666317,31.64009206708727,32.24880998891195,32.26652687352223,32.340780656587846,32.37096238704141,2022-08-20,37.88333333333333,37.199999999999996,35.475,33.74999999999999,test
2022-08-28,34.583705003607314,33.62404705083437,33.0953127708255,32.55382374255661,34.583705003607314,34.44024189174487,33.62404705083437,33.0953127708255,32.74690121326414,32.88897827003257,33.369359464715714,32.970307733509856,32.87856479732156,32.531690242609145,32.55382374255661,32.60760365351577,32.39572746880325,32.779318736154266,33.13027169852172,33.55516092594563,32.65658549653053,31.74756783642924,31.685169360786283,32.29360440907146,32.311124063514,32.38524396970565,32.41533365683474,31.857106568502473,31.638663389429794,32.208551192373086,31.170880768184077,30.876801518317766,30.66379620016979,31.48372707214302,2022-08-27,37.88333333333333,37.199999999999996,34.65,33.30833333333333,test
2022-09-01,34.43749346213774,34.072948423506666,33.24704842378367,32.467762628271636,34.43749346213774,34.072948423506666,34.20605903133981,33.56876437120754,33.313853549802076,32.855115904452575,32.80065340992668,32.80192676540101,32.55405929151601,32.91297986995331,33.24704842378367,33.66034584833351,32.75382697120319,31.8393536386199,31.77321587607422,32.37908778238651,32.39485049842233,32.467762628271636,32.497026808556626,31.938233564664326,31.719403712513564,32.28902641655579,31.2511742769387,30.95697046791098,30.743880222166847,31.563752567972767,31.56160658710374,30.939075643511703,30.834052573504422,31.261030041785702,2022-08-31,35.166666666666664,34.71666666666666,34.40833333333334,33.24166666666667,test
2022-09-07,33.53924250814097,32.67321067623255,32.363052517249336,31.723474264681386,32.0895497949559,32.30949139484411,32.21149707051486,32.67321067623255,33.07769894378005,33.53924250814097,32.66588706030513,31.774076899471705,31.723474264681386,32.339996990350954,32.363052517249336,32.440968975971025,32.473666573458075,31.91721469886969,31.699998818546177,32.270727792119835,31.233633688378752,30.939950522895025,30.727216454721507,31.547332536396116,31.545355212978727,30.922938692850007,30.817994062161567,31.245025333118882,30.830744842266846,31.43870567320665,31.421952508133028,30.239382135958913,29.470328493389715,29.143298171819684,2022-09-06,35.166666666666664,34.71666666666666,33.96666666666666,32.74999999999999,test
2022-09-14,32.489727524520845,32.380301726144836,31.796432843299982,31.2487784626873,31.796432843299982,31.743395767399917,32.35828160980172,32.380301726144836,32.4574724599679,32.489727524520845,31.932870242170406,31.71541034147761,32.2859835237334,31.2487784626873,30.95500790016877,30.742218636614755,31.562287897836104,31.560291844285942,30.937858050613613,30.832900077082016,31.259922747745293,30.845637846426314,31.453595037218204,31.43684055348728,30.254267527760746,29.485212646911016,29.1581816732614,28.96496961331996,29.248176362194993,29.10409157981696,30.2074374981472,29.5377670748627,29.236088356029036,29.572385592410534,2022-09-13,35.166666666666664,34.71666666666666,33.583333333333336,31.191666666666666,test
2022-09-21,31.380636657856886,31.370263664485922,30.793241549515894,30.192069320469727,30.36828522454514,31.346019544496333,30.587903041619597,30.485435654759282,30.403873960826857,31.313870447489315,31.373482494831425,30.793241549515894,30.717212735205063,31.16406595427531,30.763374370607213,31.380636657856886,31.370263664485922,30.192069320469727,29.426020734941794,29.10104947862792,28.90924918833936,29.19342362461631,29.050003807816786,30.153805117226955,29.48444627049372,29.182980487904707,29.519423813275626,29.493360109588387,29.755024073335314,28.90783824635628,29.330404179590385,30.341467196349562,29.380707170674818,28.18647984803607,2022-09-20,35.166666666666664,34.71666666666666,33.583333333333336,30.808333333333334,test
2022-09-28,32.99596749345494,32.25102950519726,30.508556744778176,29.479867971404534,32.99596749345494,32.258048249635785,32.25102950519726,31.539237773229008,31.9432995169788,31.786888170675027,30.508556744778176,29.67390027729481,29.301914587196055,29.07791000390405,29.3400080005707,29.181449449070744,30.274860275319185,29.598383489568814,29.292034387931704,29.625128584166163,29.59676625073417,29.8568547982681,29.008589888266958,29.430417910465643,30.440974547091347,29.479867971404534,28.28540333674264,28.16329256568457,28.565526222497738,28.530129708643887,28.057183607466154,27.298035874957826,26.814760800737613,27.01327635337394,2022-09-27,34.71666666666666,33.583333333333336,32.300000000000004,28.433333333333334,test
2022-10-01,33.24188745412709,32.60804163840359,30.080893753519263,29.474259376080617,33.24188745412709,33.12294968296573,32.60804163840359,31.083974071271527,30.080893753519263,29.59334646628197,29.29012763211063,29.49802170972679,29.302308389516263,30.37025100493939,29.676316708749507,29.357998629352675,29.682903373326646,29.648927616364215,29.905155998196737,29.054245088306054,29.474259376080617,30.48357276527678,29.521614317631713,28.326563813949722,28.20405143300971,28.606011421149685,28.57042731760797,28.09735263068243,27.33811675743072,26.854781223084238,27.053255586882894,26.712135622278556,25.349886610640688,25.206126805197936,2022-09-30,34.49166666666667,32.88333333333333,30.808333333333334,27.649999999999995,test
2022-10-07,30.664847331006435,30.133605536739616,29.800668794654307,28.606208352841332,30.133605536739616,30.086767589736024,29.716581852786376,30.664847331006435,29.888838309040324,29.514306950551198,29.800668794654307,29.74030041364699,29.978447645034493,29.115124855109688,29.52664210075246,30.5301363868981,29.564183152435106,28.366395783766965,28.24200383574227,28.64267413991498,28.606208352841332,28.132527885471163,27.372876077961877,26.889256222819874,27.087535510339663,26.746282292743086,25.383942112746773,25.24011950752404,25.170544030506246,25.556369013827222,25.341493913028167,24.990485637592638,25.221886175078488,24.512240512527004,2022-10-06,31.858333333333334,28.783333333333335,28.433333333333334,27.191666666666663,test
2022-10-14,30.001994048651614,28.80037206716039,28.099705320493868,26.64013381700723,27.687619493634585,28.541167750032773,28.099705320493868,28.80037206716039,30.001994048651614,29.17189372384774,28.0673619282114,28.006730365866975,28.451123877783278,28.444625335300383,27.99148892649745,27.245928932672047,26.77196276312674,26.976841819010904,26.64013381700723,25.280906877749075,25.139218726569105,25.071105994266446,25.457932374284052,25.243744443611146,24.893209485518344,25.124931673030222,24.415506795360503,24.412326154782978,24.196278342760483,24.44143011328696,24.419432449410603,24.337547443097804,24.46390332694218,24.100383873888866,2022-10-13,31.858333333333334,28.716666666666665,27.633333333333336,26.441666666666666,test
2022-10-21,28.150013982173846,27.783996042266914,26.664903903368142,24.870661806302923,27.400785535184635,28.03000558102528,28.150013982173846,27.783996042266914,27.098113685108473,26.664903903368142,26.89771536685742,26.58016290934483,25.23407650933302,25.10141989954493,25.039445232099325,25.430484111103326,25.219203384622194,24.870661806302923,25.10374921371146,24.395258817606074,24.392715562087023,24.17711155639087,24.42256687399206,24.400774701977255,24.319030474191454,24.4454830093643,24.082029980789965,23.894818420201315,23.852173681519115,23.46660152873862,22.647839383670924,22.607083684834066,22.815792509244083,22.985456451205753,2022-10-20,29.108333333333334,27.641666666666666,26.70909090909091,25.224999999999998,test
2022-10-28,26.449403238038748,25.180897421713976,24.982682978470752,24.152877801112986,26.449403238038748,25.13757580699423,25.02845171835217,24.982682978470752,25.38453109828138,25.180897421713976,24.8376251063789,25.07425000891417,24.368212228505136,24.367343698498306,24.152877801112986,24.39915243885886,24.37789075640196,24.29650655960344,24.423215622150764,24.059934794467853,23.872842115828558,23.830280156420102,23.444759614779006,22.626036922215533,22.58530873792361,22.794035147352268,22.96371161964623,22.681713208988196,21.49956293612078,21.048013329562092,20.93854232667599,20.408888314270847,21.267033839108066,21.819638532779887,2022-10-27,28.466666666666665,27.633333333333336,25.733333333333334,24.391666666666666,test
2022-11-01,25.9107182277457,25.268744310823635,24.471435483206445,23.484252753626127,25.9107182277457,25.553223366050098,25.104484935955913,25.268744310823635,24.513021065014495,24.47830216997543,24.240593298247287,24.470921689417544,24.438729448549047,24.349852760861044,24.471435483206445,24.10465142257117,23.91513028355597,23.87090891710372,23.484252753626127,22.664751634568464,22.623489867892534,22.83184928481945,23.001272798787173,22.719104545981992,21.53683717023007,21.085207053106476,20.975680863225225,20.445989022189302,21.304108779473832,21.856695993567044,22.556360006314804,22.677963304192144,21.885299531660444,21.63837420796337,2022-10-31,28.008333333333336,25.766666666666666,25.224999999999998,23.975000000000005,test
2022-11-07,24.917819679662927,24.746293671434984,23.985899540198126,22.64205643595098,24.890709389846858,24.917819679662927,24.746293671434984,24.561838053482585,24.617877668513223,24.206200912110265,23.985899540198126,23.920608506220788,23.51949970477803,22.690096465295706,22.64205643595098,22.84577318161226,23.012009778717967,22.727658055374445,21.543890190186602,21.09123287432338,20.98100197241775,20.450825863523818,21.30861320509057,21.860973154805343,22.560481249811136,22.681978169624724,21.889241304636826,21.642265958062392,22.086928777446435,22.143487978315484,22.56593200584115,22.067644688537975,20.536987622553134,19.01820680965353,2022-11-06,28.008333333333336,25.483333333333334,24.25833333333333,22.749999999999996,test
2022-11-14,25.149988197945007,23.263192148477387,22.847228596137626,21.865547909879513,25.149988197945007,24.359651350011394,23.263192148477387,23.03215731220451,23.11037657866365,23.190557865258818,22.847228596137626,21.623093893483116,21.142746726111966,21.013568799398097,20.47039707791112,21.31928444341322,21.865547909879513,22.560875761542658,22.679499414704846,21.884795636168615,21.636467678750563,22.080204398513697,22.136127740876578,22.55813537177015,22.059549095089267,20.528688133388076,19.009767216657398,18.977495748404973,19.85589764772728,19.236677889048043,18.951290325768834,19.004758029554793,18.678699528440678,17.87030256963309,2022-11-13,28.008333333333336,25.25,23.275000000000002,22.03333333333333,test
2022-11-21,23.275555649177296,22.747732113968432,22.13500066944137,20.55435555672592,23.275555649177296,22.281078393917873,21.799359657789882,21.01448762434967,21.69762850385886,22.13030508055156,22.747732113968432,22.813056621640314,21.981794794821273,21.708423861593175,22.13500066944137,22.179170685427493,22.593118424030322,22.089012789867066,20.55435555672592,19.032835509882982,18.998780312956935,19.8759587319517,19.255899124480322,18.969936324492952,19.023009018095607,18.696681448685112,17.88809965128222,17.729727965584004,18.16403822301717,18.15297545471157,18.086137267901552,18.69861289443342,19.231319673281472,19.397626105122953,2022-11-20,28.008333333333336,23.275000000000002,23.07272727272727,22.03333333333333,test
2022-11-28,22.324678074205078,21.796205072706183,20.833148994139574,18.932882924920555,21.14599773733633,20.833148994139574,20.914893174056065,21.585114368399914,21.796205072706183,22.324678074205078,21.898952103139266,20.41803765229082,18.933300347625313,18.92448948025462,19.818942332031234,19.210735288200834,18.932882924920555,18.991531143606785,18.669023236498596,17.86306699879764,17.706490960869726,18.142035945486533,18.131818020158832,18.065560781879984,18.678432516098823,19.211411093854714,19.37790287489356,18.494545291777676,18.235535259220374,17.48736831950571,16.724042939179288,16.87125620796954,17.024774380327248,17.462843987388894,2022-11-27,23.24166666666667,23.191666666666663,22.636363636363637,21.40833333333333,test
2022-12-01,22.677943279469705,22.301744767327406,19.399860047082697,18.7009995896853,22.312802508052133,22.301744767327406,22.677943279469705,22.147838814529774,20.595277640239157,19.061608004694857,19.019103789773137,19.890533070803805,19.266544226303967,18.977874026159107,19.02910702038015,18.701529234645033,17.892074369906812,17.733120061807764,18.167025408559372,18.155683572512338,18.088655935274158,18.7009995896853,19.233614488723045,19.399860047082697,18.51633108091658,18.2572048052874,17.50895818527424,16.745578187069377,16.89275401733717,17.046246749515554,17.484298516915864,17.53083061594334,17.40313467568713,16.502948249638717,2022-11-30,23.24166666666667,23.191666666666663,22.549999999999997,20.758333333333333,test
2022-12-07,20.224467722385597,19.499428306094966,19.14143499459976,17.95318010332007,19.500614095975628,20.224467722385597,19.499428306094966,19.14143499459976,19.14515209605784,18.784991813658284,17.95318010332007,17.778936556600968,18.2023687392179,18.183833923742263,18.111883191287458,18.720851917329725,19.251155015584587,19.41581890010196,18.531201101328246,18.27132754977519,17.522570534927794,16.75883970800037,16.905775101427416,17.059102815322074,17.497041078727364,17.543495984339295,17.41574725154722,16.51552439792875,16.53285856765991,16.310556730970042,16.477092237634146,16.73202099435478,16.354567828150184,16.395729413131047,2022-12-06,23.24166666666667,23.07272727272727,22.233333333333334,19.34166666666667,test
2022-12-14,20.181935797410464,19.763608918565307,18.960322771390263,17.05192055430918,20.181935797410464,19.884180699164144,19.371218256211087,18.960322771390263,19.336987700331903,19.708020293862763,19.763608918565307,18.80425039129225,18.493141564899393,17.70927522836902,16.92148259156315,17.05192055430918,17.193944462936194,17.62412146051541,17.665252863701635,17.533855498629105,16.631130261863465,16.646748575079382,16.423271100539388,16.58900015296849,16.843377807983615,16.465547332941878,16.506450230401434,16.363109906549017,16.552193162983546,15.681748559704504,15.028291983255246,15.32625808440089,16.307828953682428,15.79318626222493,2022-12-13,23.241666666666664,22.636363636363637,19.908333333333335,17.208333333333336,test
2022-12-21,19.242308388826352,17.956469548925114,17.398358909441892,16.67131487532746,19.242308388826352,18.817945724153773,17.956469548925114,17.11547805150929,17.20954531919231,17.32657340336866,17.739812576706843,17.7692187382486,17.62980414287307,16.721580584589955,16.733430029964858,16.507356679873773,16.67131487532746,16.92445302725286,16.545787974871754,16.586116183859545,16.442382300176746,16.6311957824791,15.760567890037864,15.106984560305051,15.404867134644947,16.3863787781737,15.871695832276295,16.339615777820594,16.22068634394993,16.349224211797612,17.367822598116565,17.398358909441892,16.623252171678395,16.185547557750166,2022-12-20,19.724999999999998,19.34166666666667,17.833333333333332,16.816666666666666,test
2022-12-28,18.11700922049821,17.852846650946052,17.29616848326838,16.340756407839116,15.917275305405958,16.340756407839116,15.818435537217495,16.09481174186433,16.049983864669365,16.33842400213462,16.676678898147895,16.35635468419145,16.436674417494096,16.320345557227753,16.527943530189134,15.670201889522236,15.025419539136795,15.329362482104997,16.31502874373349,15.803193496229037,16.273066438248577,16.155475793598995,16.284930018419526,17.304160731738182,17.335126862808956,16.56031469012153,16.122812007610253,16.61863798664892,17.996711184739947,18.11700922049821,17.29616848326838,17.50939972395469,17.852846650946052,17.196331112042945,2022-12-27,22.058333333333334,20.816666666666666,19.26666666666667,17.216666666666665,test
2023-01-01,18.12865573657309,17.864438745452,17.30778971501826,16.51496352743695,16.285665989584235,16.50361350103516,16.79354832607859,16.44006940065313,16.49768948906658,16.365796769622197,16.562737003477913,15.697689473445543,15.04789920786957,15.348409411399635,16.33172699185428,15.818278318254494,16.28704585324093,16.168696091376912,16.297630022756653,17.31650409429013,17.34722576069353,16.57224544914522,16.134627970980763,16.630375191630524,18.008394587318314,18.12865573657309,17.30778971501826,17.521003624241015,17.864438745452,17.207915054255597,16.44745355268643,16.890978406730916,17.001136535246722,16.51496352743695,2022-12-31,25.866666666666664,22.058333333333334,19.724999999999998,17.933333333333334,test
2023-01-07,18.63726546009777,18.022204474758922,17.409742344909084,16.81150665358938,17.30909020375176,16.212478061257045,15.403999456237115,15.595627500333409,16.50438348171365,15.939737719806914,16.373437818308677,16.231086619790354,16.343565971359972,17.351155727632698,17.374156452795415,16.59387415680619,16.152633872648323,16.64589435626327,18.022204474758922,18.141294303937528,17.319626081738996,17.532288274473437,17.875346467110834,17.218562898824647,16.457923711365968,16.90132738521834,17.01140240656595,16.525172340804136,16.102104586435768,16.151091663240997,16.81150665358938,17.409742344909084,17.90256365802435,18.63726546009777,2023-01-06,25.866666666666664,22.058333333333334,19.724999999999998,17.933333333333334,test
2023-01-14,18.737607693889455,18.40818258498217,18.007270777590005,17.41636062729951,16.323612637799993,16.412672433951467,17.404428983740136,17.41636062729951,16.62858424450323,16.182177583190665,16.67196103948194,18.045855118507884,18.163300499381677,17.340476261404557,17.55237432984296,17.89489652073334,17.237749400291783,16.476852588519684,16.920083947477295,17.030039327176326,16.543731023249745,16.12060593669412,16.169555314750262,16.829943959008663,17.42816269385045,17.920971823954748,18.65566547485033,17.748926837461404,18.40818258498217,17.59160274899605,18.737607693889455,18.007270777590005,18.09096381956956,17.818532099733982,2023-01-13,25.866666666666664,22.058333333333334,19.724999999999998,17.833333333333332,test
2023-01-21,21.77322046750517,20.10065694099014,18.852328626787568,18.20421715037113,21.77322046750517,20.753406181944563,19.151211779465463,18.828718895859126,18.804857114450066,17.896608346544106,16.963511314004386,17.288885785720915,17.318064104855345,16.776362696666677,16.315288872507622,16.33823612963921,16.980795929534743,17.56680404949904,18.051219696676203,18.780158690435904,17.869478518265307,18.52602971824358,17.707594663631752,18.852328626787568,18.121119138924403,18.20421715037113,17.93137772121983,18.84893186510723,19.08769184357403,18.721199576263704,17.386529890016092,18.37967132977538,19.034738459308684,20.10065694099014,2023-01-20,25.866666666666664,20.941666666666666,19.641666666666666,15.674999999999999,test
2023-01-28,21.358691700835703,20.567118567954424,19.923612546320438,18.95043204138242,21.358691700835703,20.136695915087838,18.737208861751075,17.68828305608202,17.308358371302372,17.67468355420023,18.071088667595397,18.425817513024622,19.0658863669515,18.09430897203929,18.7091006148619,17.862030633284697,18.987147011803085,18.242523715856244,18.31639053215744,18.037220145309867,18.95043204138242,19.186217767317416,18.817688109839416,17.481620481708774,18.473799322363718,19.12821140871909,20.193681316983373,19.07969491851336,19.875284836332686,19.432134688024753,19.923612546320438,20.870965460401507,20.567118567954424,20.31075060388929,2023-01-27,25.866666666666664,20.125,18.308333333333334,15.674999999999999,test
2023-02-01,20.985999430627373,20.718431658973152,20.280853557001898,18.897122621737473,15.084998482748903,16.14130352561037,17.01066414777642,17.689310593161643,18.551896305474546,17.732651843265376,18.452028145101036,17.676468005138673,18.850601718054122,18.139577980114055,18.236512151935802,17.973090287771402,18.897122621737473,19.140303607332875,18.776866567561314,17.44428973929032,18.438861393300318,19.094908936419735,20.161508175953145,19.048292564905463,19.84441367619354,19.401624571954336,19.893349912518886,20.840872466482466,20.537142474850096,20.280853557001898,20.3448733041403,20.718431658973152,20.55367314882999,20.985999430627373,2023-01-31,30.474999999999998,26.933333333333334,18.491666666666667,16.958333333333332,test
2023-02-07,26.112505713339818,23.786779611594437,20.838923509988334,19.79661828690117,15.78496200081489,15.819755750984303,17.54956708501686,17.219261221506112,17.577281322154796,17.49268402460735,18.539489082185106,18.86665927226488,18.560798431545265,17.267660423888913,18.28928928526535,18.963868087491754,20.043188160714973,18.938666658312407,19.74076911287083,19.302079378020494,19.79661828690117,20.746066378207793,20.44365829349074,20.18827309169514,20.252915647664345,20.626898053277223,20.462430295171167,20.894955404906288,21.938429730523303,20.838923509988334,22.01538801220849,23.786779611594437,24.51823942865325,26.112505713339818,2023-02-06,33.25833333333333,28.75,25.150000000000002,18.25,test
2023-02-14,25.931952210096707,23.605391668479584,22.220279236909697,20.497332846320976,15.675801010102024,16.31728306687823,15.673300523973301,17.13981794873825,18.119483397622,19.407945561205214,18.446769483094716,19.347008208619435,18.975579651535874,19.516251458736825,20.497332846320976,20.21659091330755,19.976054884937376,20.05087778932503,20.431854376277922,20.272181861909196,20.70799028443236,21.753713770077557,20.655751529454697,21.8332746561521,23.605391668479584,24.337346643229946,25.931952210096707,22.7070620856644,21.96503659395111,22.80467408315663,22.54179638428484,22.220279236909697,21.92296467232551,21.223111985840784,2023-02-13,33.25833333333333,28.75,26.383333333333336,19.99166666666667,test
2023-02-21,25.908592733486984,23.884770475987736,22.683942021941625,21.726035844637977,19.10225663554683,18.80088160395382,19.389289286599833,20.40318168673811,20.14491755395554,19.91979064166262,20.00525546814775,20.393468963916245,20.238740840060707,20.67797553813168,21.726035844637977,20.629677100289666,21.808299177971694,23.581159065407842,24.313630812206775,25.908592733486984,22.683942021941625,21.94208217901861,22.78183299269931,22.51903299789182,22.197570477359534,21.900292367782104,21.20046439144067,19.52289508934864,19.756973793282818,20.517237928420258,21.76466327168336,22.422476310103015,23.53225534764655,23.884770475987736,2023-02-20,33.25833333333333,28.75,26.383333333333336,20.508333333333336,test
2023-02-28,26.11991877694253,24.60378091337202,23.961094246004915,22.816639877043286,23.961094246004915,22.696604857873435,22.37527879131042,22.901995886880922,21.448191121220002,22.381685145420505,23.986330558658295,24.60378091337202,26.11991877694253,22.84121887380921,22.062311254228135,22.876678280223487,22.596493322517215,22.263138713276742,21.95767191878429,21.252228439076905,19.57081230585552,19.80225402821011,20.560709159424206,21.80689257599778,22.463851091719334,23.573049243296722,23.92516651862898,24.704182497780213,24.197366457884648,22.990549427181303,24.07623207337652,22.52696536286348,22.816639877043286,23.54432578744057,2023-02-27,33.25833333333333,28.75,26.799999999999997,22.900000000000002,test
2023-03-01,26.30522588507911,24.747378848627385,24.11903791118333,22.965271643629084,24.747378848627385,23.7944227608809,23.888180990029483,22.137599038790647,22.867663350123888,24.332865268078603,24.854550458015648,26.30522588507911,22.981653918629036,22.171988170054608,22.965271643629084,22.670634695595968,22.32737378497715,22.015140397565702,21.305034969856,19.620423244824998,19.849674507953406,20.60662816091012,21.85178237003239,22.508035402359415,23.61674685421159,23.968533618052124,24.747323043879415,24.240351710113984,23.03342823124382,24.11903791118333,22.569721185018246,22.85936182344877,23.587024107004652,22.94812859497562,2023-02-28,33.25833333333333,28.75,26.383333333333336,22.175,test
2023-03-07,26.160537767407167,24.857606349788334,24.339800026839576,23.144184059002917,24.59280853521475,26.160537767407167,22.917205845897513,22.162985480519282,22.993864904230282,22.724747771213615,22.399899615874634,22.099823119881815,21.39808285004292,19.719204603133935,19.952327843702182,20.711989246821137,21.95903235582906,22.616459721718947,23.72603693413073,24.07841294687743,24.857606349788334,24.350919535287666,23.144184059002917,24.22991830830996,22.68070273838098,22.970404755405575,23.69810966130293,23.05924335628218,24.813827585026427,24.339800026839576,23.400863637735238,24.248642262865427,24.080171730648555,25.42147142414507,2023-03-06,31.71666666666667,27.724999999999998,24.400000000000002,21.23333333333333,test
2023-03-14,27.983928705474824,26.876960143159852,24.91682632667241,24.18698622438195,24.069378893788887,22.752633518995367,20.651774927603434,20.595590169800992,21.15694374192098,22.26815151687909,22.832559193765626,23.878340148541287,24.18698622438195,24.936259011729227,24.40907008473738,23.18828090749594,24.264369128422736,22.708529732392456,22.99369590949186,23.718291662984182,23.077286997359476,24.830404496451955,24.355371584523684,23.415747730816967,24.263056673789276,24.094263596701268,25.435342198086875,27.23771699141815,27.983928705474824,26.876960143159852,24.409472110382705,24.456695995533217,26.187497242364696,24.91682632667241,2023-03-13,34.59166666666667,32.49166666666667,27.724999999999998,21.675,test
2023-03-21,28.858294187997103,27.7979038585198,26.282322197621557,24.276947739765554,18.03150144402895,20.12370429872569,22.095094256049332,22.4057669464191,21.7596786119308,23.229720185774706,21.944062103322647,22.41402580561675,23.265330401908624,22.711238142664232,24.523911772677867,24.08965289451372,23.17797585554603,24.04442284465527,23.888800780507594,25.23890277419324,27.047455145525166,27.7979038585198,26.693846079165972,24.22835357663737,24.276947739765554,26.00868137501672,24.738650211454196,24.7139144245553,25.977878968845683,26.470044881559364,26.16826944455239,26.282322197621557,28.42374938807502,28.858294187997103,2023-03-20,34.59166666666667,32.833333333333336,31.41666666666666,23.625,test
2023-03-28,28.857157920864157,28.422558100849155,27.672916654879295,26.166884440354476,21.926572638290438,22.93083303543222,22.481594488268318,24.365888117775043,23.981211414944653,23.103582816476255,23.99298701590107,23.85321778889792,25.214198267747445,27.030206361492166,27.785798860916135,26.685202888452046,24.222075246758546,24.272340412850472,26.005204202166283,24.735946151842292,24.711740445931788,25.976063998615196,26.468484386409997,26.166884440354476,26.28105094230227,28.422558100849155,28.857157920864157,28.217403755145586,27.672916654879295,28.682289825699737,27.396994224681034,26.765250653694554,27.67714650738631,27.25941809856255,2023-03-27,34.59166666666667,32.833333333333336,31.41666666666666,25.358333333333334,test
2023-04-01,29.355393958625005,29.115786140007298,28.07109261961687,26.299287369118254,18.51042312399853,19.308819435379625,21.347076318696324,21.994651516528773,23.89572493654182,26.082004712660456,27.091308896445916,26.164416944635686,23.820356942783484,23.95223854356708,25.74106717298176,24.510118873989192,24.512165472624936,25.79449654179674,26.299287369118254,26.006166898855522,26.12614576580177,28.271634490189257,28.70897034190021,28.07109261961687,27.527890109767974,28.53814029003152,27.253445846338458,26.622114346319986,27.534292998946967,27.116757545791287,29.355393958625005,29.115786140007298,29.166227368581605,26.954255700134375,2023-03-31,34.59166666666667,32.833333333333336,31.41666666666666,25.666666666666668,test
2023-04-07,30.885581892060877,29.39838628338926,29.15919510187409,27.5593999896641,24.604220571069487,24.47352825699692,22.674966213559188,23.180795147631343,25.22593871841422,24.17141599945739,24.29412579604336,25.658977686893152,26.220336385843236,25.966026076792314,26.11260409514384,28.27632712335798,28.72606617317395,28.0967257280346,27.5593999896641,28.57367809565888,27.291740063808625,26.66229847501217,27.57577238512206,27.159137317585657,29.39838628338926,29.15919510187409,29.209921969732502,26.998146696201918,28.19561665111302,28.65474077600095,29.25219324057598,30.885581892060877,29.197272560136618,29.78034142529377,2023-04-06,36.93333333333334,34.449999999999996,32.49166666666667,26.466666666666665,test
2023-04-14,30.88800807711612,29.783875935590967,29.253661563803025,28.19361733163007,21.67111359657614,23.48813545504527,24.094186376417994,24.830877985486847,27.399977324655076,28.12705323179254,27.687519413187765,27.280388603572877,28.383857928047824,27.16310286606917,26.575551744661137,27.51762539480943,27.12066423622765,29.373437880728385,29.14350563812469,29.20058604531605,26.99315990178384,28.19361733163007,28.65480426580725,29.253661563803025,30.88800807711612,29.200356858930515,29.783875935590967,29.863902809634947,28.320290793081913,28.705570068243304,29.583857553374706,27.621062211816103,26.8945682229824,29.393566565988326,2023-04-13,36.93333333333334,34.40833333333333,31.058333333333334,26.416666666666668,test
2023-04-21,31.696957686157702,31.2285763719854,29.938517383958317,29.183682281985156,25.38305325432421,27.108103264751346,26.313523931564838,26.017906456453666,27.160258412292563,26.900492850603918,29.247904667726218,29.082420775346353,29.183682281985156,27.006526849728015,28.22775911889897,28.703164349925917,29.31177924691988,30.95273623754803,29.269671584871045,29.856334037504006,29.938517383958317,28.39638022423222,28.782673350015543,29.661654288194185,27.6993444944242,26.973176086359253,29.472397674079538,28.91629389273048,29.83636034951472,31.167529993421407,31.696957686157702,31.648602175130605,31.2285763719854,30.21979412811364,2023-04-20,37.46666666666666,35.76666666666667,31.53333333333333,26.416666666666668,test
2023-04-28,33.17470733948159,31.663578133648453,30.891426601501788,29.80739748305371,28.725122566024407,28.928363854332137,26.82110879770806,28.090156330682024,28.59852910733228,29.229540574715603,30.885995553697903,29.2134854785286,29.80739748305371,29.894550516103784,28.3558328326651,28.74444474891922,29.62504150772668,27.66382018688582,26.938406883417084,29.438144131862135,28.88239376585925,29.802700781351326,31.134038609940237,31.663578133648453,31.61530178088003,31.19532905982548,30.186583455144426,30.38624227423926,30.891426601501788,30.744069382723303,30.592255819704175,30.674775186435603,31.92392050422033,33.17470733948159,2023-04-27,37.46666666666666,35.76666666666667,33.95833333333333,30.033333333333335,test
2023-05-01,33.03956965825246,31.520276630085775,31.056463193694558,30.048954396428226,24.44027186784172,26.054221384460767,27.44306455082263,29.61898494836367,28.302901378624572,29.14100339642557,29.395316451365446,27.971181268309298,28.438335223120195,29.372769625547402,27.448452005244324,26.748288688963452,29.26535050302215,28.721504697349992,29.649971776647533,30.98690302520804,31.520276630085775,31.474628397231307,31.056463193694558,30.048954396428226,30.24945717583438,30.75522001552553,30.60825934548113,30.45671760185726,30.53942329066538,31.788695534603765,33.03956965825246,30.806238902158896,31.39707782170773,31.482620235108804,2023-04-30,37.46666666666666,35.76666666666667,33.95833333333333,30.525000000000002,test
2023-05-07,33.058790420600026,32.67883655445428,31.502496169754114,30.82576365636611,27.568508159559666,26.725340948876696,27.590707665600682,28.798049636339872,27.060617695157614,26.488446659708853,29.09411398780429,28.610478033556422,29.580214266024207,30.945436490850877,31.49820937476663,31.465882493662736,31.056863100132112,30.05550930224185,30.26029996354707,30.769002308559294,30.624056231611565,30.473894517350768,30.557543039908367,31.807459660303724,33.058790420600026,30.82576365636611,31.416810908872566,31.502496169754114,30.83926774208523,31.027755075120535,31.904389658758266,32.55984499421768,32.766309279575616,32.67883655445428,2023-05-06,41.050000000000004,37.449999999999996,34.13333333333333,30.933333333333334,test
2023-05-14,33.290451345509396,33.022278390201876,32.660717798341985,31.17222611517683,26.341431877350917,28.019344080285784,29.869977423900828,30.755265241508525,30.950772504593786,30.69840018377828,29.80458102465642,30.082749157906893,30.641772864952266,30.53132245335068,30.404834555663424,30.50472270440682,31.765708760723882,33.02460640258476,30.79681012105628,31.391439553873234,31.47957997208188,30.81803075520742,31.007667539690612,31.885098176276024,32.54110190031292,32.747936368384124,32.660717798341985,33.290451345509396,32.025448603076235,33.022278390201876,32.66986752086732,32.70157525692691,31.4627306270046,31.17222611517683,2023-05-13,41.050000000000004,37.449999999999996,34.800000000000004,31.53333333333333,test
2023-05-21,33.894050429887855,33.06454616788405,32.668642212941485,31.98869494724816,26.602292448116604,28.246197673116257,28.879135918263884,29.262542650428735,29.71240894131475,31.212991505727445,32.63601191505757,30.520681715619453,31.19238076512399,31.33338321621684,30.708025830101686,30.922409970262677,31.816843339161906,32.48451643047585,32.699354262427455,32.61762454099398,33.25111607994681,31.98869494724816,32.98730229177562,32.63610472099912,32.668642212941485,31.430365767549386,31.140250353151476,31.496083629270885,32.291467477613715,32.14437950920471,32.88602430140211,32.33274576003272,33.06454616788405,33.894050429887855,2023-05-20,41.050000000000004,37.449999999999996,34.13333333333333,31.40833333333333,test
2023-05-28,34.22237227018841,34.00924101275453,33.66487792256237,32.79409853668279,32.07410176068368,32.2931811612066,32.124173803027716,31.285993660993963,31.354862119741792,32.14939607077413,32.74847853587748,32.91645081400193,32.80257356774192,33.41399721421104,32.136491596429366,33.124711116583725,32.76641322023341,32.79409853668279,31.552476365988564,31.26007058392365,31.614338082850068,32.40864311964008,32.26082194686792,33.001961517704274,32.44833472379606,33.17989900196582,34.00924101275453,34.22237227018841,33.7459385341559,34.012011259354104,33.77549795817075,33.51892283356774,33.66487792256237,33.824984097518126,2023-05-27,41.050000000000004,37.449999999999996,34.05833333333333,31.90833333333333,test
2023-06-01,34.53618169857176,34.01648749186149,33.79596729688326,33.12738022395804,31.7723144917389,32.4264058255343,32.929220104647534,33.03138505895506,32.87234123387318,33.452610166552184,32.15371624360613,33.12738022395804,32.7591050469186,32.779951308870466,31.53361753158735,31.23798972657543,31.590074141096817,32.382887063455016,32.234029308891444,32.974458341497645,32.4203445000832,33.15157802691332,33.98069232387448,34.193664154290445,33.71712057284783,33.98311980898224,33.74655613378136,33.48994647966456,33.635877493877324,33.79596729688326,34.53618169857176,34.01648749186149,33.9493882543614,33.18916811132259,2023-05-31,41.050000000000004,37.449999999999996,34.05833333333333,32.3,test
2023-06-07,34.53608509066759,34.15057401693183,33.961733867330956,33.364953623699385,30.312874711076123,31.86547727305076,31.894100813711106,32.187649088913176,31.128024299530907,30.96035391107094,31.400065668165837,32.25291606137959,32.14525723690195,32.913919025396254,32.379073537479634,33.12354335750353,33.961733867330956,34.1809379319476,33.70866995621497,33.97759400645579,33.74303617448838,33.4878124687845,33.634689760503,33.79542777905849,34.53608509066759,34.01669400548947,33.94980332611893,33.18972601202796,33.364953623699385,33.53781453057834,34.03440476853546,34.15057401693183,33.08363527292831,32.930285416773174,2023-06-06,38.300000000000004,35.708333333333336,34.266666666666666,32.875,test
2023-06-14,35.18108234336591,34.61611855250638,34.145078862124016,33.68187923373289,30.429114497723557,30.893595735442794,32.05441226627525,31.78874112136341,32.71740903796677,33.68187923373289,33.987860319554756,33.574911609801646,33.88448966163956,33.677802034810554,33.44163428427171,33.60161442876396,33.7713315105293,34.51811522468411,34.00294492151005,33.93894836682365,33.180854422255095,33.35744784875933,33.5312396414538,34.028468288359925,34.145078862124016,33.078439833462916,32.92529529850278,33.230741960456385,33.771670461011816,34.25469525014464,34.61611855250638,34.994977639669166,35.18108234336591,34.61065463174914,2023-06-13,38.300000000000004,36.791666666666664,34.266666666666666,33.00833333333333,test
2023-06-21,35.107222785496035,34.540906953750785,34.27775535276253,33.91925816428906,30.16733125724831,31.525949279721562,32.03807452496083,32.29449121511752,32.7928727714283,33.19429768880801,34.099820804522786,33.693365050223505,33.703876485697705,32.99688968753966,33.20853283887955,33.406251309400595,33.919914024249636,34.047801021435,32.98890405199764,32.841067953556404,33.150148808874064,33.69356609908502,34.178309770873035,34.540906953750785,34.92056918904279,35.107222785496035,34.53717111739219,33.950245510796506,33.91925816428906,34.51542708770326,34.31814397826899,34.20322865114477,34.20459729405638,34.27775535276253,2023-06-20,39.075,37.86666666666666,37.0,33.641666666666666,test
2023-06-28,35.62983444213391,35.17185726103495,34.73128895078588,34.219474773105446,33.11548051846259,33.312533188603446,32.73335811274095,33.03259661048402,33.29035629358093,33.84530722056902,34.00144602247811,32.961890201300854,32.82729353540374,33.14545677572534,33.695101644587574,34.18411436944745,34.54962052112881,34.93128325699343,35.1193113183551,34.55020417827066,33.963925061656205,33.93338060572441,34.52985307751605,34.332780305316625,34.218008304097886,34.219474773105446,34.29269957589309,34.24149391236016,34.73128895078588,34.63473931490656,34.94029778702113,35.62983444213391,35.547929736895355,35.17185726103495,2023-06-27,39.53333333333334,38.86666666666667,38.325,36.791666666666664,test
2023-07-01,35.61367850036076,35.15572701524833,34.78083894740126,34.31566744737577,32.59338665545237,32.98422767328733,33.63040090114412,33.84906919445153,32.85237544916122,32.7472545083248,33.08549932833488,33.648936810172096,34.14740385778163,34.51939059576067,34.90549553228563,35.09656849958472,34.52953604288001,33.944695139803585,33.91513293335617,34.51227870060408,34.31566744737577,34.20121180023121,34.202895125675575,34.2762702102827,34.22516545201578,34.71503012758507,34.61852822537534,34.92411941714348,35.61367850036076,35.53178916777155,35.15572701524833,34.324526035045714,34.44400422830856,34.78083894740126,2023-06-30,39.53333333333334,38.86666666666667,38.44166666666667,36.87500000000001,test
2023-07-07,35.6373414097706,35.55541046141481,35.138593393326815,34.64235013565228,33.23187491562767,33.75664855992319,34.228713249823585,34.5824467552007,34.95596084045034,35.138593393326815,34.565796490367866,33.976950974094194,33.944646944634876,34.53990016696196,34.34201199075176,34.22669139586928,34.22775693648271,34.30070578429334,34.24931583501473,34.738984605067905,34.64235013565228,34.947847793660785,35.6373414097706,35.55541046141481,35.179320145279746,34.34809894629591,34.46756333502475,34.804388366593095,34.90363728122995,35.31473951122659,35.61335642072832,35.20030895524299,34.65475096980608,34.769859418740545,2023-07-06,39.53333333333334,38.86666666666667,38.44166666666667,37.0,test
2023-07-14,35.67132384699543,35.58190980807934,35.2112735497527,34.81816930260918,35.50599379403975,34.995896443225114,35.26372372637341,34.84145196399193,34.57221624278533,34.467747847029884,34.468282632293636,34.36737016842932,34.82311196612488,34.70321087503833,34.992752967423456,35.67132384699543,35.58190980807934,35.200699863156196,34.36595434100008,34.48300046705989,34.81816930260918,34.91628389431241,35.32660672771267,35.62468886107924,35.2112735497527,34.66546538468121,34.78040266822482,34.9502357234678,34.76875772601844,34.05161285251596,33.80323450129119,33.81142271760908,34.58429233183697,34.36251721658994,2023-07-13,39.53333333333334,38.86666666666667,38.44166666666667,37.06666666666667,test
2023-07-21,36.72558463668924,36.29165022507322,35.77681246470536,34.94767347767869,36.72558463668924,36.479797027667345,35.8789972805334,35.8389275987721,36.29165022507322,36.04738316918844,35.55996707611355,34.652536465832675,34.71975394429936,35.020770548491896,35.09547160665925,35.48973376722111,35.77681246470536,35.35586258557856,34.80487466232816,34.916262164085474,35.083661524141576,34.90051577097852,34.182229227487504,33.933067576356805,33.94071783831312,34.71322068087397,34.49119405915598,34.15336254361016,34.37978281795489,34.79362150143645,35.02460461787454,34.94767347767869,34.68950962512996,34.91273572804509,2023-07-20,39.53333333333334,38.62499999999999,37.78333333333333,36.10833333333333,test
2023-07-28,37.40889735173472,36.37093601513517,35.73489543271733,35.01754683640275,37.40889735173472,36.641862181578205,36.37093601513517,36.05364768987213,36.1792926224764,36.282173157974924,35.73489543271733,35.09744887070046,35.149577532150204,35.27636942271396,35.06538141650945,34.327999976371395,34.06575878708324,34.064452266777856,34.83079797218773,34.60455016325838,34.26382357589727,34.488260347867055,34.90074073257584,35.130791567790034,35.0532202373447,34.794619862064444,35.01754683640275,35.082698604193155,34.7599112155852,34.85179506090645,34.962469109489156,34.8735805050441,34.251828445882964,34.234799011138385,2023-07-27,38.62499999999999,37.56666666666667,36.225,34.90833333333334,test
2023-08-01,36.304948731013035,35.74877538322734,35.105156802731706,34.8463041106114,36.215045738375125,36.304948731013035,35.74877538322734,35.105156802731706,35.153205677715604,35.27724189866268,35.064151825071654,34.32542538620485,34.06226225035715,34.06032377000563,34.826246031421206,34.59968821004539,34.25874376938729,34.48305911943624,34.89544371922666,35.12542889744501,35.04781256157319,34.78918006136697,35.01208760205449,35.077226749436335,34.75442705601716,34.8463041106114,34.95697350440352,34.86808170927281,34.24632762999854,34.22929647185842,34.08536106738183,34.03321466679072,34.14495014532009,33.50372338535408,2023-07-31,37.78333333333333,37.06666666666667,35.73333333333333,34.833333333333336,test
2023-08-07,35.93579779217562,35.09921706604277,34.97468018169661,34.55954126891892,35.93579779217562,34.92778400527501,34.480085317522985,34.35173301801328,35.03094892259617,34.74490614639955,34.36312958815795,34.55954126891892,34.952805763716675,35.16967815740766,35.083063226918185,34.81826964621577,35.03696066962284,35.09921706604277,34.77443019551507,34.86494422104309,34.97468018169661,34.88514989739179,34.26295722520171,34.24562455412542,34.10148148987474,34.04919420721671,34.16083323326979,33.51954024448115,33.11086005492621,32.84469068576954,33.04291992815881,33.5619784949337,33.18936494559668,33.11576060634109,2023-08-06,37.78333333333333,36.891666666666666,35.391666666666666,34.766666666666666,test
2023-08-14,36.77060331259317,36.23436762587168,35.34432429597297,34.165987322821024,36.77060331259317,36.48375481655175,36.23436762587168,35.828134329282,35.34432429597297,35.412761396741935,35.37189639840688,34.976625254288905,35.0187998352817,35.095409736903406,34.9831747071417,34.345409607055586,34.31741915223261,34.165987322821024,34.10867746741104,34.2168769929538,33.57322519841741,33.16292788200458,32.89565123320791,33.09311931161483,33.61165393592188,33.23868469944558,33.16483611964911,32.83022254715408,32.8607388740553,32.920271345216456,32.712367646124974,33.09865768984669,33.4514697620789,33.877631274430435,2023-08-13,41.36666666666667,37.525,35.73333333333333,34.775,test
2023-08-21,34.63308866438203,34.34217188102174,34.0174739480451,33.101108361428366,34.0174739480451,34.34217188102174,34.61256447961653,34.63308866438203,34.08637688565938,34.12082370221662,34.012219761110806,33.98417172806356,34.112481258605825,33.48259795998079,33.08174781078374,32.820940058495005,33.022839233549306,33.54440735211587,33.17352991437925,33.101108361428366,32.767475079020066,32.79866213072684,32.85865524711192,32.65106770788455,33.037574972483625,33.39053431131094,33.81679766279488,32.91916451304749,32.01079574195602,31.948841095515114,32.55757648043299,32.575305108704605,32.649567267696376,32.6797546173131,2023-08-20,41.36666666666667,37.525,35.73333333333333,34.03333333333333,test
2023-08-28,33.98006334000581,33.78883962137545,33.16414252478819,32.78156770169178,33.78883962137545,33.98006334000581,33.3932864180648,33.02208515513399,32.78156770169178,32.997387785074515,33.52849706091234,33.16414252478819,33.09620152350066,32.76564197449252,32.79892272316672,32.86035529958878,32.65375279858598,33.040935415178076,33.39435993547042,33.820940927953515,32.92352518431958,32.01530716957671,31.953455296870555,32.56226134644226,32.5800383937243,32.654333447188826,32.68454350494271,32.12639892045676,31.908011676205355,32.47793801994535,31.440294495156017,31.14623327987886,30.93324049213551,31.75317991216395,2023-08-27,41.36666666666667,37.525,35.475,33.283333333333324,test
2023-09-01,35.45205629253009,34.813647234350974,33.51147917691138,32.715925580511254,35.45205629253009,34.845942816286204,34.813647234350974,34.06313056812091,33.73052567658044,33.21827859857379,33.12708418715305,33.10333117762204,32.83833712857244,33.18549451266595,33.51147917691138,33.91924647255826,33.008970027922366,32.09192798711316,32.02400957008861,32.628657229363625,32.64358385489778,32.715925580511254,32.744797319705874,32.18573073441223,31.966712605068892,32.53620885765143,31.498270521384267,31.204007223813726,30.990875846769896,31.810720188475482,31.80855557975698,31.186011986852595,31.08097990507358,31.507951133128966,2023-08-31,41.36666666666667,37.525,35.291666666666664,33.291666666666664,test
2023-09-07,36.09374877680331,34.407395625096406,33.357947477186144,32.21253065008851,36.09374877680331,35.15144040243884,34.2568976681995,34.17253458309584,34.20256071999913,34.407395625096406,33.357947477186144,32.345705537560555,32.21253065008851,32.77243606052687,32.75669200573191,32.80803202722508,32.8225162381613,32.25359658547496,32.02779873631383,32.59264780667686,31.55152548832963,31.255079890456972,31.040449759752114,31.859265667305937,31.85639492067209,31.233370675621998,31.128009116397788,31.55475430506494,31.14027787796458,31.74810473157192,31.731259794681623,30.548626804680538,29.77952962672931,29.45246950984995,2023-09-06,41.36666666666667,36.81666666666666,34.50833333333333,32.74166666666667,test
2023-09-14,32.40067379707442,32.023116723809856,31.75881872845824,31.129625106767698,28.87662327860391,29.82666993404517,31.129625106767698,31.6230500025674,32.023116723809856,32.27689281796781,31.872308236502995,31.75881872845824,32.40067379707442,31.412265297766705,31.151974532788955,30.962165118929533,31.797961616797352,31.806689924481365,31.191660552569047,31.09177619463683,31.522285087110145,31.110385727539974,31.719974099588054,31.704340950042365,30.52254389881551,29.754013944887422,29.42734302999335,29.2343766709521,29.517752379841628,29.37378393943826,30.47720918425259,29.80759217509141,29.50595098283575,29.842273910750034,2023-09-13,35.225,33.875,33.225,31.63333333333333,test
2023-09-21,31.916844666424257,31.72434234055948,31.155699706891824,30.532952526472315,31.045732306426945,31.916844666424257,31.085629989801433,30.933036035725248,30.8169992248927,31.703455134131474,31.746952775347903,31.155699706891824,31.072092082461783,31.51375198380354,31.10950325690899,31.72434234055948,31.712296438898676,30.532952526472315,29.766111542008304,29.440601107194883,29.248431010880232,29.53235160764574,29.38875581817506,30.4924380619216,29.82299797352186,29.52147708052557,29.857882108477607,29.831792182039532,30.093438217054988,29.246240359198442,29.66879784185225,30.67985501716293,29.719090911751568,28.524860860856197,2023-09-20,35.225,33.875,32.975,29.09166666666667,test
2023-09-28,32.36787441180479,32.046221808314385,30.750280143723895,29.789328052446553,32.36787441180479,31.924902093006864,32.12017705401242,31.547144007922316,32.046221808314385,31.954865457830184,30.721173892169624,29.917095271612663,29.56606520411144,29.35640939613901,29.62833065243765,29.47651839196473,30.574563365760042,29.901256951245966,29.597083785680518,29.931670075043314,29.904332548415695,30.165125172192077,29.317341202765707,29.73949760661153,30.750280143723895,29.789328052446553,28.594969236473744,28.472930734075454,28.875213717658614,28.839851235098344,28.366928629375895,27.607796896456605,27.124532836750394,27.323055949196245,2023-09-27,35.225,35.04166666666667,31.683333333333326,29.09166666666667,test
2023-10-01,32.241632722856295,31.81755366143178,30.198297933063266,29.633925528147376,31.81755366143178,32.241632722856295,32.098867528717655,30.82993711448087,30.00152877790645,29.633925528147376,29.41308775330158,29.677236104540114,29.520095807003152,30.614488609732906,29.93867876790934,29.63281248194972,29.96622459265514,29.938058861539915,30.198297933063266,29.350134524174017,29.772030836393075,30.78263509037748,29.821557796256766,28.627114940018437,28.505021888148367,28.90726562732537,28.871876244185593,28.398935199117293,27.63979082671285,27.15651849542214,27.35503570474047,27.01394474132007,25.651716091178297,25.50797021402756,2023-09-30,35.21818181818182,32.75454545454546,30.8,28.775000000000002,test
2023-10-07,30.718347950623237,30.138701455965062,29.75660334964503,28.805722812262296,29.488871809795192,29.708477644704708,29.520824152176157,30.594121950830353,29.903750616597296,29.587739761445665,29.91447357592027,29.881669503444257,30.138701455965062,29.28833719328238,29.708748383406515,30.718347950623237,29.75660334964503,28.561667018125682,28.43924364389985,28.841264587238307,28.805722812262296,28.332674233910446,27.573454408903974,27.090127559926103,27.28861212082871,26.947497739014434,25.58525256144971,25.441495312628636,25.371964829665057,25.757820805812578,25.542967355549617,25.191973340927582,25.423383898699317,24.713745126196038,2023-10-06,35.21818181818182,32.75454545454546,30.8,29.266666666666666,test
2023-10-14,30.51371893377103,29.583057374748797,28.76643636473707,26.90560534312355,29.08864035523746,29.583057374748797,28.89559300432807,29.42766557634681,30.51371893377103,29.604310867270502,28.44534907516787,28.34753495246541,28.76643636473707,28.742441790063047,28.277308443977347,27.52352546672564,27.043934499207115,27.244966802040942,26.90560534312355,25.54456019144733,25.401628622982646,25.332664105793206,25.718906557380226,25.504316826963482,25.153505293149305,25.385040078368302,24.675486660457764,24.672217530685813,24.456108993042868,24.701219146482178,24.679193157080007,24.597288886151407,24.72363127938686,24.3601025898832,2023-10-13,35.21818181818182,32.75454545454546,30.036363636363635,29.318181818181817,test
2023-10-21,28.710676377235185,28.292563540458982,26.986590992016247,25.09561210991462,28.292563540458982,28.710676377235185,28.686025035436266,28.220422287716747,27.466463150654914,26.986590992016247,27.187353536825157,26.847891789883693,25.486765457858173,25.34379346078024,25.27480374669835,25.66100986396261,25.44641623382174,25.09561210991462,25.327140895084792,24.61758499266855,24.614312167464682,24.39820076740228,24.643311454612277,24.621283080803643,24.539375855303394,24.665717673875637,24.302188377271133,24.114924433669536,24.072244744353437,23.686648219230584,22.867869363965784,22.827102353645625,23.035803291921123,23.20546187744986,2023-10-20,35.21818181818182,32.75454545454546,30.363636363636363,29.527272727272724,test
2023-10-28,31.950975363451626,27.841606610071416,25.865223701584966,24.699611125073996,31.950975363451626,29.04414486784508,27.841606610071416,27.046430608292702,26.934551545083085,26.378539665707894,25.79388292064836,25.865223701584966,25.04586143643494,24.967326145308327,24.699611125073996,24.909390237464166,24.863143305785105,24.764612002011184,24.879544328302956,24.508194701041333,24.315569464548005,24.26921664172348,23.88109698031349,23.06058861933951,23.018639129322853,23.226531394772103,23.395635606058917,23.11324515385208,21.930825954831175,21.4790920911065,21.36949531948113,20.839754743323663,21.697840537100692,22.250404351032582,2023-10-27,31.818181818181817,30.363636363636363,29.63636363636363,28.563636363636363,test
2023-11-01,28.998705988547407,26.788465008937095,25.09934509402445,23.937931038791046,28.998705988547407,27.80810735251688,26.788465008937095,26.561668613802947,25.537858866554,25.319219386756348,24.95533485561517,25.09934509402445,25.008016047547777,24.878582632309765,24.972328880746517,24.586468186203575,24.383891315551203,24.330734471338044,23.937931038791046,23.11421212706101,23.070061924017246,23.276446184170545,23.44451524751653,23.161415873324636,21.978508449539266,21.526442527159144,21.416618141686705,20.886721544710237,21.744700326355613,22.297190979453912,22.996789156203814,23.118347561492886,22.32565263395013,22.078705884908885,2023-10-31,31.818181818181817,29.845454545454547,29.527272727272724,25.027272727272727,test
2023-11-07,27.990811537459948,26.499674647836663,24.809184642708328,23.242887823032856,27.990811537459948,27.21885903571574,26.499674647836663,25.939792796875384,25.738379570847627,25.150370449766175,24.809184642708328,24.661100968973464,24.203233763417817,23.334915662049557,23.26020445251989,23.445653778501605,23.599350151083993,23.30640455595555,22.116736859151512,21.660036362069274,21.547035199922508,21.014959721334098,21.871443193465613,22.422911822956472,23.12180869119745,23.242887823032856,22.449864457687607,22.20269256998276,22.647220727889948,22.70368787500135,23.126068484458816,22.627737730463018,21.097050735064492,19.578249422672023,2023-11-06,30.363636363636363,29.527272727272724,27.599999999999998,24.245454545454546,test
2023-11-14,28.511586836889517,25.216848391821618,23.828627129851267,22.600125936674473,28.511586836889517,26.885741050919453,25.216848391821618,24.593420990426612,24.402686591418938,24.298434743307833,23.828627129851267,22.517926929818938,21.978259677286903,21.80838379739102,21.237316550111135,22.067080367514112,22.60024522681582,23.286601841626663,23.39905893368579,22.600125936674473,22.348903752659133,22.790656403734133,22.845220029384397,23.26629433241511,22.767067329191036,21.235769413762572,19.716549278776235,19.684072086264877,20.562332993369353,19.943016551998817,19.65756288558094,19.71098540447648,19.384895637462314,18.576477208124714,2023-11-13,28.336363636363636,25.689999999999998,24.37272727272727,22.672727272727272,test
2023-11-21,23.103050218770058,22.75996278424876,22.288408294768477,19.849017347670273,18.484765458790932,19.175635360473787,19.849017347670273,19.856043595935827,21.08217564462648,21.88713127547808,22.75996278424876,22.99992007471947,22.288408294768477,22.097140154440797,22.579979693702757,22.662692886892977,23.103050218770058,22.617018437061297,21.094807434984524,19.58181282296413,19.55359905981873,20.434783616742468,19.817473056871275,19.533395977839735,19.587765052095158,19.262318604066973,18.454341567254804,18.296384741162594,18.730979100679022,18.72011068240786,18.653405538406634,19.265971864727423,19.798741796772045,19.965091415041762,2023-11-20,28.336363636363636,25.027272727272727,22.972727272727273,21.57272727272727,test
2023-11-28,22.751909968362746,22.1351689420075,20.581727357028974,19.501859841680762,20.495134676867053,20.581727357028974,20.937506750077052,21.795356205697853,22.1351689420075,22.751909968362746,22.3869526756317,20.947482316556126,19.491197851327886,19.501859841680762,20.409688457777158,19.810635620865764,19.539053691943344,19.601965464444067,19.28240763492548,18.478467744884444,18.323277832112296,18.759769308201363,18.75020205049692,18.68439140114871,19.297573784975476,19.83076169176737,19.99739772216143,19.114138493696036,18.855196356917297,18.107075710700098,17.34378198683961,17.491016361917822,17.644549474461723,18.08262922268548,2023-11-27,28.336363636363636,23.7,22.40909090909091,20.600000000000005,test
2023-12-01,23.11977331940751,22.64150786431013,20.005608930910842,19.3020340120256,22.56967469006187,22.668333993851622,23.11977331940751,22.64150786431013,21.12454776897125,19.614784999817473,19.588945449803642,20.471780809190655,19.855596025205546,19.572270784319045,19.627132953625672,19.3020340120256,18.494343288496832,18.33656191437142,18.771273480188206,18.760486160251162,18.69383920366062,19.306448330005193,19.839246354993072,20.005608930910842,19.12216493111803,18.863096606574235,18.11488946334156,17.351536448996903,17.498730182655375,17.65223503574305,18.09029622557141,18.136834160734708,18.00914225892772,17.10895863336375,2023-11-30,28.336363636363636,23.7,22.40909090909091,20.572727272727274,test
2023-12-07,20.475807250081296,19.8754205116184,19.57788427299262,18.526070630597747,19.57788427299262,20.475807250081296,19.869858777655754,19.59341560338686,19.652922667492465,19.33139235437057,18.526070630597747,18.36984547021365,18.8056143205996,18.79556556748687,18.729442486521084,19.342420203126032,19.8754205116184,20.041931848041695,19.158598674975316,18.89960755425128,18.151451519632666,17.388131231970647,17.535346155649677,17.68887212873289,18.126946472806754,18.173492265094723,18.045805587197847,17.145625779635985,17.162989640485463,16.940708401982832,17.10725715705609,17.362194971320918,16.984748326847352,17.02591441424891,2023-12-06,23.7,22.754545454545454,21.154545454545453,19.81666666666667,test
2023-12-14,19.927692114989153,19.086316486634914,18.238443914249032,17.3726722395649,17.171427191589537,17.987540635557046,18.238443914249032,18.350923281971973,19.086316486634914,19.70345343843289,19.927692114989153,19.08379416161962,18.851839115058937,18.122183883831557,17.371580618294846,17.527513875809888,17.6869864332102,18.129129764190345,18.17848233454052,18.05271898327905,17.15386165815417,17.172127395308927,16.9504641907299,17.117440448601666,17.3726722395649,16.99542479573454,17.036727508313806,16.893660456632286,17.082931539688264,16.21261574225252,15.559246987261679,15.857273388472874,16.838885911609587,16.324271750201767,2023-12-13,24.408333333333335,23.375,21.191666666666666,19.78333333333333,test
2023-12-21,19.308874370594864,18.263758418519515,17.91914670560078,17.18720593363888,19.308874370594864,19.027466582653897,18.263758418519515,17.490059430410646,17.63021394703593,17.77885351925082,18.213491725808794,18.257738859876362,18.128468506103424,17.22722754462164,17.2438271408443,17.021014982713233,17.18720593363888,17.44190983683895,17.064295433237326,17.105347579515097,16.962106118308363,17.151261872154407,16.280867921094956,15.627445299076532,15.925433413365592,16.907020361593514,16.39238854241178,16.860344032197933,16.74143834273384,16.86999257460546,17.88860213208047,17.91914670560078,17.144045243587573,16.706344310387,2023-12-20,24.408333333333335,21.46666666666667,20.889999999999997,19.341666666666665,test
2023-12-28,20.48155859465376,18.790200825273292,18.182428333419832,17.58178660528822,20.48155859465376,19.681164032439973,18.319692195255534,18.02080771005479,17.58178660528822,17.599718747596327,17.752872243813528,17.305698746201536,17.299046196497958,17.12313115568511,17.289892082368738,16.40414159635384,15.740199924064827,16.030967737585513,17.00759890123139,16.48957328740132,16.955199025195952,16.834696155500577,16.962156327982306,17.980014994953667,18.01004615499879,17.2345936230616,16.796651624061383,17.292176983667513,18.670044239391796,18.790200825273292,17.969263809942877,18.182428333419832,18.525829459041496,17.86928257397955,2023-12-27,24.408333333333335,23.639999999999997,21.05,19.083333333333332,test
2024-01-01,18.811656023717397,18.69169591069753,18.203656542446772,17.573390694999926,18.79654645053086,18.439005543159066,18.33478624120433,17.711286971200096,17.583640158600268,17.324741861779785,17.434637886106664,16.509973194226873,15.819357282440183,16.091840897762147,17.055926656269,16.529318590693105,16.989067425254095,16.86453392739756,16.98922280058196,18.005181845049563,18.03391088458383,17.257567403723556,16.819012472327948,17.314116897748594,18.69169591069753,18.811656023717397,17.990584333554246,18.203656542446772,18.54699417955893,17.890404066157096,17.129897061601635,17.573390694999926,17.683527314288956,17.197339473605258,2023-12-31,24.408333333333335,23.639999999999997,21.05,18.208333333333332,test
2024-01-07,20.01120574673983,18.89358985205909,18.29911461360782,17.681712196960504,20.01120574673983,18.29911461360782,17.068832119907213,16.971296000251513,17.681712196960504,16.98131827115929,17.321764359931297,17.115625965001236,17.184383220295718,18.16199210299877,18.16444641532197,17.37009714438444,16.91918745228463,17.405846586312933,18.777614055922044,18.89358985205909,18.069788516888092,18.28098796925146,18.623041304797372,17.965572482091552,17.204460086440275,17.64754170712252,17.757396001335056,17.271014446703898,16.847842927093314,16.89675916512462,17.557125134945352,18.155327681692146,18.64812597254378,19.382811990004072,2024-01-06,24.408333333333335,23.639999999999997,20.889999999999997,16.95,test
2024-01-14,19.53321804594438,19.203836856462292,18.802869139451232,18.364324950274312,17.834847982026517,17.698785402569694,18.536084684735957,18.44257249805487,17.58233984226355,17.08616418503086,17.541761845409063,18.892341214862494,18.993774651052814,18.159993708669695,18.364324950274312,18.70168372749452,18.041010754046994,17.27770639742991,17.719271974644794,17.82808952664072,17.340998811263553,16.91734479693444,16.965928555632715,17.626064817196823,18.224109335972468,18.716801076750624,19.451413737440525,18.544619908054564,19.203836856462292,18.38723082564493,19.53321804594438,18.802869139451232,18.886553696906965,18.614116229877627,2024-01-13,23.82,22.8,20.37272727272727,17.1,test
2024-01-21,22.525116502642508,20.874348579698392,19.626003286328764,18.9779009926176,22.525116502642508,21.512198960568863,19.914611793982587,19.595398156467976,19.573683095713438,18.666951283000778,17.734937225705732,18.061004009673596,18.090671953915823,17.54932190633166,17.088473063894295,17.11158777188219,17.754256401369254,18.340333469255828,18.824802927596284,19.553776833711744,18.643118531747646,19.299686799834827,18.48126171204121,19.626003286328764,18.894799755449295,18.9779009926176,18.705064032924597,19.622620139364994,19.86138119116496,19.49488988644806,18.16022075799693,19.153362483239682,19.808429920741048,20.874348579698392,2024-01-20,23.82,23.518181818181823,19.418181818181818,16.44545454545454,test
2024-01-28,21.450634631381043,20.89056077440703,20.011506188131097,19.12622391659397,14.824436023992078,15.840055882543448,15.974866683454108,15.977355485284557,16.31797612291295,17.178307837137584,17.913734752020154,18.50040439016322,19.299432277056127,18.43675049029016,19.12622391659397,18.33036649882445,19.490574151359077,18.76995241459883,18.860329804275096,18.5924804336059,19.513460960949047,19.754566832535367,19.389681189808833,18.056113104395564,19.050012123347614,19.705595681953387,20.77186811520696,19.658430705362818,20.454397584098597,20.011506188131097,20.503161188126967,21.450634631381043,21.146871358262274,20.89056077440703,2024-01-27,23.518181818181823,21.963636363636365,19.418181818181818,17.563636363636366,test
2024-02-01,21.548674276429313,21.281089190615987,20.843473631443164,19.45037301490946,14.773316994607647,16.104727387325063,17.163061199909578,17.97107842902053,18.921875451378575,18.163280949209373,18.924034704603848,18.177000105646638,19.370673982995747,18.67299209753001,18.779092993565527,18.522015792491576,19.45037301490946,19.696544190989368,19.33513549557452,18.003950728110347,18.99948342279496,19.65618692414901,20.72322778389268,19.61031804791079,20.406645468117752,19.96400057233474,20.455824539030843,21.403413802667966,21.09972990454959,20.843473631443164,20.907515341492932,21.281089190615987,21.116340935763226,21.548674276429313,2024-01-31,23.708333333333332,22.40909090909091,20.400000000000002,18.563636363636363,test
2024-02-07,26.690376848089667,24.364674417452353,21.41686824528699,20.37730162395872,17.554545738559273,17.2146241322939,18.687367531895656,18.180857309598018,18.418118853662104,18.2508910062313,19.24080960443267,19.52916476571269,19.196659747587752,17.885286233115853,18.894414529425035,19.5604216519712,20.633847180469825,19.525317433791503,20.32464901265841,19.884064910471537,20.37730162395872,21.32585721406236,21.022837746783573,20.767035949673055,20.831388723066567,21.20517555375003,21.040573086278965,21.473006339194878,22.516417686599837,21.41686824528699,22.593302795959797,24.364674417452353,25.09612013973807,26.690376848089667,2024-02-06,24.433333333333334,23.518181818181823,21.963636363636365,19.31666666666667,test
2024-02-14,26.806919918055172,24.482008092796523,23.094005169433338,21.535893442074947,22.497468460462215,21.267520079702116,19.341447594688233,19.929005324276368,20.305904725008254,21.18114118906603,19.936799402540355,20.64315557102566,20.1388567338701,20.588358480818485,21.50696383077576,21.18343249867206,20.913572739948705,20.96828417343177,21.33544668504247,21.16630133997509,21.59562859129815,22.63690716515962,21.535893442074947,22.711323999540575,24.482008092796523,25.212984574621835,26.806919918055172,23.581568795970018,22.839227609995927,23.67864931278002,23.41562381708446,23.094005169433338,22.79662054316822,22.096719766932733,2024-02-13,27.28333333333333,24.433333333333334,21.963636363636365,19.658333333333335,test
2024-02-21,26.671732938762098,24.651187538262686,23.448120600596724,22.47075011489708,18.919799987688542,18.916787588426526,19.70995146713086,20.864141800674304,20.70212463897229,20.542989311525204,20.673428846922885,21.092521142653222,20.958999972753038,21.412739862455524,22.47075011489708,21.38120148088323,22.564489296125256,24.340581422873143,25.075262162248634,26.671732938762098,23.448120600596724,22.7069715842954,23.547210979572945,23.28474619557607,22.963508991491143,22.66638619039271,21.96666536967836,20.289168980759168,20.5232977869889,21.283596090411503,22.531044814657072,23.188874463557845,24.29866477405006,24.651187538262686,2024-02-20,27.28333333333333,26.275000000000002,23.016666666666666,20.73333333333333,test
2024-02-28,26.56508097517959,24.94062155955899,24.252579119785036,23.208052828848654,19.79398316983054,20.054596033200315,20.778554215111626,22.021719527978235,21.059037041437158,22.329167430255424,24.165096139432432,24.94062155955899,26.56508097517959,23.360646726046205,22.632652677928007,23.48191595928695,23.225652352332602,22.908625337268866,22.61441086173705,21.916684751141325,20.240556588876395,20.475622071827463,21.236561562244315,22.484447748715397,23.142582562567288,24.252579119785036,24.60524310641562,25.384634097441005,24.87807523816712,23.67143444202157,24.75723791216044,23.208052828848654,23.497784330152086,24.22550937721255,2024-02-27,32.34166666666667,27.28333333333333,24.433333333333334,21.03333333333333,test
2024-03-01,26.719064483128573,25.369729712074687,24.63433378838337,23.4751473847737,22.018188042390225,22.88039361374971,21.656577406037076,22.74771034997276,24.46094297405303,25.15232771961471,26.719064483128573,23.4751473847737,22.72008931330523,23.55080121414462,23.281821326438987,22.95607777429732,22.655893291330433,21.954081162568798,20.27514120471734,20.508279306465926,21.26789764881729,22.514878237470622,23.172392297730287,24.28196271591171,24.63433378838337,25.413525435539352,24.90682993346378,23.700095473764346,24.785834741023756,23.236605649028114,23.52630706722924,24.254011599718893,23.61514482524732,25.369729712074687,2024-02-29,32.34166666666667,28.483333333333334,26.275000000000002,21.03333333333334,test
2024-03-07,27.704970578343676,25.329030282853605,24.72951414814785,23.620701029784172,23.872093387584137,21.49999750059805,21.34261968742997,22.58325156428341,22.59513304310096,22.46178773793965,22.29371352420989,21.682268078044167,20.065284655332594,20.340881276549368,21.129572924692706,22.39649835405561,23.06769980252152,24.18662250749882,24.54542909929856,25.329030282853605,24.825358712727763,23.620701029784172,24.70786173284874,23.159604894881102,23.44997667285742,24.178137455200588,23.539583655093153,25.294382896278584,24.82050128672575,23.881664651441756,24.72951414814785,24.56109054791391,25.902422833093517,27.704970578343676,2024-03-06,32.34166666666667,30.975000000000005,29.3,23.750000000000004,test
2024-03-14,28.487907184190533,27.380845759217,25.420556129297157,24.81454400853771,24.999895503034285,22.35058623980764,21.918736408405938,22.2225998319993,23.157041365131033,23.60000411477833,24.562745295120134,24.81454400853771,25.52485826420323,24.970928388666326,23.73180741767453,24.795364746500947,23.230972320961587,23.51024871708161,24.23079764641233,23.58701795736783,25.338238037213856,24.861904759727754,23.92138498836761,24.768075043361748,24.598861276350732,25.939652767173964,27.741830897794888,28.487907184190533,27.380845759217,24.913294670292213,24.960475957298268,26.691247541890174,25.420556129297157,25.39536674994997,2024-03-13,32.34166666666667,30.975000000000005,29.3,24.38333333333333,test
2024-03-21,29.453631883780407,28.81382292450117,27.06557542475176,25.190447492837343,22.854184855276507,24.154304245533176,24.004662015141967,23.042381028487846,24.296298069704118,22.862346147169436,23.23070382524276,24.01236337251193,23.410497092962245,25.190447492837343,24.733844982924374,23.80677185782562,24.662684848245675,24.499836374654848,25.844984658966432,27.650146020480953,28.39826716942736,27.29260255073461,24.82601914080949,24.873862981604475,26.605083051071997,25.334699893250242,25.309722228584164,26.57352138749207,27.06557542475176,26.763721923772337,26.877721500226965,29.0191121416009,29.453631883780407,28.81382292450117,2024-03-20,34.16666666666667,31.941666666666666,29.625,26.275000000000002,test
2024-03-28,30.11558688747845,29.300407108288486,28.294902721590347,27.159848805460072,28.17912543607016,26.27383029685624,27.159848805460072,26.090626631765513,24.7436130042796,25.311273620643185,24.95078049792092,26.160811815105305,27.873265519126925,28.557901856201692,27.408702776668623,24.91227975475689,24.93972186542914,26.656964951584595,25.376953816232465,25.345388315736972,26.60466353140659,27.093618928802215,26.78964121078461,26.902177879382453,29.042564751168708,29.47640263638427,28.836124746637207,28.291279107601575,29.300407108288486,28.014943799233215,27.383085265286958,28.294902721590347,27.877119791316666,30.11558688747845,2024-03-27,39.25833333333333,34.4,30.975000000000005,28.483333333333334,test
2024-04-01,30.19072691474006,29.950947761477458,28.98649827369961,27.78921846210353,27.029933567554668,26.90204176013019,26.064773343579994,26.947738283693887,28.436382918394415,28.96742925554509,27.71285261425675,25.14434220755885,25.12237109948975,26.805743263657643,25.50254821449494,25.45504089055862,26.703411782038536,27.18490541491791,26.87579394909885,26.984811624688017,29.122786357765083,29.55496644624597,28.91355875981886,28.3679356493831,29.376529053848664,28.090701784782866,27.45859376979819,28.37024021613694,27.952340636457272,30.19072691474006,29.950947761477458,30.001271224998554,27.78921846210353,28.98649827369961,2024-03-31,39.25833333333333,34.4,30.025000000000006,27.96666666666667,test
2024-04-07,31.670328755383068,30.56512456789567,29.982040441269703,28.35848300587625,23.963355303951637,22.572181937222478,23.3573300190371,25.594067849289228,24.670187102926388,24.882803284977438,26.309745297253464,26.913283716535243,26.6878610088861,26.854231319454456,29.0315040256611,29.490621053290166,28.867662229362555,28.3346502821128,29.35193518170933,28.072061471637294,27.44403608781463,28.35848300587625,27.942503092252803,30.182207247301385,29.943336011724274,29.994275663804235,27.78264581692532,28.980215300687505,29.439407354026777,30.03690792686913,31.670328755383068,29.982040441269703,30.56512456789567,30.64485257248775,2024-04-06,39.25833333333333,34.4,29.041666666666668,26.924999999999997,test
2024-04-14,31.640039220189607,30.535136868469607,30.0063592303166,29.269615853573107,26.14327784239363,26.150533735232386,26.476707255809725,28.763625992980174,29.297477363501823,28.725871949494714,28.228201840802903,29.269615853573107,28.00630795455926,27.389597139381817,28.311785779556082,27.901168032497942,30.144531282383834,29.908149760863935,29.96080864090398,27.750353830189297,28.948734083408702,29.408483721169386,30.0063592303166,31.640039220189607,29.951930968371304,30.535136868469607,30.614948793405652,29.071189586239313,29.456369731205008,30.334588817935565,28.371745746513344,27.645219061141724,30.14419497840517,29.587923071882518,2024-04-13,39.25833333333333,37.38333333333333,29.625,28.15833333333333,test
2024-04-21,32.393590553794,31.925132144096004,30.916327960751765,30.01304595243967,29.675265590510854,28.292305943348513,27.59334837403909,28.45918513434132,28.010433034271962,30.22743330942359,29.97279410348364,30.01304595243967,27.79409326110328,28.986678638415867,29.44245280398291,30.037538758484793,31.669335848099497,29.979961401698468,30.562285241237166,30.641491672247053,29.09731347995861,29.48220685834544,30.36023782426942,28.39726197527839,27.670641072875917,30.1695542580557,29.613239465488515,30.533161343191722,31.864231974588026,32.393590553794,32.34518961682582,31.925132144096004,30.916327960751765,31.115946568990502,2024-04-20,39.25833333333333,37.38333333333333,34.4,28.15833333333333,test
2024-04-28,33.95821649865236,32.44514210709663,31.724839628148654,30.59190179763388,27.941076619246765,26.39060089686854,28.04122424208131,28.81108491525927,29.621412112559987,31.40167296243678,29.81354654498433,30.465151476420196,30.59190179763388,29.080336491732073,29.487569270589315,30.380920051025598,28.428324400108735,27.70888660385004,30.212739339039704,29.659803317252752,30.582038163369372,31.914696280394516,32.44514210709663,32.39750227544757,31.97795762642106,30.96950289621558,31.16936197206049,31.674683737758446,31.527420880794626,31.37567182981093,31.4582334160176,32.70740875246255,33.95821649865236,31.724839628148654,2024-04-27,38.25833333333333,36.966666666666676,34.61666666666667,28.66666666666667,test
2024-05-01,33.95036796112579,32.4346994493583,31.968922347274646,31.160986012678357,28.037792835507044,29.088899453852665,31.034205633585685,29.55921164576173,30.288363590478138,30.46815752510918,28.993211450573938,29.42539872341299,30.335854880516223,28.39498432853872,27.683583651123673,30.192945670318196,29.643800718604318,30.568600185865826,31.903035452651576,32.4346994493583,32.387894627899726,31.968922347274646,30.960859936203434,31.160986012678357,31.66649525104941,31.51935838614258,31.36769569802377,31.450316482759362,32.69953239759216,33.95036796112579,31.71701040969619,32.307830357870394,32.39336007616872,31.73002493430674,2024-04-30,38.25833333333333,36.966666666666676,34.61666666666667,28.675,test
2024-05-07,34.0410350450658,33.498869399325095,32.53573063886405,31.556389924499907,23.475982176117505,25.5939458341901,27.66000717178858,26.511195210799418,26.342607339626948,29.224330787454914,28.93053448329814,30.03004404635642,31.48423080375605,32.097971057071554,32.1074350615583,31.727047875568488,30.74539699808101,30.96361295924147,31.481564285404303,31.34295676478619,31.197141794155336,31.28376984458986,32.53573063886405,33.78845257412748,31.556389924499907,32.14809196166228,32.23422622010743,31.571305314892225,31.76000344352353,32.636782281611175,33.29233781135065,33.498869399325095,33.41144360368623,34.0410350450658,2024-05-06,38.25833333333333,36.966666666666676,35.800000000000004,31.89166666666667,test
2024-05-14,34.06969972267067,33.78257783982789,33.43973737936322,32.160940070935666,26.773801507192587,29.261351958825177,30.58320300027129,31.077975219055034,31.030989568639455,30.277841194959223,30.6525578193856,31.277625323494785,31.21244945889529,31.116998162799405,31.23815850543133,32.513692906337766,33.78257783982789,31.561611252374394,32.160940070935666,32.252301221690075,31.592959358629813,31.7841094954084,32.662581793052645,33.31929758051286,33.52662226553901,33.43973737936322,34.06969972267067,32.80485385578699,33.80179113684416,33.44945338572288,33.48121149775054,32.24240112058991,31.951920394337094,32.30750267649945,2024-05-13,39.608333333333334,38.07500000000001,36.32727272727273,33.85454545454545,test
2024-05-21,35.636349336263855,34.802236518809316,33.97280850887003,33.46228384693472,35.636349336263855,34.230877366255314,33.21661895536611,32.707762775676876,33.551392548039466,34.52439787510281,32.100419113526335,32.56081794000395,32.55694154605082,31.832328893091876,31.9787656249366,32.82659532424935,33.46228384693472,33.655221011583826,33.55844425638337,34.18162690437328,32.91213236830316,33.905879586428796,33.55135427872118,33.58161590095957,32.34177634644208,32.05059405376104,32.405695331853,33.20057834484146,33.05314858750118,33.79455861183403,33.241118468924356,33.97280850887003,34.802236518809316,35.01542736402948,2024-05-20,41.00909090909091,40.60909090909092,37.90833333333334,35.800000000000004,test
2024-05-28,36.54944921528059,35.29819484271329,34.64159740783191,34.01991196657119,36.54944921528059,35.29819484271329,33.7185562403815,33.279401953063825,33.72569434521593,34.08585477930235,34.089507957736956,33.863449884391926,34.39805784693889,33.0678479778411,34.01991196657119,33.63683222361046,33.64755870941977,32.39438350158404,32.093999127673584,32.44278711196398,33.233342686552405,33.08295515846421,33.82233540179219,33.26749896184986,33.99822469694741,34.82699969675623,35.0397436623045,34.56304359568868,34.82893326870803,34.59229451648511,34.33563388331869,34.48153158692375,34.64159740783191,35.38179475392278,2024-05-27,41.00909090909091,40.60909090909092,37.07272727272727,36.13636363636363,test
2024-06-01,35.239126746169575,34.71948237026005,34.498839997639664,33.71321278500353,31.124512854509632,32.25802641633543,32.79178437494263,32.92955883397801,33.71321278500353,32.55362490584161,33.62261963503433,33.319690578906545,33.38535737684527,32.16984170776271,31.89521060672655,32.2616970204019,33.064395962131364,32.92233543936875,33.66742366355267,33.11649983200142,33.84990751450005,34.68052886803724,34.89453248055478,34.41869431629523,34.68517437504832,34.44894029341943,34.192557046880935,34.338644888693416,34.498839997639664,35.239126746169575,34.71948237026005,34.652417645336016,33.892221158392715,34.06736846071754,2024-05-31,41.00909090909091,40.60909090909092,37.17272727272727,36.475,test
2024-06-07,37.45151527688593,35.382460107246146,34.87890719043993,34.48516358481525,37.45151527688593,35.988336250645524,35.258636300794855,33.498096032226506,32.84985000840779,32.96023470892917,33.58717175629971,33.32487463521341,33.98756063725821,33.38016082033251,34.07483409905223,34.87890719043993,35.074713296880354,34.58642939941329,34.844346734270516,34.60224119608313,34.34183228037613,34.48516358481525,34.64346883261146,35.382460107246146,34.861924068869925,34.79425228469798,34.03363994677165,34.208502330215005,34.38111180250503,34.87752997008926,34.993581069437965,33.92656172448851,33.77315613259597,34.07842373980814,2024-06-06,41.00909090909091,40.60909090909092,37.17272727272727,36.5,test
2024-06-14,38.180799957856735,36.164653903657694,35.73406701411492,35.133234960699234,38.180799957856735,37.358854717474955,35.73406701411492,35.731040414540836,36.05688149705855,35.92482751626695,35.21165574912469,35.315723875102634,34.96815036349746,34.63541152293998,34.729205038092935,34.85355197418573,35.569272616759775,35.032805325444926,34.95417358218181,34.18604991846852,34.35576822287638,34.52484616318849,35.01884385908581,35.133234960699234,34.06507514375309,33.910892995756406,34.215628130081456,34.756068921037674,35.23875956209604,35.599953789676476,35.97865647985207,36.164653903657694,35.59415202319279,35.006917255064195,2024-06-13,41.00909090909091,39.22727272727272,37.45454545454545,36.50909090909091,test
2024-06-21,36.22217939574293,36.03425875224196,35.626792114159194,35.19734736445854,36.22217939574293,35.60667277380873,35.09045071278358,35.058461663013915,35.09653882963545,35.75306412548686,35.17602383809115,35.06965118844131,34.28250314805413,34.43915804426876,34.59928302956694,35.08715042042057,35.19734736445854,34.12631218828372,33.970149874903385,34.273528860284216,34.81304306068386,35.29509835874342,35.655856216609834,36.03425875224196,36.22005048631623,35.64940881952478,35.06207807848473,35.03081232958093,35.626792114159194,35.429378904724274,35.3143742562906,35.31568146134137,35.38879730509538,35.33751692323554,2024-06-20,39.22727272727272,39.15454545454545,37.40833333333334,36.5,test
2024-06-28,36.769486781655715,36.452023604861076,36.080000065600814,35.443595617866166,36.452023604861076,35.243898265073405,35.111822391773245,35.07404373625526,35.4262860135137,35.443595617866166,34.30874089594381,34.108942384736686,34.38239417929904,34.90141620424786,35.36942349714669,35.72054798170511,36.092336904086814,36.27361472568593,35.6998645738513,35.11040520327513,35.07767750386321,35.67265535669822,35.47455588258662,35.35908217309689,35.360065304667124,35.43296088903558,35.38152924983609,35.87116982212594,35.77451405497246,36.080000065600814,36.769486781655715,36.68754815175596,36.31145214798025,35.48022772851306,2024-06-27,39.22727272727272,39.15454545454545,37.45454545454545,36.654545454545456,test
2024-07-01,36.763010463441375,36.30502300083055,36.02936450575868,35.473811714998874,34.54048641918783,35.058543127391495,35.18951235153835,34.1325670678848,33.9861407200308,34.29619737260142,34.840392676127635,35.32558505569693,35.68848927743482,36.06835277113981,36.25516541079653,35.68521334158426,35.09835476699548,35.067399078872285,35.663600778309224,35.46634020548425,35.35144153159751,35.35281882866729,35.42598405272712,35.37473758823011,35.86450649673001,35.76793749488704,36.07348297990583,36.763010463441375,36.681099778131994,36.30502300083055,35.473811714998874,35.59328266512194,35.93011260979542,36.02936450575868,2024-06-30,39.22727272727272,39.15454545454545,37.45454545454545,36.43636363636363,test
2024-07-07,36.774080945726155,36.69258748049263,36.08578173728792,35.79286373569656,34.030579243481064,34.774404438674935,35.314620523652344,35.81591929809073,36.08578173728792,35.573035853897615,35.02554966100769,35.02139750691883,35.635970396104334,35.45129883285429,35.345043256317894,35.35236989421465,35.42957668818816,35.38107966402994,35.872757402824185,35.777497047162484,36.08394005233368,36.774080945726155,36.69258748049263,36.31680146850383,35.48579222856975,35.60539850631717,35.94232118501133,36.04163658228874,36.45278447832228,36.75143350212378,36.33840747034074,35.79286373569656,35.90798239830755,36.077939919038656,2024-07-06,39.22727272727272,39.15454545454545,37.40833333333334,36.43333333333334,test
2024-07-14,36.874791317426066,36.7867293524507,36.341111016299394,35.9765102621915,36.01354178844187,36.341111016299394,35.959657809297,35.71849131152294,35.63341300114072,35.647230600878615,35.55544444748981,36.01738329961988,35.90174081617031,36.19421935044193,36.874791317426066,36.7867293524507,36.40644729938638,35.57233500603529,35.68982287124867,36.02529309408396,36.123612007240446,36.53407643172446,36.83225818630203,36.41891101817488,35.87314993018218,35.988118477210435,36.157973146815074,35.9765102621915,35.25937554681945,35.011003822680735,35.01919660039869,35.79206929318675,35.57029641990481,35.23263875615328,2024-07-13,37.75833333333333,37.40833333333334,36.875,35.84166666666666,test
2024-07-21,37.306204819784554,37.091507052446076,36.624469923592216,36.05616091635739,37.29669260860619,36.78776954841408,36.810483421916416,37.306204819784554,37.091507052446076,36.624469923592216,35.73076540347814,35.80747515967764,36.115008318532695,36.19420169696673,36.59154802258184,36.88072833195563,36.461204585874825,35.91122603022605,36.02329447635739,36.191159295485335,36.00832926315615,35.29025849996959,35.041246390672995,35.049001049070185,35.82157128714583,35.5995922948365,35.26179359806956,35.48823680498366,35.90209129097133,36.13308502570336,36.05616091635739,35.79800242842564,36.02123202105889,36.08659098993477,2024-07-20,37.78181818181818,37.36666666666667,36.78333333333333,35.68181818181818,test
2024-07-28,36.717375871297435,36.339195262230426,36.023265317453465,35.82341388700073,35.182085627926256,35.6761352261093,35.883170326291555,36.36829018480249,36.717375871297435,36.339195262230426,35.81733180347572,35.948732212159726,36.129842950717304,35.95609359685413,35.244228605291994,34.99950437739393,35.01016152878564,35.78475065668935,35.56414766808886,35.22729288043407,35.45438295869877,35.86868329867114,36.09997819083346,36.023265317453465,35.76524778262629,35.98857502378359,36.054000834155865,35.731401379031745,35.82341388700073,35.934176581347266,35.845347993677706,35.22363780696664,35.206636975850486,35.06272249375955,2024-07-27,37.89090909090908,37.36666666666667,36.291666666666664,35.53636363636363,test
2024-08-01,36.76122442698935,36.137745126573535,35.98630942474114,35.78395229620053,36.76122442698935,36.36851571352252,35.83669378002586,35.96122614275755,36.137745126573535,35.96078427873755,35.246675512400905,35.00044558483699,35.01007063515902,35.78395229620053,35.56286984895809,35.22567121801312,35.45253398612267,35.86668406678288,36.09787172960997,36.021085354512394,35.763017436994005,35.98630942474114,36.05171305930229,35.729097306096556,35.821097915250085,35.931853007511066,35.84301920889486,35.22130545027385,35.204302264746254,35.06038590836649,35.008252218350286,35.119996740702256,34.47877604817172,34.0701456887926,2024-07-31,37.89090909090908,37.36666666666667,36.291666666666664,35.50833333333333,test
2024-08-07,36.07371983141472,36.00127552370338,35.83200972602162,35.19365052848213,34.9525000988217,34.795511386509126,34.86637509986478,35.68222035936143,35.48987907498391,35.172445815413376,35.412781919231556,35.83618484088598,36.07371983141472,36.00127552370338,35.74618566331244,35.971522051826895,36.03831861863165,35.716667500083524,35.809327056045184,35.92053319685868,35.83200972602162,35.21050845882968,35.19365052848213,35.04983484263142,34.99776887130239,35.10956011006828,34.46837152303372,34.05976302010669,33.79364262294466,33.99190532797879,34.51098657536159,34.13838897787754,34.06479550598358,33.73035664049221,2024-08-06,37.89090909090908,36.8909090909091,35.72727272727273,35.13636363636363,test
2024-08-14,36.47813254437344,36.28130722446255,35.941079113867325,35.010950473741886,36.422175730643744,36.47813254437344,36.28130722446255,35.941079113867325,36.10796029503379,36.134606740607346,35.785401729834554,35.85925394333617,35.957571502442065,35.86020238170964,35.23262199971663,35.211609645464215,35.06495689492491,35.010950473741886,35.12140115505058,34.479293253173026,34.07005603525816,33.803506739634464,34.00147380327392,34.52035100664229,34.14761298782693,34.07392463070757,33.739420778948556,33.77001207736126,33.82959584769252,33.62172725836825,34.00804129740051,34.36087028985181,34.78704317367166,33.889348302663166,2024-08-13,37.89090909090908,37.475,35.63636363636363,34.86363636363636,test
2024-08-21,35.81220135954831,35.6532390142815,35.02234272437326,34.050256838127694,35.6532390142815,35.81220135954831,35.75643196743063,35.15722907726832,35.15566646782417,35.02234272437326,34.977627877450644,35.09435445488855,34.456548890063004,34.050256838127694,33.785744356371524,33.98510783795194,34.504942635645826,34.13284071353167,34.05960057062406,33.725403894905334,33.75620626507022,33.81593235892598,33.60816129331887,33.99454212862062,34.34741956507771,34.77362405897644,33.87595086310938,32.96755444503041,32.905581284600856,33.51430404333452,33.532024099153865,33.6062797588045,33.63646300903844,33.07829996735785,2024-08-20,37.89090909090908,36.89090909090909,35.13636363636363,33.78181818181818,test
2024-08-28,36.414453140439996,34.80740202619675,34.297735877109545,33.81559246440292,36.414453140439996,35.369984607794876,34.68497252347229,34.229452703259575,34.297735877109545,34.72764379181401,34.29406463944236,34.17867405143852,33.81559246440292,33.82659107499699,33.87273655439399,33.6556763694737,34.03569983752006,34.38419802386316,34.80740202619675,33.90767110349832,32.99786474385864,32.934925890110755,33.54298409834466,33.560247323104704,33.63419265853005,33.66416302005595,33.10585418222324,32.88735452855219,33.45720358804337,32.41950744865496,32.125410325813235,31.91239259899973,32.73231492128211,32.73020315224307,2024-08-27,37.475,35.00000000000001,34.518181818181816,32.75454545454546,test
2024-09-01,34.73412674583369,34.00764815761807,33.78451695085735,33.48712453887523,33.27072437916012,34.00764815761807,33.78451695085735,33.81354165834965,33.54932101570877,33.62806690926434,33.72065352407466,33.53541260963484,33.937247003089375,34.30069576686488,34.73412674583369,33.841423103289294,32.93643606734785,32.87680030156622,33.48712453887523,33.50594104221091,33.580951092277395,33.6116540370172,33.05384512297786,32.8356878362264,33.40577162512089,32.368236137170356,32.07424913490888,31.861306891653783,32.681280593618254,32.67920433602711,32.05672146743672,31.951731342371843,32.37873131526102,31.964429538903527,2024-08-31,37.475,35.00000000000001,34.518181818181816,32.50000000000001,test
2024-09-07,34.61131059649282,33.75049678337782,33.469144027971296,32.81083096669115,33.23976447784822,33.19907657661198,33.699885034281,34.13126457089769,34.61131059649282,33.75049678337782,32.86735557128941,32.82269640416545,33.44328029594366,33.469144027971296,33.54897320383745,33.582972798577465,33.02743187036671,32.81083096669115,33.38198132334448,32.345177745715844,32.05169052689679,31.839092370572963,32.65930280609394,32.657387739735974,32.03501513088076,31.93010062075214,32.357152317788795,31.94288624698373,32.55085675314459,32.53411006409603,31.351544447709472,30.582493903179284,30.25546570244802,30.062255643552156,2024-09-06,37.475,35.00000000000001,34.47272727272727,31.391666666666666,test
2024-09-14,34.48115186093879,34.20187355146052,33.30912772366251,32.16666991021901,34.30580934204747,34.48115186093879,34.20187355146052,34.07252204108989,33.96311183481405,33.30912772366251,33.02525255768613,33.55026703384615,32.4818405614734,32.16666991021901,31.939210816971354,32.749237805512514,32.74036083966041,32.11318928400278,32.0049881389348,32.429786769241616,32.01397723665582,32.620889462789314,32.60341694686524,31.42035138436971,30.65096165738703,30.32370058467465,30.130330926998568,30.413429666089275,30.26927083218824,31.372566219794617,30.702861205722925,30.401158413588988,30.737439223837903,30.711264093736744,2024-09-13,34.699999999999996,32.6,31.518181818181816,30.45,test
2024-09-21,34.68049527052128,32.95449319412182,32.56498459573891,31.316873506511715,34.68049527052128,33.238685918062714,32.667599288815,32.26473067760269,32.95449319412182,32.863089172764795,32.179195539181094,32.03227290301015,32.43054709865012,31.996552899873553,32.59099872716996,32.56498459573891,31.376075888319804,30.602700915813532,30.27268723811613,30.07742845397603,30.359232680098398,30.214186700451076,31.316873506511715,30.64674978559224,30.344757365264968,30.68084237831305,30.654533340038736,30.91602907601097,30.068728127883503,30.491215127500304,31.502224159132048,30.541427435682557,29.347174607428514,29.225208602603452,2024-09-20,32.65,31.816666666666666,30.76666666666667,30.049999999999997,test
2024-09-28,32.65010793057317,32.58744070897352,31.373364224352926,30.434038701357935,32.33712259962941,32.621482713851705,32.10936072017763,32.65010793057317,32.58744070897352,31.373364224352926,30.58265672539577,30.240804156513505,30.037450974943262,30.313712544963966,30.16488625522009,31.26496146465408,30.593053280069952,30.289848275220805,30.625096619465083,30.59821136281328,30.859311369438508,30.01173667930447,30.434038701357935,31.444920192958648,30.484034657874243,29.28972167098562,29.167714784871265,29.57001978476182,29.53467257950563,29.061760162341663,28.302635526077655,27.819376497591435,28.017903031611034,27.67681883370584,2024-09-27,32.6,30.76666666666667,30.383333333333336,29.366666666666664,test
2024-10-01,31.599739993716728,31.22657258814506,30.56547142753886,30.02855285584067,31.22657258814506,31.599739993716728,30.68441192161452,30.098485338211297,29.896986381082094,29.7899982929167,30.132209037052785,30.02855285584067,31.159590493167844,30.50890590029519,30.22024887749348,30.56547142753886,30.545402441862596,30.811188562725352,29.966830689875703,30.39133772042817,31.403730663271162,30.44388117174796,29.25027807846138,29.12876050502546,29.531399101873124,29.496279954733147,29.023523862918136,28.26450638186146,27.7813208042809,27.97989772225775,27.63884770625228,26.276647073157,26.132920456192828,26.063410604821527,2024-09-30,31.525000000000006,30.658333333333335,30.25,28.974999999999998,test
2024-10-07,31.379985837947064,30.79501006872843,30.41901202488065,29.224641730716506,30.261848378419,30.109000571850526,31.206243535977134,30.53217906369867,30.22757941352863,30.561847308892155,30.534341011959164,30.79501006872843,29.947120863066615,30.36921720051088,31.379985837947064,30.41901202488065,29.224641730716506,29.102588882531133,29.504863064486816,29.469497237429945,28.996570758994064,28.237432800595794,27.754166070101526,27.952686905188752,27.611599675485223,26.249373206986057,26.10562847324518,26.036106373274897,26.421968335032968,26.207118463713215,25.856127548426635,26.087539931178707,25.377902396891646,25.374576055799487,2024-10-06,31.525000000000006,30.491666666666664,29.41666666666666,27.86666666666667,test
2024-10-14,31.356285482511947,30.396974448362155,29.45027457719085,26.403527182721206,30.760033816672205,29.917289935006945,30.343044578207586,31.356285482511947,30.396974448362155,29.203728265294473,29.082450414484985,29.485257743567676,29.45027457719085,28.977593197389993,28.218627875321072,27.73548365301533,27.934090513493018,27.593061666913986,26.230874967110076,26.087155240298276,26.01765253374123,26.403527182721206,26.188685461734394,25.83769986471833,26.06911596941906,25.359481019221164,25.356156744410736,25.140010136682445,25.385094049666876,25.363050057118972,25.28113362023727,25.40746759124455,25.043933152342472,24.856665325837902,2024-10-13,31.525000000000006,29.041666666666668,28.024999999999995,25.933333333333334,test
2024-10-21,29.0961357030188,28.719770530247295,27.498539101492455,25.35894713110195,28.99080332049501,29.0961357030188,28.719770530247295,28.02687006338304,27.588850696761025,27.818479074467497,27.498539101492455,26.150901434734624,26.01715100447119,25.954464188375518,26.3450051575045,26.13338299249967,25.784592483537,26.017536180799816,25.308936110386227,25.306321668533833,25.090663941147668,25.336083712189026,25.31426719263963,25.23250822468222,25.35894713110195,24.995486222512728,24.80826873789147,24.765620583470874,24.380045922047575,23.56128205500147,23.52052492061334,23.72923322251628,23.898896614903666,23.61688941746451,2024-10-20,28.974999999999998,27.725000000000005,26.425,24.391666666666666,test
2024-10-28,26.845999258906367,26.47366707830913,25.83550786845313,24.935383101431608,26.845999258906367,26.47366707830913,26.247376485807997,26.52568629504902,26.237029762539567,25.83550786845313,26.032239672329833,25.29887720216251,25.27929171736587,25.052009464844062,25.289472429239048,25.262215442615386,25.1767177046484,25.300602529051776,24.935383101431608,24.74695986917226,24.70348410765476,24.317340663383728,23.4981851326243,23.457160775393056,23.665684766172134,23.83522284019039,23.55312978727719,22.370914870724988,21.919320498391556,21.809819577684856,21.280144989444402,22.13827633216484,22.690871258414205,23.39054099312362,2024-10-27,28.974999999999998,26.583333333333332,25.3,24.375,test
2024-11-01,25.423930317008427,25.148174800278266,24.97170023227901,23.807204534782937,24.97170023227901,24.959994230361282,25.423930317008427,24.87359618480851,24.979682636009276,24.838597218612772,25.135031082003962,25.148174800278266,25.09037024155963,25.233237709429694,24.881047230744866,24.701526993381588,24.66414691172152,24.282196731652284,23.465918362140453,23.426866191839046,23.636742043341773,23.807204534782937,23.525748783854173,22.34397162949987,21.89267537569257,21.783378432991505,21.253843664080613,22.112070847746544,22.664731761729463,23.364446250915318,23.486083909190647,22.69344397291829,22.446534936202216,22.89124305851944,2024-10-31,27.725000000000005,25.883333333333336,25.133333333333336,23.96666666666667,test
2024-11-07,27.125346538786978,26.045384800986135,24.904031505651844,23.407946898957366,27.125346538786978,26.524199980716904,26.045384800986135,25.899782445401495,25.34969242970557,25.03454751498885,24.904031505651844,24.458421768850897,23.598514445257575,23.5295480686171,23.71890348941643,23.87532148940179,23.584235084863842,22.39587876778552,21.940048959176877,21.827643477355316,21.29597899190769,22.152748344678532,22.704407154914197,23.403435220778217,23.52459944279717,22.7316380975431,22.484508872111242,22.929065922995882,22.985552330488904,23.407946898957366,22.90962560391408,21.37894572608503,19.860148808881654,19.827961766995706,2024-11-06,26.425,25.25833333333333,24.375,22.708333333333332,test
2024-11-14,24.082551181572914,23.569323887656612,23.357616312071766,22.44112802513417,24.082551181572914,23.327635194251123,23.330580911712527,23.569323887656612,23.759570895188613,23.491564890083644,22.319070738548017,21.874113086473457,21.769159378697097,21.24261008111905,22.102873333156552,22.65693026583671,23.357616312071766,23.47991159606646,22.687725652173693,22.44112802513417,22.886048514536142,22.942785665391934,23.36535169215321,22.86714607187778,21.336546194667644,19.817804101754533,19.785654628144336,20.66414045235864,20.04497790966007,19.759629492428317,19.813124304736995,19.48708436472839,18.678700147182127,18.520463693581856,2024-11-13,25.133333333333336,24.391666666666666,23.10833333333333,21.008333333333333,test
2024-11-21,23.484763960736203,23.35605535764483,22.68733490683244,20.652722990790174,22.023024446408815,21.867448134678607,21.306315634157386,22.142769867170973,22.680728252876307,23.370248180759322,23.484763960736203,22.68733490683244,22.43715832419279,22.879610292472947,22.93466891776245,23.35605535764483,22.85705834747152,21.32593243937277,19.80681806030851,19.774411434332563,20.652722990790174,20.03343921946407,19.748011504062465,19.801449712001997,19.475368819686544,18.666958064229174,18.508703677030184,18.94309393189005,18.93208611502838,18.8652851662332,19.477786483822626,20.010511379543868,20.176829973996888,19.293353137023477,2024-11-20,25.133333333333336,23.574999999999992,21.825,19.750000000000004,test
2024-11-28,22.230903245381164,21.361684918526706,20.024409549446165,19.291938784262527,18.120470858185257,19.259196123092064,20.653668576761753,21.361684918526706,22.230903245381164,22.038535645772544,20.717428269233782,19.3422800983473,19.40855768374657,20.35451621567062,19.781551767491997,19.52784101009449,19.603064878046688,19.291938784262527,18.49377815863815,18.342549757640263,18.781755721172694,18.77405546072338,18.709526067327733,19.32357857736804,19.857363937634997,20.024409549446165,19.141431068406632,18.882681502030763,18.13469202856279,17.371488022499395,17.51878495984536,17.672360823688443,18.110469869881474,18.157040959285613,2024-11-27,22.708333333333332,22.075,20.88333333333333,19.39166666666667,test
2024-12-01,21.607721523375083,20.458366130207295,19.843227054931816,19.128063678226113,20.458366130207295,21.607721523375083,21.607377454323995,20.417895059702253,19.132878358078155,19.26110141025031,20.249525099026155,19.7055941899476,19.471784842798815,19.560650386625344,19.258875153827145,18.46713631347782,18.320288374340034,18.76249647794436,18.756863858982744,18.693751756856763,19.308775767302247,19.843227054931816,20.010727548553376,19.128063678226113,18.869529831699552,18.12168694486706,17.35858341848545,17.505949230912808,17.65957230606024,18.09771392157614,18.144306968633202,18.01665287954965,17.116495449246443,17.13387437259862,2024-11-30,22.708333333333332,22.075,20.88333333333333,19.383333333333336,test
2024-12-07,22.620621491272328,20.599713377485163,19.802561373095177,18.5892461184118,22.620621491272328,21.339119781100617,20.599713377485163,20.34204650305191,19.802561373095177,18.847850094225027,18.5892461184118,18.95500373667244,18.896956675827614,18.79791900807501,19.38831272713534,19.905903756324744,20.061851249228848,19.17127405287058,18.907295737631248,18.15572224231462,17.390061184492815,17.535674513600124,17.688093329804822,18.12540893661597,18.171435022683234,18.043394944850977,17.14297275397756,17.160170238094715,17.160058552963786,16.937698365906122,17.104193917199186,17.359095345601187,16.98162321925907,17.022771797654183,2024-12-06,22.358333333333334,21.866666666666664,20.88333333333333,18.983333333333334,test
2024-12-14,20.170910154331086,19.585691531304743,19.07185616510113,17.438155589801095,19.503318784261484,19.282528296579624,19.07185616510113,19.585691531304743,20.05084248654512,20.170910154331086,19.25572373351745,18.974874121625074,18.211734402173708,17.438155589801095,17.578346448202453,17.72704340998702,18.161799196848765,18.20607257769693,18.076831424707343,17.17558614817257,17.192218068002322,17.191718073912575,16.969092363953866,17.135407038736844,17.390184226920972,17.01262689414674,17.05371703964858,16.910505016823794,17.09967627163454,16.229291919899005,15.57587641197053,15.873870911401484,16.855461341291313,16.340832055390663,2024-12-13,21.866666666666664,20.88333333333333,19.39166666666667,18.566666666666666,test
2024-12-21,17.91711267651251,17.807982933066366,17.17879883752631,16.941899761098007,16.701750867698543,16.63484819994121,16.33849778522398,16.805876011406053,17.17879883752631,17.76719312405066,17.91711267651251,17.86001929073875,17.008247968489407,17.05879456108392,17.08153329363641,16.874843267608828,17.0520891139951,17.314315653722353,16.941899761098007,16.98651163954196,16.845713356135573,17.036540254842755,16.167289947176755,15.514650756000211,15.813183094844444,16.79513758667067,16.280758183300346,16.74888628703015,16.63009938443892,16.75873528436569,17.777400886947895,17.807982933066366,17.03290787749978,16.595224982305044,2024-12-20,21.866666666666664,21.150000000000002,19.65833333333333,18.566666666666666,test
2024-12-28,18.60042320963456,18.336290290753695,17.779596403380825,16.795637124120823,15.709701742995344,15.537792702288314,16.054379362568934,16.39664859253734,16.4088344043846,16.736439650224053,17.101719805262984,16.799785756996485,16.892707220665464,16.785020769500516,16.998534465398176,16.144854807276882,15.502845751341715,15.808666243700303,16.795637124120823,16.284696673655557,16.75518239069371,16.63801287071664,16.767754847641058,17.787184250201562,17.81828964439681,17.043570623322832,16.60613172345861,17.10200149841654,18.480104574241086,18.60042320963456,17.779596403380825,17.992836791408717,18.336290290753695,17.679779266029772,2024-12-27,21.866666666666664,21.150000000000002,19.65833333333333,18.366666666666667,test
2025-01-01,18.570652263649826,18.30696266310866,17.750031100446154,16.78050370571696,14.556935445299173,15.457872928383498,16.216150989151448,16.183561672973905,16.4610676764023,16.480083945351748,16.78050370571696,15.98624447398351,15.384965908348638,15.718705635572256,16.7248194412686,16.227006153908523,16.70646689280269,16.59544207553329,16.72941571496336,17.751745764643356,17.784839444459337,17.01148262143416,16.574976750553862,17.071489114410436,18.450033622103014,18.570652263649826,17.750031100446154,17.96341244912958,18.30696266310866,17.650518025241254,16.890110295724092,17.33367192539283,17.443855583322986,16.957700099761972,2024-12-31,21.866666666666664,21.59166666666667,19.941666666666666,18.48333333333333,test
2025-01-07,19.138786530390288,18.52323413865069,17.91126146874888,17.313024649805143,17.712620888948337,16.64676549276084,15.859374893121881,16.065517646265917,16.98405595038282,16.426150590604763,16.864770092758015,16.725603374728333,16.840294943588358,17.84940038535355,17.87343224449954,17.093878613513958,16.653133221699825,17.14669377386863,18.52323413865069,18.642477947148667,17.820915364621737,18.03365099222772,18.376756659513692,17.72000623303313,16.95939489041392,17.40281443521542,17.512900839048836,17.026678563435976,16.603616015010378,16.65260703504054,17.313024649805143,17.91126146874888,18.404083975827223,19.138786530390288,2025-01-06,21.608333333333334,21.208333333333336,19.941666666666666,18.583333333333332,test
2025-01-14,19.4565884516881,19.245877208239826,18.824916672911392,18.338942450353347,19.4565884516881,18.74560732785824,19.18875755713007,18.824916672911392,17.779760197134944,17.15656600720296,17.52514109306691,18.816120036429712,18.876741868199595,18.01499444248838,18.200175889214176,18.52435890853198,17.85468850287745,17.085210993519414,17.52253851744667,17.628445507488482,17.13935861669776,16.714333655211192,16.761984133634652,17.421476206990445,18.019079911291072,18.51147035256404,19.245877208239826,18.338942450353347,18.998063143591793,18.18139028856521,19.327332287206893,18.596952284419455,18.680615413609758,18.408163163434292,2025-01-13,21.608333333333334,21.208333333333336,19.71666666666667,18.341666666666665,test
2025-01-21,20.615041881645226,19.549100114193934,19.291506645394847,18.55106470372191,19.404401300197797,19.291506645394847,18.31095438080851,18.414660286833175,18.68289749316912,17.974950004271356,17.179185078242412,17.5985480805823,17.692131494157206,17.19457967293901,16.76375745519767,16.80744687778792,17.464214408740087,18.059957074085723,18.55106470372191,19.284593492188172,18.377059153305396,19.03576818332572,18.218811479480653,19.364560139224896,18.63404675441059,18.71761938984393,18.445104945590828,19.362881893822603,19.601794402805464,19.235406789174288,17.90080866340016,18.893999081054194,19.549100114193934,20.615041881645226,2025-01-20,21.608333333333334,21.208333333333336,19.791666666666668,18.325,test
2025-01-28,21.288937201608782,20.728792206498436,19.849958741254213,19.04650475736056,18.251209488297093,18.13823395450127,17.499079378085984,16.971137826327954,16.948261277603695,17.559322846719855,18.123760411406685,18.593454691491075,19.31229245581189,18.394689837223268,19.04650475736056,18.22482164934435,19.367340677505457,18.634610275092424,18.71665731850562,18.44309883587164,19.360159889763622,19.598580721295832,19.23185617907333,17.897025773351324,18.89005739403978,19.545050351422727,20.610917814629694,19.497203610209695,20.292980545369073,19.849958741254213,20.341524590022196,21.288937201608782,20.98513171112464,20.728792206498436,2025-01-27,21.608333333333334,21.208333333333336,19.71666666666667,15.733333333333333,test
2025-02-01,21.48522496364673,21.217706529559152,20.7802322669748,19.54937346495175,18.06951521284448,18.3440546103382,18.67781875377362,18.989415457770182,19.599690975600595,18.607701482773432,19.208743934983058,18.352183508672557,19.470795433488192,18.72167760169919,18.792488992596468,18.511254058465838,19.423049458599376,19.657832473680592,19.288624121611953,17.952091156702885,18.943955736448185,19.598149081559026,20.66346514485693,19.54937346495175,20.34489537396535,19.90169747871927,20.393142623571986,21.340472497117982,21.03661024685094,20.7802322669748,20.844190507070955,21.217706529559152,21.052918748189438,21.48522496364673,2025-01-31,21.283333333333335,20.316666666666666,19.525000000000002,15.733333333333333,test
2025-02-07,26.610605305053227,24.284843532024713,21.336913118371477,20.29046968783764,14.484924972060885,15.08533273722671,17.202586207621785,17.13797528920455,17.678161294271636,17.718808517739824,18.851311374143197,19.237096992776408,18.971397484167834,17.705823298732707,18.74633071298551,19.433844573199206,20.52198184296695,19.42352418776547,20.229799840812078,19.793972951363614,20.29046968783764,21.241261816139065,20.939775737181357,20.685028991308318,20.750106568161648,21.12438498353373,20.960119831474163,21.39278441535728,22.436354080958996,21.336913118371477,22.513421507306308,24.284843532024713,25.01632449005226,26.610605305053227,2025-02-06,21.833333333333332,20.316666666666666,19.483333333333334,15.733333333333333,test
2025-02-14,26.472161088082547,24.145557280632737,22.760519856827724,21.034064197626147,16.062768092597874,16.752260495123032,16.14146983117874,17.630704333752018,18.625844047828558,19.924912337841143,18.971093845458608,19.87634371686161,19.508373415284975,20.051378731031917,21.034064197626147,20.754434559465363,20.514661086472216,20.589995240488513,20.971326486597544,20.811894027052617,21.247871842146157,22.293710844924167,21.195826116563463,22.373402359494936,24.145557280632737,24.87753768839472,26.472161088082547,23.247282553179936,22.505265083582007,23.34490829035528,23.08203451269746,22.760519856827724,22.463207072358717,21.76335555377902,2025-02-13,29.191666666666666,28.541666666666668,21.283333333333335,18.90833333333333,test
2025-02-21,26.44862917314282,24.433206257604535,23.22663557097581,22.21888064290714,17.218356103923732,17.681672927630547,18.79473067007768,20.168126031237698,20.156279275609137,20.100309601157843,20.301646384846684,20.769154675625167,20.6688263709868,21.145286978783997,22.21888064290714,21.140025180171936,22.330612727469816,24.111684846436727,24.84980293928125,26.44862917314282,23.22663557097581,22.48659493271997,23.32759259743155,23.06565151182248,22.744776386789884,22.447898667315194,21.748345935263547,20.07096422050995,20.305171789408636,21.0655242758037,22.313009625530846,22.970863973526672,24.080671621526605,24.433206257604535,2025-02-20,31.816666666666663,29.191666666666666,25.866666666666664,19.483333333333334,test
2025-02-28,26.13434042655206,24.497824520063347,23.847977161965076,22.80362512970698,18.850283218166318,19.280664461229247,20.1210260888867,21.444095919191845,20.535959340357227,21.843554792469124,23.704749149779733,24.497824520063347,26.13434042655206,22.938166061601756,22.21581889302996,23.068982445899213,22.81538239583221,22.500235518761386,22.207279525645312,21.51041256822788,19.834873898452855,20.070345415712296,20.83155935916163,22.0796349736136,22.737892514884546,23.847977161965076,24.200701987812707,24.980134606577035,24.47360402506088,23.266983118743553,24.352800052328572,22.80362512970698,23.09336307668393,23.821092482193254,2025-02-27,34.55,31.816666666666663,28.849999999999998,21.291666666666668,test
2025-03-01,26.02677598288466,24.448652555101383,23.822612192132464,22.77880683606532,18.09026024187016,19.297261511770323,20.87164916828219,20.13578160373889,21.561461052250205,23.503597593290245,24.35226136908893,26.02677598288466,22.85664831725103,22.152155191444724,23.017557025993987,22.77234586243558,22.462949254781176,22.173921037615926,21.47976018169842,19.80607644376409,20.042819447748514,20.80490494801538,22.05357798222114,22.712245032493723,23.822612192132464,24.175528868606285,24.955092993833023,24.448652555101383,23.24209343830718,24.32795272631012,22.77880683606532,23.068564446757073,23.79630756684042,23.157467440843106,2025-02-28,34.55,31.816666666666663,28.849999999999998,21.833333333333332,test
2025-03-07,25.417694360672076,24.809602659053628,24.222738035848014,23.026665832961534,20.02215049588454,23.026665832961534,20.76800192762457,20.688354493969975,21.982175695737805,22.030653888140506,21.922765338455637,21.771568894155546,21.171873782723996,19.562969272933874,19.844106702341925,20.636608407935626,21.906127498852463,22.579058222229907,23.699241157028432,24.058887858488497,24.8430616987457,24.33978226883752,23.135391807082023,24.222738035848014,22.674614729785898,22.965068235517432,23.693288146242146,23.054775296350837,24.809602659053628,24.335740532140214,23.396916943076214,24.244774549654974,24.07635779197555,25.417694360672076,2025-03-06,34.55,31.816666666666663,28.974999999999994,24.966666666666665,test
2025-03-14,28.045855939958873,26.93879109724735,25.086280630301218,24.37756949013013,26.779234106971217,24.629215463350846,21.95747235930267,21.51020435948545,21.803339987453285,22.73044292166446,23.168570375348104,24.128041499725608,24.37756949013013,25.086280630301218,24.53125719518699,23.291407475529454,24.354463322710327,22.78970161392474,23.068719072237315,23.789094335236566,23.145201708170408,24.89634367713917,24.41995412826708,23.47939604048088,24.326063174400424,24.15683445626122,25.497615197725782,27.299785160905444,28.045855939958873,26.93879109724735,24.47123763213643,24.518416852609555,26.249186921110443,24.97849453487751,2025-03-13,35.09166666666666,33.275,29.46666666666667,26.141666666666666,test
2025-03-21,29.124431894648158,28.06550784692223,26.548478169079736,24.543548725678193,19.21142143369351,21.015976076323007,22.790365516817722,22.965959257451328,22.227244095291123,23.634073732737086,22.3049997550298,22.74520918141243,23.576078920260883,23.007956856495326,24.81101913292776,24.370176643065964,23.453950083484795,24.31728986639094,24.159537181236033,25.508183873268766,27.315741631503748,28.06550784692223,26.960981636864908,24.49517284756753,24.543548725678193,26.275132832455906,25.004998497137787,24.980191604649562,26.244107503932465,26.736240151387726,26.434441283170187,26.548478169079736,28.68989447038379,29.124431894648158,2025-03-20,35.09166666666666,33.275,29.46666666666667,24.966666666666665,test
2025-03-28,30.305633340659607,29.078898797306245,28.36437135487493,27.161525744781542,30.305633340659607,28.799096898645587,26.628679380427734,27.333264195558847,26.139352739847073,24.70698828730899,25.216300895800043,24.816251270682606,25.998847610374682,27.69259588637817,28.36437135487493,27.20639894974649,24.703946554582323,24.72723522412258,26.441573818681274,25.159613720641563,25.126699156158438,26.38505474409058,26.873374229896086,26.568962658688534,26.681204625055152,28.821397012857478,29.25509609304237,28.614724775731723,28.069814427138752,29.078898797306245,27.7934053139913,27.161525744781542,28.073327797168044,27.655535027335553,2025-03-27,39.45833333333333,35.09166666666666,30.54545454545455,26.78333333333333,test
2025-04-01,29.845495864506002,29.60577347246386,28.565986621027967,27.1335005715467,25.747146022163115,24.422895599259235,25.00631635040478,24.656805430676133,25.875006389489098,27.59239156757424,28.280267987103574,27.1335005715467,24.63872877961619,24.667282216754494,26.385263611274947,25.105674535753533,25.074485868373344,26.334037752999905,26.823155209084803,26.519290616798482,26.63190751685373,28.772352456484356,29.20624114601614,28.565986621027967,28.021154593318524,29.03029553604909,27.74484083112016,27.112987843050444,28.02480869861314,27.60702665807034,29.845495864506002,29.60577347246386,29.65613515232274,27.444108945744254,2025-03-31,39.45833333333333,35.50833333333333,30.54545454545455,27.049999999999997,test
2025-04-07,31.482820975355118,30.29377720307522,29.71075965278486,28.65702908690715,31.482820975355118,29.349894120320364,26.17944631779416,25.744720642934734,27.14533432060955,25.6480686455276,25.467267461424697,26.624633778339497,27.04373268712601,26.691833764519977,26.7715417251189,28.889403559956662,29.30782976483112,28.65702908690715,28.104919850638442,29.10906915260801,27.820197999100323,27.186000962355003,28.096218365986,27.677334941604162,29.915042276807146,29.67480396286812,29.724812440689217,27.51254345490198,28.709675387920424,29.168567395548596,29.76586286593765,31.39914396472295,29.71075965278486,30.29377720307522,2025-04-06,39.45833333333333,35.50833333333333,30.308333333333334,27.049999999999997,test
2025-04-14,31.239471875635648,30.13515672229782,29.605279126878713,28.577276564255527,22.67915932283604,24.28913018512872,24.754140320151798,25.394212586522784,27.89597035777362,28.577276564255527,28.10674713622511,27.67808994408645,28.766962814802504,27.53608656061512,26.941590031520146,27.87904853440557,27.478872745013945,29.729393413005937,29.497953504745457,29.553979635215292,27.345845994406936,28.54581947029582,29.006655599621002,29.605279126878713,31.239471875635648,29.551710456982562,30.13515672229782,30.215131700675478,28.671483979457186,29.056741277514373,29.935012821867318,27.972205705532655,27.24570427405961,29.74469715837627,2025-04-13,39.45833333333333,35.71666666666666,32.29166666666667,29.03636363636364,test
2025-04-21,31.994475934165763,31.52601090582922,30.242887436550173,29.589198135790838,28.628902681246746,29.426838206042504,27.996308106435315,27.264853847847608,28.108619960544075,27.644294696995004,29.850821266451202,29.589198135790838,29.624551035005688,27.40227640080394,28.592570165809185,29.046746725549283,29.640795785567065,31.27185579062072,29.58195051547203,30.163925120160037,30.242887436550173,28.698543817011636,29.083327308854827,29.961275331002085,27.998246074734208,27.27159191338723,29.770480385519363,29.214149271991587,30.134059712966327,31.46512204565781,31.994475934165763,31.946071330512147,31.52601090582922,30.517204949794664,2025-04-20,40.958333333333336,38.324999999999996,33.891666666666666,29.025000000000002,test
2025-04-28,33.53696389719236,32.024438902299906,31.253500704076114,30.161938899424708,27.216556561992633,28.007719443818946,26.30367330544658,27.849815972624498,28.547919713707632,29.30896455265659,31.054468198924134,29.44295453443417,30.078713243234024,30.194523067141674,28.675355531811398,29.077395505851147,29.967199335497995,28.012300165144456,27.29122610817082,29.793933043604586,29.240221896791912,30.161938899424708,31.49423966583312,32.024438902299906,31.976613311816287,31.556948832087905,30.548415131371,30.748218730185357,31.253500704076114,31.10621088399009,30.954443565471195,31.036994820440977,32.2861620932394,33.53696389719236,2025-04-27,40.958333333333336,35.71666666666666,33.891666666666666,29.766666666666666,test
2025-05-01,34.19768405355666,33.18173188671639,32.161367790650466,31.229870826762006,34.19768405355666,32.93756326212121,32.35631808101973,33.18173188671639,30.939609394617115,31.14303549958652,30.961889340095706,29.23977048068753,29.502694877150777,30.29714015709428,28.276876250742532,27.510986821780115,29.98298414101955,29.408302309863064,30.315566008122584,31.637959572422748,32.161367790650466,32.10888720996684,31.68603325351715,30.675312021391147,30.873605725110675,31.37786302365404,31.229870826762006,31.077622055089318,31.15984329184478,32.40878417324311,33.659430959792076,31.425945298394364,32.01667689731214,32.10214568546043,2025-04-30,40.958333333333336,35.71666666666666,33.48333333333334,29.766666666666666,test
2025-05-07,33.45042755304026,33.070134992278376,31.9047904226713,31.217291831591936,28.62781875498792,27.574927925622642,28.296218365660646,29.404768132712285,27.600185834692812,26.981758850402553,29.55473762358503,29.049366307468592,30.00407839148966,31.35904382807145,31.9047904226713,31.867572911942432,31.455230878667944,30.451728083141123,30.65495777816149,31.162606552942897,31.016932832310456,30.866271774910913,30.94958775343087,32.19927253807765,33.45042755304026,31.217291831591936,31.808262248925743,31.893895557090477,31.23063159246003,31.41909329137287,32.2957108129777,32.9511566566397,33.15761292878608,33.070134992278376,2025-05-06,40.958333333333336,35.71666666666666,33.87500000000001,30.849999999999998,test
2025-05-14,33.85128312607619,33.58274573936137,33.221864366324155,32.04939603352486,30.972908185733644,31.370003725646644,32.34275847999864,32.62666519881258,32.409655551120245,31.87463806432659,30.786707438092964,30.932175147971645,31.400239386913398,31.227430015781867,31.05814866826941,31.128741803772247,32.36963153126335,33.614802164580404,31.3775499505864,31.9656974669115,32.04939603352486,31.384808469509114,31.572357565122,32.44835922267356,33.10337711399956,33.309541928954964,33.221864366324155,33.85128312607619,32.58606377368988,33.58274573936137,33.23023327500064,33.2618721990185,32.02297960253776,31.73244220753206,2025-05-13,40.958333333333336,35.375,34.2,32.35,test
2025-05-21,34.431397235224736,33.60190319752381,33.243115516293926,32.52808615658824,28.4112327143048,29.655355305862393,30.014139122001403,30.209051288458575,30.529959750546606,31.942487271223612,33.305144940028654,31.148286182646853,31.791564171337512,31.91310053413673,31.274474748202884,31.479731400632843,32.36786360311622,33.031218040575325,33.243115516293926,33.159364369595195,33.79146826858748,32.52808615658824,33.52603903989808,33.17439870145649,33.20663261917597,31.96814547684109,31.677886412694743,32.03362148780605,32.82893930660046,32.68180552038459,33.4234181414128,32.87011755752394,33.60190319752381,34.431397235224736,2025-05-20,40.01666666666666,35.13333333333333,34.2,32.63333333333333,test
2025-05-28,34.65241835626702,34.43899417892357,34.09546418603782,33.07859790399541,28.72538423804538,30.133392877631312,30.778999654782034,30.499548137626768,30.95095788615493,32.0076694087784,32.787451126966005,33.07859790399541,33.04916336302638,33.71851550556295,32.480673074183905,33.496138676176656,33.15652222347202,33.19688384146312,31.96404089674712,31.677651484600126,32.036036936841555,32.833170522116085,32.68728056207126,33.429743217506136,32.87704025591251,33.609225991028,34.43899417892357,34.65241835626702,34.17618464068274,34.44239547430829,34.2059769316293,33.94946454684433,34.09546418603782,34.25560087342311,2025-05-27,35.375,34.92499999999999,33.99999999999999,33.041666666666664,test
2025-06-01,35.02922435905774,34.5095131784578,34.28903522298102,33.692144641656235,33.275164396817885,33.611286364570304,33.89713076760643,33.8498329517502,33.588269978024805,34.09845127609299,32.75136128465083,33.692144641656235,33.30133629013877,33.30660776716657,32.04969467906704,31.74682405127274,32.093919503025916,32.88333278819456,32.73212428577024,33.470941278392374,32.91573935065429,33.64621438396942,34.47480759647759,34.68742542148627,34.210636549413636,34.47647032191049,34.23979331786428,33.98310376743358,34.12898167204699,34.28903522298102,35.02922435905774,34.5095131784578,34.44240195589229,33.682173585712036,2025-05-31,37.291666666666664,36.208333333333336,34.92499999999999,33.416666666666664,test
