tag,pred_m1_hot,pred_m1_p3,pred_m1_p7,pred_m1_p15,fc_d1,fc_d2,fc_d3,fc_d4,fc_d5,fc_d6,fc_d7,fc_d8,fc_d9,fc_d10,fc_d11,fc_d12,fc_d13,fc_d14,fc_d15,fc_d16,fc_d17,fc_d18,fc_d19,fc_d20,fc_d21,fc_d22,fc_d23,fc_d24,fc_d25,fc_d26,fc_d27,fc_d28,fc_d29,fc_d30,pred_point,true_m1_hot,true_m1_p3,true_m1_p7,true_m1_p15,split
2021-06-14,31.44900123578791,31.12021811892916,30.775795213163654,30.364136844923973,28.665867203799937,28.705314604142753,29.604600488756063,28.971313317147096,29.485849859644286,30.06619450445036,30.364136844923973,30.317545671128986,30.807857199503765,30.0019432097428,30.30969765392651,30.454107452375823,30.30717402941146,30.61969982403116,30.595824487261066,30.772997015169743,30.301206950387275,30.308728031893573,30.386795152517667,30.549608347626275,30.775795213163654,30.287017699558746,30.24895382767851,30.294088510306594,30.51974688555898,30.824162429425666,31.12021811892916,31.305551719592007,31.44900123578791,31.120070694008753,2021-06-13,32.48333333333333,32.41666666666667,31.691666666666674,30.849999999999998,test
2021-06-21,31.342911739162716,31.254112272449255,31.057065617073427,30.440659440972937,28.7403073025571,29.76230982378252,29.290595759840546,29.81466424195421,30.096330468359202,30.036836013589006,30.404839023917532,30.42251256566165,30.6249316394241,30.170987968683015,30.18870821521025,30.2735195022112,30.440659440972937,30.66970431167718,30.18049600539707,30.142611282750604,30.187222084003928,30.412976578222167,30.717365383063015,31.013394258483487,31.198674530393543,31.342911739162716,31.014317906035163,30.960906447144637,30.956321975282158,31.21948799364762,31.057065617073427,31.188920197208883,31.254112272449255,31.27035724927184,2021-06-20,32.48333333333333,32.41666666666667,32.28333333333334,31.308333333333334,test
2021-06-28,32.210304473915414,31.834473038531055,31.3531953579209,31.15096359662202,31.24811819307419,31.15096359662202,30.51116211877608,30.40758693435678,30.422201547367596,30.53836634800236,30.742469263033176,30.2310340186371,30.180985967738756,30.215965087227094,30.436598173913094,30.73511790168753,31.029672853032576,31.21125655923959,31.35544345793589,31.026085140411485,30.972870654552178,30.968039914808198,31.23199853118187,31.069254303467734,31.20190911443964,31.266770179339748,31.28307122567069,31.260866791788068,31.40946942270962,31.3531953579209,31.766010234392127,32.210304473915414,31.866243360095282,31.834473038531055,2021-06-27,32.48333333333333,32.41666666666667,32.28333333333334,31.483333333333334,test
2021-07-01,32.255446337089154,31.879289742352604,31.60053893885143,31.277163613204273,31.681238151134835,31.25048817456208,31.082696011494214,31.105752747459448,30.483858877177653,30.359457255174203,30.35254582443884,30.539983932508427,30.817339100821812,31.098399885402756,31.27137993808264,31.40826745605774,31.075687395266335,31.01840702879028,31.013349557223396,31.277163613204273,31.11432721621766,31.246923261613293,31.312408382172006,31.328584971741744,31.30703489153831,31.455191968206623,31.39863382552785,31.811267578719406,32.255446337089154,31.911070330361962,31.879289742352604,31.60053893885143,31.590216556566922,31.633798213739006,2021-06-30,32.53333333333334,32.41666666666667,32.25833333333333,31.483333333333334,test
2021-07-07,32.37424840140704,32.22605976982644,31.890130277615373,31.410384152511753,30.169852132390076,30.430935994004084,30.755223874988758,31.06482544637454,31.249167469021252,31.398070450526816,31.07229720615112,31.020248850405327,31.017269035789965,31.282416005938206,31.120933744180324,31.25688601072329,31.322770875602398,31.339513812386233,31.31799946841098,31.466638202158656,31.410384152511753,31.82302787026759,32.26630381629827,31.921986832357714,31.890130277615373,31.61144969993542,31.601004737291294,31.644509334663528,31.72145943857862,31.9232314818625,32.37424840140704,32.22605976982644,31.898952710873672,31.83430515156255,2021-07-06,34.583333333333336,34.166666666666664,32.46666666666666,31.724999999999998,test
2021-07-14,32.38819140870315,32.2401841494473,31.925690324377918,31.735443203916855,31.126142305082272,31.08976697030885,31.33577049056281,31.15746031098692,31.286702765984224,31.345419497160467,31.36015701680573,31.334990175066302,31.482595102819733,31.42489816515385,31.838307747301645,32.280606086721946,31.93671983410746,31.904202475569324,31.625966356667043,31.615332487141014,31.65900248215003,31.735443203916855,31.93742510488376,32.38819140870315,32.2401841494473,31.912876973482245,31.848274070329502,31.925690324377918,31.929836242883777,31.812157605665277,31.65806248420047,31.574928306858265,31.788321040514006,31.801414820224775,2021-07-13,35.11666666666667,34.300000000000004,33.13333333333334,32.27272727272727,test
2021-07-21,32.407746079166,32.26108805597421,31.95630806681658,31.869323537053155,31.323369681024563,31.48509472792187,31.43827212459359,31.85586332550561,32.301466473577975,31.957796390847182,31.922891655561994,31.646234297911494,31.63499251526251,31.67759233023663,31.75435428530308,31.95630806681658,32.407746079166,32.26108805597421,31.93351019737815,31.869323537053155,31.94725412583472,31.951361966693746,31.833744004511118,31.67943605112315,31.595830290499553,31.809334812757417,31.822285116626837,31.664554098584908,31.75587464634691,31.87086113385057,32.046171546562356,32.17920082656497,31.912972679620662,31.945542278195198,2021-07-20,35.11666666666667,34.300000000000004,33.21666666666666,32.46666666666666,test
2021-07-28,32.38735034846224,32.24212741985343,32.13219938721784,31.915419722294935,31.61318468980377,31.6053806612305,31.654721787519712,31.728319912115076,31.931907456686638,32.38735034846224,32.24212741985343,31.915419722294935,31.852047569017707,31.928838242650475,31.9349407481514,31.817263007114,31.66183622482731,31.577924990493493,31.791251098195733,31.803992930281048,31.646734131811705,31.737363217683566,31.85239446752697,32.02812756715277,32.16127759006753,31.89512046364405,31.927769888158107,32.14937531954285,31.998311135328105,32.13219938721784,32.17006153036828,32.28779108764541,31.9411693457476,31.839098465364817,2021-07-27,35.11666666666667,34.300000000000004,33.21666666666666,32.46666666666666,test
2021-08-01,32.70107440978861,32.41095581172704,32.172457624339174,31.953370584910736,32.41095581172704,32.70107440978861,32.45044349507741,32.06084577116844,31.953370584910736,32.00069414051497,31.99192522352638,31.861925136880537,31.698641834505572,31.60972141524392,31.818279543292544,31.829442204059244,31.671668096145712,31.760540311057454,31.875487395524083,32.05116683272275,32.18428264137748,31.918677829315556,31.95114662779032,32.172457624339174,32.02172663496891,32.15544949215967,32.1932061824348,32.310868504734145,31.96399450461018,31.861957095878587,31.880827200463514,31.724058484623313,31.82114970630043,31.539971234038703,2021-07-31,35.11666666666667,34.300000000000004,33.36666666666667,32.33333333333333,test
2021-08-07,34.016153442701395,32.59040701522272,32.27731707548406,32.06120673948788,34.016153442701395,33.193464172736704,32.59040701522272,32.219150834085895,32.25107787856406,32.145292645625034,31.918881818087282,31.9558722987038,32.03650460580638,32.18962237905488,32.309062011530294,32.033504254221846,32.06120673948788,32.27731707548406,32.12623171805325,32.26017936520032,32.298328525421674,32.41598258798778,32.069553098211564,31.967223036599215,31.986694957980173,31.82922986791881,31.925712707859322,31.644055475081462,31.537537276258643,31.62240907102228,31.367550856163206,31.447015280510218,31.433270495480294,31.532216298464967,2021-08-06,34.300000000000004,33.21666666666666,32.74166666666667,32.12500000000001,test
2021-08-14,32.79444687952148,32.546312726493404,32.34158023495805,31.952419725205118,32.79444687952148,32.57579492341042,32.54480999094431,32.546312726493404,32.19825236814979,32.17781018626059,32.364865657642696,32.19140888288158,32.31346333193705,32.34158023495805,32.45304071850171,32.101680516288624,31.99690631231983,32.01422126812831,31.85678379802399,31.952419725205118,31.671115818376876,31.564748924082725,31.650075256661342,31.39525169770006,31.474956541147446,31.46085340486783,31.559886028964783,31.31646811689935,31.385612971976126,31.29112419344868,31.148181987926424,31.341322631337423,31.37641931000591,31.833853645946274,2021-08-13,33.36666666666667,32.74166666666667,32.15833333333334,31.658333333333335,test
2021-08-21,32.33165933408369,32.06186590196773,31.916912116876542,31.45105521781325,31.806502789717467,32.06186590196773,32.17151465546368,32.33165933408369,32.01396642968596,31.930674618298138,31.963555509150947,31.81596016462235,31.916912116876542,31.640260793300442,31.538063536093766,31.62509023946157,31.371344721153488,31.45105521781325,31.43698575716137,31.536389663017953,31.29274778172475,31.361311008756296,31.26680082948821,31.12384719925037,31.317229176440392,31.352468758192323,31.80986662736343,31.130776754154056,30.83375631273059,30.622899132990533,31.060558574235714,30.992807447024365,31.26554384333474,31.356411279163588,2021-08-20,33.36666666666667,32.266666666666666,32.033333333333324,31.416666666666668,test
2021-08-28,32.71846094153426,32.012849316841674,31.58035271699962,31.328550036108062,32.71846094153426,32.49790380795579,32.012849316841674,31.78069945000915,31.787897608371413,31.48260085185074,31.534241242556188,31.495701490347695,31.58035271699962,31.328550036108062,31.390844487423372,31.291233447516657,31.145266078812533,31.33497663514995,31.37027271408905,31.827396905596267,31.147678381627653,30.850645753078066,30.64018344063006,31.078007665042787,31.010999810650645,31.283335774506597,31.374060851687577,30.97616768491059,30.515343617870467,30.70200347159023,30.664427840598776,30.051142319243567,29.956912113505158,30.280651250321384,2021-08-27,33.80833333333333,32.266666666666666,31.75833333333333,30.941666666666666,test
2021-09-01,31.813710687949587,31.534241396066196,31.360002138561526,31.126343395966366,31.5987091014537,31.35707137450062,31.449299690629537,31.434518791797423,31.534241396066196,31.29531203932429,31.364151821236167,31.269285568352625,31.126343395966366,31.317982766540744,31.355281563142878,31.813710687949587,31.133633730418445,30.83697889473857,30.62654899063231,31.06439387805807,30.997399198055135,31.269461663634708,31.360002138561526,30.962425436428788,30.5015820096518,30.688305549511064,30.65077052372987,30.037510891573053,29.94340000330055,30.267218943846547,30.24489617693281,30.34448176489916,30.35656380485978,30.265848820950993,2021-08-31,33.80833333333333,32.033333333333324,31.416666666666668,30.650000000000006,test
2021-09-07,31.784667301537745,31.315876178735074,31.120328867785886,30.820868582175855,31.13666680157855,31.120328867785886,31.030861383100447,31.25414158564935,31.315876178735074,31.784667301537745,31.11152804158391,30.820868582175855,30.614957604923738,31.054441353846098,30.989386482920473,31.261131296258217,31.35337224353527,30.956758992378557,30.495956515849098,30.682452189861987,30.645224970509823,30.031835212364847,29.938208277959518,30.26164173604561,30.239117227624156,30.338783287562745,30.35100926225437,30.26022080244526,29.88369675204137,30.940704577166223,30.97340554193636,29.727982722608495,29.221917435125548,28.75947263126807,2021-09-06,33.80833333333333,31.900000000000002,30.7,29.783333333333328,test
2021-09-14,31.382841349514848,31.316405971503727,30.95832895236965,30.254458022487817,31.316405971503727,30.925427559446184,31.256347986515138,31.103214758636813,31.323349048209693,31.382841349514848,30.98119433549956,30.50739603192099,30.68498478901316,30.6386385238692,30.026313117325003,29.93170655046121,30.254458022487817,30.22571942035505,30.324992668074454,30.337194675715967,30.247645589331935,29.86940308634202,30.92592003309635,30.95832895236965,29.714827685847514,29.208685830152216,28.746109606998342,28.54445445005578,29.106092457647165,29.192606547982017,29.68964705096142,29.214005483103115,28.95987849713265,28.922221919832147,2021-09-13,33.80833333333333,31.325,30.466666666666665,29.45,test
2021-09-21,30.92307096262235,30.614200733463182,30.286034919836702,29.714971583393044,30.42122156453049,30.614200733463182,30.57538805369206,29.969399268721766,29.880784293764567,30.208507068047922,30.185430893492104,30.286034919836702,30.30006542531595,30.21251336169067,29.834984904878763,30.891245395914286,30.92307096262235,29.678288608741195,29.172161305357598,28.709236939255796,28.507056664323976,29.068563819176443,29.15525405102141,29.652559978840053,29.177419217783985,28.923308335652198,28.88579238088421,29.321226261440234,29.53190137087942,28.477151334716645,28.867112894832513,30.263756529934444,29.714971583393044,28.57164933400282,2021-09-20,33.80833333333333,30.650000000000006,29.725000000000005,28.708333333333332,test
2021-09-28,30.912415030783283,30.26292950475113,29.758433352954995,29.154649407195322,30.036277659924536,30.136438146195,30.103885039356943,29.758433352954995,30.842948976393885,30.912415030783283,29.658635686264077,29.15693665044622,28.7008473447294,28.50299437869216,29.068350902940445,29.154649407195322,29.644547969343492,29.176718332753545,28.923561773338935,28.88519118317856,29.32009132655295,29.530028472902366,28.47584589523033,28.868779705872843,30.26292950475113,29.71390655541756,28.57096616455786,28.139009739568046,29.004551388018797,29.135785531976374,28.513739492890952,27.703252872710284,27.706218491460955,27.3348012427978,2021-09-27,30.650000000000002,29.633333333333336,28.858333333333334,28.225000000000005,test
2021-10-01,30.52162738799847,30.22348429700481,29.39524922071498,28.879688592503673,28.85442623792503,30.25234241643166,30.52162738799847,29.39524922071498,28.96831522307868,28.56448439940935,28.399101025025427,28.98781666889652,29.089008554524757,29.58840288587631,29.126627591849914,28.879688592503673,28.843608359675144,29.280278630560595,29.490375326817684,28.436294475480437,28.82929314512124,30.22348429700481,29.67362794221632,28.530766656948675,28.098747668802876,28.96460285127394,29.096036899243884,28.474118315590964,27.663712958848084,27.66704395677272,27.295637023073734,27.127465179431347,26.13633262294306,25.9373464785317,2021-09-30,30.75833333333333,30.0,29.066666666666666,28.208333333333332,test
2021-10-07,30.18143737146964,29.4842251823201,29.04578874731529,28.430362165750417,28.156702434982403,28.81659488920717,28.957158333810238,29.4842251823201,29.04578874731529,28.81260310365522,28.78621512453241,29.22829112613636,29.442326729794182,28.39294901043025,28.78800905985779,30.18143737146964,29.631505709730412,28.488259656899217,28.05627759154207,28.921976767135444,29.052511994941092,28.430362165750417,27.62056692431361,27.62413700130707,27.253005317523193,27.084906031430588,26.093885219392426,25.89526185307576,25.90010340076215,26.2692553200509,26.081013984752953,25.81368790346303,25.899951571429742,25.763496569138788,2021-10-06,30.75833333333333,30.0,29.066666666666666,27.28333333333333,test
2021-10-14,30.2155366031101,29.551182028239534,28.834577304622293,27.10258964813949,29.382059551524637,29.551182028239534,28.46346644081277,28.834577304622293,30.2155366031101,29.665933566306958,28.514880397117604,28.07714932140369,28.939669713769067,29.071716621629562,28.45035030406606,27.640033216182374,27.640251265953626,27.26990613310793,27.10258964813949,26.111890436730857,25.912181621963114,25.916396866842273,26.285521980582395,26.098364724936467,25.830663515694518,25.916585412098208,25.7799772380515,25.21420645423232,25.06039910065573,25.300634337692813,25.414051171768268,25.931948588005806,25.354782381389256,24.962318369046766,2021-10-13,30.984615384615385,30.75833333333333,29.725000000000005,27.058333333333326,test
2021-10-21,28.470980308289395,28.02955776714032,26.948280970072933,25.795354422102683,26.754416050605897,28.05715833805807,28.470980308289395,28.02955776714032,27.32598558238242,27.399289056660827,27.08297246910774,26.948280970072933,25.980714362515382,25.795354422102683,25.808612961073358,26.186415848907036,26.002958120091094,25.734905688164734,25.821268409026302,25.684090990399795,25.11810318047008,24.964195861038803,25.20330535534175,25.316673048263294,25.835527488423388,25.25872902041505,24.866809587159413,24.936437395086173,24.79825856845496,24.795298307398106,23.78182649233394,23.798553523668655,23.79691602023713,24.42462362470112,2021-10-20,30.984615384615385,30.75833333333333,29.030769230769234,26.946153846153848,test
2021-10-28,26.423022147068462,25.886940019338148,25.618958807723622,24.901904307803846,26.423022147068462,25.618958807723622,25.537536510559054,25.61881809698488,26.0417474470623,25.886940019338148,25.640217373896803,25.738861051605895,25.61174717584306,25.052288511608236,24.901904307803846,25.14261961006741,25.257055477389674,25.77547392126551,25.198878359476552,24.806273748973016,24.8754235600949,24.737173296595397,24.734401074663662,23.721032979578503,23.73823353863533,23.736722563223477,24.364807912947633,23.704757041877798,22.68975253944994,22.173248529690802,22.247506218479376,21.728529048309046,22.552783156046072,23.146784877144853,2021-10-27,30.984615384615385,30.75833333333333,29.030769230769234,26.84166666666667,test
2021-11-01,27.93927703012021,26.47591686091484,25.420167034330287,24.84369863670642,27.93927703012021,27.13605667287345,26.47591686091484,26.327751980990257,26.039908002254208,25.3553068768957,25.144158724676952,25.336544963890773,25.420167034330287,25.918939120126428,25.323697809922663,24.920433735666304,24.99105290630394,24.84680096087112,24.84369863670642,23.830120073995463,23.84718644243773,23.847821772655916,24.476827433133504,23.81434877254135,22.80032689817493,22.283174199352136,22.35701829491572,21.837777424668815,22.661049419500223,23.254588402064133,23.616625156183932,23.59609728940461,23.21419934753175,22.662270770102403,2021-10-31,30.984615384615385,30.38461538461539,28.38461538461538,26.72307692307692,test
2021-11-07,28.652209727921644,26.88960670172735,25.333887360937243,23.70783590775849,28.652209727921644,27.602821374782373,26.88960670172735,26.886955019343596,25.97561360051641,25.382336095939586,25.333887360937243,25.09723700178551,25.03598878501461,23.987198191464532,23.97939742354012,23.962865207321556,24.576721238525995,23.903824301381306,22.88917131768302,22.37133694669197,22.444067763650647,21.924998420671454,22.74885852514511,23.344305676198466,23.70783590775849,23.686067838155108,23.303481022695017,22.751360743451404,22.8793877989627,23.254021328255142,23.32372182984879,22.75217658614944,21.854502611260752,20.508511641916865,2021-11-06,30.984615384615385,30.26923076923077,28.23076923076923,24.384615384615383,test
2021-11-14,26.98788374392241,24.872806486212067,24.13672224104678,22.97936540312996,26.98788374392241,26.285704536701562,24.83094364891404,24.541443833346346,24.349057258257517,24.872806486212067,24.13672224104678,23.071124181896113,22.520579202243514,22.57147813531151,22.046826131038017,22.865758356976364,23.45003450088146,23.808534526447026,23.787446325893733,23.405376460550848,22.853941791566193,22.97936540312996,23.3528381138238,23.424726778399705,22.853813610343952,21.95512499373745,20.608456661025873,19.99522682536718,21.068544339596134,20.787872291807467,20.3269543170372,20.345198926803324,19.74793597952849,19.49806286115042,2021-11-13,29.815384615384616,28.28461538461539,26.23846153846154,23.146153846153847,test
2021-11-21,23.48255849390119,23.301873071335233,22.81649812098032,20.67939636951963,18.841422990224636,19.78923606781561,20.78984972220409,20.880476604854092,22.075806237912914,22.890905105700007,23.392848020033252,23.48255849390119,23.17006782960662,22.665042857205634,22.81649812098032,23.212364889516582,23.301873071335233,22.743552643849473,21.84583876688753,20.500180024232357,19.88684726363871,20.961396933588773,20.67939636951963,20.216412698489105,20.23284467552317,19.636998751842647,19.38788755547059,19.0414210593843,19.516410430930787,19.42280163256422,19.031987939647937,19.27167412786561,20.21325855687809,19.720072693579908,2021-11-20,29.815384615384616,28.28461538461539,24.03846153846154,21.799999999999997,test
2021-11-28,25.34618132791078,23.62250662481262,22.990554828087987,20.03222317623849,25.34618132791078,24.406519639295233,23.504331781547968,23.400657289865702,23.62250662481262,23.602186411567157,22.990554828087987,22.043294906837506,20.666436788509962,20.03222317623849,21.09415447976212,20.808248476372757,20.34236548918028,20.35085330662582,19.755615652895134,19.506749915518558,19.160800492034124,19.635866098848503,19.54079607482209,19.14919999515158,19.390610472751707,20.331225160355547,19.837472927677634,19.768364010520724,19.523474787253132,19.01291836459914,18.688443948983508,18.489229509496806,18.140166490939627,18.89501130651026,2021-11-27,29.815384615384616,28.28461538461539,23.146153846153847,19.684615384615384,test
2021-12-01,27.477815535886528,25.346945476686493,21.245870998434654,19.91999699907746,27.477815535886528,26.275371293786755,25.346945476686493,24.156321049988556,22.85415804909428,21.245870998434654,20.473003672548028,21.42877612119331,21.07518501933307,20.566147152971432,20.5471201460586,19.92914129319653,19.66765393248884,19.310410719530097,19.78475122900484,19.689218895123158,19.297328054472853,19.53855059743516,20.480941298782312,19.987636577147175,19.91999699907746,19.673682875680953,19.162217960695845,18.837164305666207,18.637580552881804,18.287590636001024,19.04209424656717,19.123794673263596,18.77811730541005,17.88546865371609,2021-11-30,25.684615384615384,23.16153846153846,21.430769230769233,18.684615384615384,test
2021-12-07,21.579075140832916,20.816351972988805,19.878878109645967,19.222716736751746,20.816351972988805,21.579075140832916,21.123105235443838,20.554102131377146,20.50036625543539,19.86315660387691,19.59216996063336,19.222716736751746,19.69993359339389,19.598683430075347,19.201210475380275,19.437588735183652,20.37583351274779,19.878878109645967,19.81115513347962,19.560899577655558,19.049675864464053,18.725482264074397,18.526915600285328,18.177959766279756,18.93349006649265,19.015026606284323,18.670662832712704,17.77784722583021,17.734645820945744,17.905566716442717,18.059245171801287,18.20061382358297,17.55762060973608,17.836073463762347,2021-12-06,25.684615384615384,23.16153846153846,19.376923076923077,17.89230769230769,test
2021-12-14,23.142146846390705,21.25121711414411,20.191390221957796,18.66405226241739,23.142146846390705,22.228424460812803,21.25121711414411,20.304209855536687,20.191390221957796,20.907874575141015,20.274833394970518,20.106033144810393,19.79332419716746,19.238312387854407,18.882931980768586,18.66405226241739,18.301823393326764,19.0469562683773,19.127083045197,18.781094010394245,17.8886896478528,17.84694240929503,18.018946870425328,18.173433542904224,18.316023126571814,17.67190477060398,17.949905185406838,18.062600907140613,17.893766811612654,17.395127106812296,16.484941371296944,16.891265865771015,17.144140109071603,16.782236303485135,2021-12-13,23.16153846153846,21.653846153846153,19.376923076923077,17.75384615384616,test
2021-12-21,18.757409386044234,18.47526295112738,17.953026851422667,17.68121544383289,16.53004095284622,17.421723114174693,17.64425463842728,17.778859764347345,17.87812336796089,17.721752238000384,18.586352511338944,18.757409386044234,18.47526295112738,17.62004635313716,17.604111230882545,17.790480797665005,17.953026851422667,18.1050527108911,17.461567761250972,17.737832236865856,17.850703910734723,17.68121544383289,17.18292159222143,16.273357390061623,16.678510732666577,16.932601503068273,16.572253736244004,17.082506645520287,16.77787908919806,17.529447235487186,17.82420375607243,18.474816890949338,17.959720896977526,16.968806198351356,2021-12-20,22.092307692307692,21.13076923076923,19.169230769230772,17.43846153846154,test
2021-12-28,18.80742348093158,18.53497144920031,18.296348400722618,17.741853225843705,18.79371429030867,18.46738693706774,17.591339876679804,17.55905694855895,17.741853225843705,17.902336746509757,18.05318815660155,17.40879530389765,17.68618686743881,17.797100714293094,17.6274824081974,17.126607586219958,16.2153191197539,16.619321827028948,16.872736994810307,16.511336298037513,17.021894000256566,16.71705286947911,17.469395957330136,17.764675263351428,18.41564041734057,17.900747703243535,16.910189526458172,17.320166981260822,18.80742348093158,18.53497144920031,18.383295065444454,18.296348400722618,18.290698089835548,17.95740447783803,2021-12-27,22.092307692307692,21.13076923076923,19.169230769230772,17.423076923076927,test
2022-01-01,18.826010640764004,18.567283077167396,18.401279307493862,17.782445760901552,18.774818199119682,18.567283077167396,18.483491997065755,17.683065512189597,17.866674958518075,17.92528458904806,17.720759162577394,17.192454295064493,16.263676893405464,16.656528950063155,16.905179563057562,16.538661382478814,17.04322470336077,16.73513017736044,17.48728590963885,17.782445760901552,18.43333475254788,17.91753826638218,16.92716234061315,17.338252221935015,18.826010640764004,18.553190433665126,18.401279307493862,18.314182974960325,18.308749142588663,17.97531692832386,17.491711261563786,17.515209290333186,18.199719694484184,17.30497759857924,2021-12-31,22.092307692307692,21.13076923076923,18.86923076923077,15.63846153846154,test
2022-01-07,19.746149664973032,18.870819555894826,18.467293564281288,17.863578018334426,19.746149664973032,18.49562827071851,17.11695494074032,17.21288044459241,17.27696966128004,16.785694228496965,17.23514498661312,16.873529046890017,17.59307024256834,17.863578018334426,18.502425711849995,17.977218076201122,16.98342536830939,17.383426704636705,18.870819555894826,18.597215624669477,18.446211711869307,18.35835296631277,18.353065373385736,18.01878413193235,17.537886725778225,17.560666371993474,18.244919572871712,17.34950037744953,17.17762717153875,17.25226763659527,17.861836147394722,17.866755919828822,18.467293564281288,18.94317966006097,2022-01-06,22.092307692307692,21.13076923076923,18.86923076923077,14.930769230769233,test
2022-01-14,19.42489980491212,19.057997520615874,18.84354192548222,18.473460180743984,17.96350554619471,18.342367209621635,18.393457973731564,18.868326665789283,18.2591908957681,17.218169622522563,17.570991846633248,19.029850112042674,18.735778903760625,18.572529758888976,18.48564674753718,18.473460180743984,18.132488944599597,17.653550601332267,17.67701546394669,18.362534935598937,17.467629735517097,17.292880967071188,17.368431034663715,17.97941516119859,17.9829673742523,18.582838727105074,19.057997520615874,18.550337373700422,19.121436822381185,18.609973173861142,19.42489980491212,18.94779069959961,18.84354192548222,18.495723506884335,2022-01-13,19.86923076923077,19.56923076923077,16.830769230769235,14.838461538461539,test
2022-01-21,19.58261700754558,19.170669807379298,18.86548057404599,18.294827442949043,15.578247103235444,16.430367917734998,17.00118479861918,17.379178217671168,17.67694630508779,17.527877226049164,17.16392389987645,17.278795890299133,18.022269033563965,17.16312031796928,17.01231874049683,17.098192666350364,17.717845145376927,17.729611541901303,18.328120837690097,18.80253009244625,18.294827442949043,18.86548057404599,18.35553565616442,19.170669807379298,18.692712897029327,18.590330398845104,18.243658527521152,18.86872629675467,18.83624702842452,18.867538174834234,18.323246294784106,18.87244333057918,19.32085730501525,19.58261700754558,2022-01-20,20.361538461538462,19.63846153846154,18.169230769230772,16.776923076923076,test
2022-01-28,20.188494706920768,19.892478807161634,19.139895049686388,18.652378824250704,14.676291989783191,16.29778796654023,15.987566108781014,16.17576043903872,16.506680828223296,17.261243520459068,17.369505436649593,18.035296436931258,18.55074339861069,18.07317582676141,18.667050959609593,18.161368832630405,18.986999135421538,18.511912587440733,18.409260263676384,18.063094707026657,18.687037350302077,18.652378824250704,18.686125707597785,18.1405627544009,18.690343225463852,19.139895049686388,19.402132824927797,18.75315663368567,19.332997296092845,19.033633654009986,19.892478807161634,19.700769137140597,20.176867559099325,20.188494706920768,2022-01-27,25.907692307692308,20.361538461538462,19.56923076923077,17.338461538461537,test
2022-02-01,20.239263027119033,20.15423739549288,19.804862448823243,18.666345544191937,16.376143721109177,17.169349020091627,17.3022488117172,17.97473049376093,18.497855017646724,18.041984659543086,18.635079226427194,18.132277302622303,18.959743974463308,18.485828264469703,18.38721140394882,18.042374512063653,18.661036390219902,18.628340930172364,18.662107486185107,18.11655707594862,18.666345544191937,19.114702952916435,19.376632989430135,18.729695493453686,19.308892093562005,19.009567110542292,19.8684369120617,19.676742957424942,20.153288873761625,20.16503583102992,19.804862448823243,19.856831818513605,20.239263027119033,20.15423739549288,2022-01-31,25.907692307692308,20.453846153846158,19.56923076923077,17.961538461538463,test
2022-02-07,24.94016207809442,22.269063351026745,20.13239364370895,19.346682778092585,17.817354999461916,17.59868898089714,18.620665021180518,18.26174444335689,18.21141627015302,17.915335309609688,18.57149077657683,18.560053625529026,18.60776759245646,18.06624127071898,18.62188539088442,19.0831050477316,19.346682778092585,18.6984588999827,19.277800700821743,18.978424792647928,19.839037731005043,19.6472552904624,20.120415434030996,20.13239364370895,19.773220002970536,19.825474708889033,20.208140179892943,20.1226163293639,20.603713622860525,19.981659404640695,20.767985837645828,22.269063351026745,22.82794191396541,24.94016207809442,2022-02-06,25.907692307692308,21.88461538461538,19.823076923076925,18.169230769230772,test
2022-02-14,24.94520040160779,22.27529408001102,21.164442541758525,20.13824698367087,19.699939959809875,19.349106164268285,18.533027424261366,18.904969804892506,19.265837799407315,19.47285697100044,18.78838188775259,19.33816935642442,19.01412052271854,19.866458936261136,19.67255617154319,20.13824698367087,20.142755279027984,19.77888839483514,19.830499926374923,20.214881424890404,20.127732220568085,20.606642420548066,19.985424841058453,20.773272186732008,22.27529408001102,22.83391800275516,24.94520040160779,22.076928014557055,21.19519981446579,21.641936215158417,21.146334250931723,20.245549263814596,21.164442541758525,20.61615156969431,2022-02-13,25.907692307692308,21.88461538461538,18.846153846153847,17.892307692307693,test
2022-02-21,24.881091345766514,22.769509746098453,21.525537201554126,20.54295779227459,19.071049163416227,18.819018910381654,19.72104087682649,19.55548463118089,20.03977506526795,20.048410952628128,19.701582898813154,19.762605337817277,20.149552373962322,20.062665519226357,20.54295779227459,19.922429431195447,20.713535859517147,22.212381262812073,22.769509746098453,24.881091345766514,22.013510614223037,21.13178035146917,21.578585449672133,21.08199893265411,20.182502551412245,21.102024186050652,20.553676983536256,19.293906531934887,19.153776233825397,20.15141071318189,20.59330699796897,20.805824138965324,21.525537201554126,23.132709569442962,2022-02-20,25.907692307692308,21.88461538461538,18.846153846153847,16.653846153846157,test
2022-02-28,24.810129726927563,23.28736411362297,22.099526241553612,21.062084468848713,18.741193398808523,19.49082642513641,19.654983701860836,20.254271079540942,19.695516414301533,20.554854421693324,22.099526241553612,22.6849980782528,24.810129726927563,21.943966424591046,21.078117207347788,21.540188587166828,21.04281528403868,20.141970000283163,21.06095064477467,20.51390744001479,19.257602275529035,19.114219013662705,20.10790456056564,20.551119931601004,20.764787104054236,21.485117047663906,23.09208134995611,23.35202724396273,23.28736411362297,22.07417668523176,22.87395356624712,21.062084468848713,21.06617546176972,21.312263173970315,2022-02-27,25.63076923076923,21.88461538461538,18.56923076923077,16.284615384615382,test
2022-03-01,24.770527231022257,23.272927962987698,22.059790542569356,21.05204766718128,18.944427903995344,19.301445917120084,20.023698053127507,19.54334364743657,20.45266834028914,22.029210829172023,22.631020824743302,24.770527231022257,21.913529032105984,21.053523330490375,21.51932043748617,21.02432259527575,20.124991865405676,21.046390453658354,20.499445432874825,19.243202868839266,19.09985951996597,20.093570514721254,20.536802110878806,20.75047962819676,21.47028650338877,23.077443748549346,23.337512659680257,23.272927962987698,22.059790542569356,22.859599307826233,21.04775053928338,21.05204766718128,21.298074808896608,21.21584979044718,2022-02-28,25.63076923076923,21.88461538461538,18.846153846153847,16.284615384615382,test
2022-03-07,24.69298579129964,23.299278037381452,22.784765603840526,21.464856754079168,22.529130154877244,24.69298579129964,21.868740551382878,21.00634788056066,21.464856754079168,20.977201344496525,20.092504530442998,21.01593252957465,20.47133128585011,19.210299746699338,19.07238971462527,20.071667941536152,20.514076501812436,20.72359949050706,21.443420227194004,23.050203416513003,23.312325426515848,23.24595457421236,22.030911331673327,22.83109970984561,21.020816790152587,21.025141157491102,21.271325311657158,21.188364636411052,22.784765603840526,22.57154794814581,21.822650903318856,22.09960792805053,21.995442701164652,23.299278037381452,2022-03-06,32.04615384615384,27.800000000000004,22.90769230769231,16.346153846153847,test
2022-03-14,25.01326935359477,23.834222478628917,22.863466778162177,21.760594285141554,16.197542557181045,17.262814027019314,17.035374747012224,17.56102081282207,18.96113536005783,19.674483942893904,20.05578625441124,20.903032280098863,22.589968472132025,22.900581716359714,22.863466778162177,21.675186253109555,22.48683121265412,20.684205663396813,20.68688332318624,20.93241554142742,20.849992178573267,22.4473416123938,22.23177101888168,21.48341866278442,21.760594285141554,21.65894959209124,22.964246832144443,23.834222478628917,25.01326935359477,24.329496672147354,22.42747299777451,22.025569625290586,23.013756167558522,22.205487538010463,2022-03-13,32.04615384615384,30.461538461538456,25.63076923076923,19.415384615384614,test
2022-03-21,25.05059336628622,24.372423753330516,23.603236753736184,21.936113823981,15.556890827673616,19.072564023787294,20.562143894055676,21.274902986338095,20.558278619299543,21.664608837306357,20.038355496068004,20.184892760329948,20.519256069493746,20.48873062054239,22.11983132607648,21.928132680215732,21.197201613869797,21.489684079757897,21.38634409655652,22.691614959075054,23.563302254144055,24.74319899662353,24.05911012205174,22.156082144899344,21.752006912258544,22.74298634435244,21.936113823981,22.70349596577957,23.290003456068867,24.307354143468093,23.953444526788292,23.603236753736184,24.372423753330516,25.05059336628622,2022-03-20,34.80769230769231,32.04615384615384,27.800000000000004,22.37692307692308,test
2022-03-28,25.42623045395408,24.525105068603047,24.293107144377032,23.33831349909077,18.762266783856703,19.521249286066308,19.745226636465446,21.557518008739972,21.488366182061718,20.835900949226332,21.183843800628104,21.115059860212458,22.444987330899316,23.33831349909077,24.525105068603047,23.842850972627637,21.940871719414474,21.53548407213968,22.52592016349637,21.71774412621992,22.482136729966587,23.06925527774666,24.087929676726812,23.73490820260779,23.385989207304593,24.15589089212989,24.8348652370829,24.1365753602072,24.32984645863512,25.42623045395408,24.293107144377032,23.949939122055042,24.424541465277546,24.45055672137214,2022-03-27,34.80769230769231,32.04615384615384,27.800000000000004,24.100000000000005,test
2022-04-01,25.58396063806801,25.057756699184633,24.522982422362915,23.95534419862273,22.375839686470474,21.428364217540114,21.5882135095032,21.402567996907774,22.681628593707167,23.50588420369479,24.659586702989458,23.95534419862273,22.0393455064387,21.62501930092176,22.608638951716692,21.78749436484133,22.556980927158808,23.14335403431159,24.161878245759617,23.808761014598826,23.45978096621806,24.230051238956214,24.912405299346894,24.211396843464392,24.40439100334834,25.500479862797693,24.36716837955939,24.02388038087927,24.498257604771567,24.522982422362915,25.58396063806801,25.057756699184633,24.995222868865547,23.586895921559066,2022-03-31,34.80769230769231,32.23846153846154,29.069230769230778,24.184615384615384,test
2022-04-07,29.338052430641827,27.082516509414297,25.800703990776352,24.70008588555321,29.338052430641827,27.082516509414297,24.145215692114608,23.06512097459187,23.64218257386667,22.586839458712628,23.178592828956674,23.646514191663634,24.575682399003455,24.17734552933931,23.8048602288368,24.55360662140315,25.213113825926154,24.507900787191932,24.70008588555321,25.800703990776352,24.66599412066007,24.319872080016815,24.7948265930447,24.823246942985413,25.8828021775934,25.355008339251103,25.28962082267237,23.881037616313247,24.444334733817378,25.841559444819815,25.848845921603136,27.45280698990504,25.287575597642604,25.39199510174986,2022-04-06,35.338461538461544,33.13076923076923,25.976923076923075,23.691666666666666,test
2022-04-14,27.33395148176408,26.194394475067337,25.616517261887985,24.70156917633819,21.351021434726512,23.088587954307652,23.166236109339035,23.14222109158168,24.070805390588685,24.853095668373292,24.23019808809874,24.48825526402537,25.616517261887985,24.513815410392173,24.171692765089773,24.664639354009363,24.70156917633819,25.765079748552306,25.23492462242893,25.17326700886929,23.761816401902173,24.329269607676345,25.723512276576102,25.729977713513655,27.33395148176408,25.170509116875433,25.27415986617612,26.194394475067337,24.535883803302138,25.081897223614984,26.425053153560405,24.0509325194345,23.93462715812725,24.995705501344418,2022-04-13,35.338461538461544,33.13076923076923,26.83076923076923,23.784615384615385,test
2022-04-21,28.322893129800864,27.592329715973587,26.457229286703782,25.15667756237564,22.12426858200346,24.120303023218955,23.576491834998322,23.632044174044463,24.353498173869223,24.467246267598313,25.62102928548301,25.15667756237564,25.13639026419647,23.749269352534185,24.31715922928759,25.720813906066443,25.75839937128938,27.367154274383044,25.20375244258539,25.307642326975834,26.228776082266485,24.576336884126817,25.122890263620388,26.457229286703782,24.08297984101807,23.96768933929095,25.02933695027597,24.8906132745251,25.87682175085786,26.92962512543587,27.88813577935931,28.322893129800864,27.592329715973587,26.492887707998083,2022-04-20,35.338461538461544,32.23846153846154,27.369230769230764,24.523076923076925,test
2022-04-28,29.078845363650387,27.86644006973827,26.574853222990857,25.854725482164667,23.9684220580434,24.37654887164068,23.257334584941646,23.997683807382007,25.515010749552214,25.619422954395137,27.25856125691147,25.12980115969888,25.25024931226894,26.1838525132807,24.538763095593122,25.088647641925192,26.42717072675999,24.060047254279656,23.943731112448862,25.006741169798087,24.86818877898712,25.854725482164667,26.908232284545942,27.86644006973827,28.299378336110955,27.569686187999647,26.470064292060375,25.743889377638745,26.567959145030574,26.259366513030162,26.11225097534408,26.427015029995605,26.574853222990857,29.078845363650387,2022-04-27,35.338461538461544,33.93076923076922,28.984615384615385,25.576923076923077,test
2022-05-01,29.785732607838852,29.24938414633474,28.0704809698335,26.742771384567998,29.785732607838852,29.267206681560832,28.07359337519196,28.885132466650923,26.222253823586485,26.034740878968535,26.773959147314695,24.977128675185654,25.430265680074157,26.707104161425555,24.300651624349577,24.16161421557252,25.198253913517902,25.04217125088217,26.02767151640207,27.080517503583355,28.038303964130336,28.470973601002996,27.740251549618733,26.644307091445725,25.92073833703607,26.742771384567998,26.432880174277223,26.2849366849374,26.599172851554748,26.74698762257324,29.24938414633474,27.039492301399154,27.821300617739436,28.0704809698335,2022-04-30,35.338461538461544,33.93076923076922,29.115384615384617,25.59230769230769,test
2022-05-07,29.090908970546977,28.306100736224426,27.666029577767468,26.552373179701252,24.194169158970002,23.239568214405296,24.27202965980736,25.957350239323784,23.71606845673501,23.727894336957924,24.86134130949153,24.770745109597094,25.811265779020932,26.883752566877934,27.839796201579755,28.306100736224426,27.58021003697703,26.487120073104894,25.763998611198257,26.581478118209564,26.274314503089983,26.1333128375386,26.43930275685184,26.587919034041317,29.090908970546977,26.88189610710859,27.666029577767468,27.91463878137717,26.462023299859162,26.552373179701252,27.150692595768216,27.38170988811149,28.252125969180675,28.537803234189315,2022-05-06,34.676923076923075,30.61538461538461,28.984615384615385,26.83076923076923,test
2022-05-14,29.128319667638078,28.575002341169217,28.29016326512623,27.435896868550323,26.030536447140697,26.635860043551666,27.435896868550323,28.1886289495742,28.550199295519054,27.745399209871092,26.615814246217614,25.862751353851053,26.654847546704676,26.329667523809608,26.18797505254286,26.4844455029806,26.631417215232535,29.128319667638078,26.917859173717968,27.703364836804134,27.953517233657173,26.497948204712394,26.58972616003709,27.187342293402036,27.419748933759244,28.29016326512623,28.575002341169217,28.29922066793553,27.521887372759405,28.41846297737818,28.188469511044467,28.840941957818607,27.469691865401174,27.365087475953224,2022-05-13,34.676923076923075,31.661538461538463,29.26153846153846,28.16923076923077,test
2022-05-21,29.25320386390939,28.866700536429306,28.440528087508753,27.761826477071757,27.271798698278587,27.557086580091237,26.8826842405827,26.54486725061341,26.713411990149282,26.787777066928378,29.25320386390939,26.992823665704215,27.761826477071757,28.010972162185226,26.545084154839625,26.631333274455802,27.222157740430156,27.44483018335421,28.319925233278425,28.602159440082456,28.32124664997754,27.544171179042735,28.440528087508753,28.211586535687616,28.866700536429306,27.493164031148254,27.3891403048069,27.478323879781172,27.896679054434536,27.88519786028111,28.73944441114885,28.094464015195626,28.601174320637664,29.166959746061732,2022-05-20,34.676923076923075,31.215384615384615,29.23076923076923,28.376923076923074,test
2022-05-28,29.91368957917274,29.475716911318962,29.176012921701446,28.30748766756846,26.85942579318868,27.64733219265619,27.935172833863547,26.50332860125296,26.60877920546588,27.2175968935111,27.44028768856299,28.30748766756846,28.609230033002643,28.33103859438618,27.552279961652424,28.448477039824617,28.217336254615823,28.875225381538254,27.506341926330723,27.396334229250293,27.48524630790917,27.90467504987045,27.893545245558137,28.748780752622224,28.102907389271238,28.607996649026646,29.176012921701446,29.475716911318962,29.422129178781777,29.91368957917274,29.11287659185728,29.418230499618613,29.56162857014942,29.416349560573895,2022-05-27,31.661538461538463,31.207692307692305,29.26153846153846,28.576923076923077,test
2022-06-01,29.97801649547916,29.78978145983569,29.486899470383406,28.812541226128587,27.89496206383195,28.060593192783422,28.00071569970143,28.69902298063171,28.881588443194005,28.528737031015808,27.70704112280572,28.570205560538415,28.318003719956874,28.96246467257921,27.58091005979314,27.467015332455855,27.55296578799991,27.968804999808803,27.957449572492823,28.812541226128587,28.166576144253774,28.67310572937778,29.240511507637702,29.540002527078794,29.486899470383406,29.97801649547916,29.176920819540598,29.48209448979548,29.624831015745478,29.479687792543867,29.78978145983569,29.767090505023166,29.943210176373736,29.46917884660616,2022-05-31,31.661538461538463,31.207692307692305,29.484615384615385,28.815384615384612,test
2022-06-07,29.92851326525117,29.894896259737823,29.576039891543104,29.407228146854674,27.16115125069868,28.19738896082039,28.058200237923437,28.78072632453034,27.44790539328803,27.3623782818711,27.46736099765392,27.89664163622446,27.896505966657955,28.757779375123967,28.113563817139006,28.621587924237964,29.190932817503032,29.49131533424973,29.438304086596528,29.92851326525117,29.127193177030698,29.4330231579778,29.576039891543104,29.43071563528213,29.740819648997398,29.718309109570356,29.894896259737823,29.421033727889846,29.429003542278206,29.507417330951196,29.669540743859887,29.896545246817755,29.407228146854674,29.36935109682328,2022-06-06,31.661538461538463,31.207692307692305,29.907692307692304,29.438461538461542,test
2022-06-14,30.636556448706056,30.307530775961347,29.96303136817103,29.55413156176088,27.915085206603763,27.932139476758152,28.81134523391914,28.17809339376539,28.699242516513383,29.260633754596427,29.55413156176088,29.501388795805543,29.992931194469733,29.18991826762817,29.494840207536186,29.63504059257148,29.49387345112166,29.807289406172824,29.785191666391928,29.96161820319559,29.488580678947656,29.49701403522391,29.576539370714404,29.737200453808807,29.96303136817103,29.47358559070194,29.435781064749886,29.481362595161944,29.706683082398023,30.010563503229896,30.30740198612892,30.492864064981063,30.636556448706056,30.307530775961347,2022-06-13,31.207692307692305,30.5,29.999999999999996,29.584615384615383,test
2022-06-21,30.61314746183658,30.523981858077526,30.326783534914554,29.712460192063826,28.428943631125172,29.301129939541347,28.740445755893727,29.205595782622765,29.441225057836117,29.35644917114874,29.706273827519052,29.712460192063826,29.906934244320638,29.445536049293874,29.459303080959685,29.5446835160199,29.710701617977477,29.939782285179778,29.450559224202717,29.412891575548294,29.458512039006788,29.68461863152359,29.9881051025426,30.28410015543312,30.46908494353136,30.61314746183658,30.284359649071554,30.23050675525355,30.22574719778965,30.489212548801405,30.326783534914554,30.45873378417471,30.523981858077526,30.54029266370263,2022-06-20,32.37692307692308,31.207692307692305,30.469230769230766,29.9,test
2022-06-28,31.475101200811807,31.09911025587369,30.618004841245796,30.292606716060106,29.897855658598584,30.026217833716306,29.53213292771357,29.522858496285547,29.57886810764153,29.734469598407724,29.96019048615649,29.467600807235076,29.426707864078047,29.466819917175417,29.69021715381143,29.997330114205187,30.292606716060106,30.475936572668143,30.61939051392566,30.290608129886074,30.23801768134528,30.233770280225027,30.49560954368307,30.33324906738289,30.465679521205626,30.531070893615063,30.547329569946946,30.52500445261057,30.673462497663756,30.618004841245796,31.030707469109448,31.475101200811807,31.130857942855325,31.09911025587369,2022-06-27,32.37692307692308,31.799999999999997,31.038461538461533,30.06923076923077,test
2022-07-01,31.468173386784184,31.092319214793452,30.803360593426415,30.468626955310455,29.48515772386397,29.552330828787138,29.715049975091723,29.9453089601716,29.453674224402512,29.413807435323903,29.457593822288363,29.68182312312282,29.989466593640014,30.28508143981742,30.468626955310455,30.612925376309928,30.28452922556374,30.23108358213706,30.226841864268927,30.488684751272828,30.32632658528448,30.45875851212314,30.523892981512425,30.54004336698281,30.51805091497203,30.666520128272882,30.611069592541597,31.023776760435183,31.468173386784184,31.124026011951198,31.092319214793452,30.813770703070475,30.803360593426415,30.846554944115756,2022-06-30,32.37692307692308,32.06153846153846,31.430769230769222,30.5,test
2022-07-07,31.594826331409397,31.44683178097619,31.111918197609775,30.662880664217244,29.701011256411384,29.844990230690563,30.099558523375105,30.362474825562906,30.52756920663919,30.662880664217244,30.320629051962094,30.261129572653267,30.25267363487565,30.512525808134445,30.34848215495301,30.478965268439772,30.54184434672006,30.559520190484857,30.537486388929583,30.68605849014174,30.630419642425412,31.043158553123046,31.487894238278603,31.144332441682078,31.111918197609775,30.83328842924986,30.822779372400234,30.866003240032963,30.942882692206254,31.144099443601384,31.594826331409397,31.44683178097619,31.119700253205654,31.05507228359752,2022-07-06,32.37692307692308,32.06153846153846,31.546153846153842,31.038461538461533,test
2022-07-14,31.585830504105786,31.43852822509014,31.1242917049514,30.934256887365894,30.354568109576146,30.308695287703458,30.544731806943886,30.364276654332393,30.482707686551883,30.539499194203792,30.558567162901863,30.53319986306734,30.68046563565378,30.623979043350726,31.036624959538358,31.481880652563667,31.138068096531445,31.103570691421208,30.825152208435533,30.814479146742755,30.857603864116456,30.934256887365894,31.135117995312186,31.585830504105786,31.43852822509014,31.11127661691395,31.046681030987497,31.1242917049514,31.128357359001228,31.011085677642466,30.857009022856555,30.773616997326645,30.986988996208,31.000079808443616,2022-07-13,32.37692307692308,32.06153846153846,31.546153846153842,31.138461538461534,test
2022-07-21,31.63860811592574,31.459875072731332,31.2526548389383,31.132123629238595,31.359070843649977,31.21482554080353,30.967615833342503,31.264647759307348,31.63860811592574,31.2526548389383,31.18473867266622,30.885465859897327,30.860449316986806,30.896201566171857,30.965970198434864,31.161559994660887,31.607702231940678,31.459875072731332,31.132123629238595,31.067591248504637,31.144595702378233,31.149071304450874,31.032382651092085,30.879118794799542,30.79537368695578,31.008580809443274,31.02142721963511,30.863887339789365,30.95498027126378,31.069568223050336,31.244459838514203,31.377515708501996,31.111380576669404,31.143978215955187,2022-07-20,32.36923076923076,31.799999999999997,31.515384615384615,31.123076923076926,test
2022-07-28,31.62806512940431,31.472867734349773,31.349886369451795,31.1420036106393,31.039803867803723,30.960443027635044,30.96029786912819,31.007855419509433,31.188264430176503,31.62806512940431,31.472867734349773,31.1420036106393,31.073985007649938,31.149222008035764,31.15232398510481,31.035131307045763,30.880328883534236,30.796816192238573,31.009592902973633,31.022712548803486,30.86518082593819,30.956368941681816,31.070881991237492,31.24616977842118,31.379035708980478,31.1129904947645,31.145445727491598,31.367114737706828,31.215823742809572,31.349886369451795,31.387901602229334,31.50572882837981,31.159062482265554,31.057060009866266,2022-07-27,32.57692307692308,32.06153846153846,31.515384615384615,31.13076923076923,test
2022-08-01,31.602842680137,31.46242942896376,31.365472430987378,31.139854191864764,31.139854191864764,31.602842680137,31.46242942896376,31.145784287449768,31.085591250590713,31.160078111656837,31.16319899619284,31.047734605877125,30.894034109531518,30.811223988443672,31.02270064326778,31.035443714683662,30.879765177869476,30.971953526135586,31.08647838042339,31.26177369410553,31.39464442343351,31.129239782409453,31.161938468569574,31.38299925979554,31.231386606681323,31.365472430987378,31.403502454204798,31.52133911049071,31.174446269492112,31.07235955219297,31.091342927188993,30.93490980103346,31.031877595716466,30.750605143053026,2022-07-31,33.40769230769231,32.57692307692308,31.530769230769234,31.13076923076923,test
2022-08-07,31.531041834175088,31.40705611562933,31.276695385746656,31.082266712042987,31.403032457255556,31.203948475151947,30.99502523268062,30.880761578265613,31.073289832819924,31.071192729378936,30.90659065137265,30.992560398632975,31.103188560926636,31.276695385746656,31.40705611562933,31.139647829562737,31.172075257184265,31.392766773690113,31.241111645635385,31.37514552152265,31.41288859398536,31.531041834175088,31.184497933413052,31.082266712042987,31.10122955524925,30.944712960923443,31.04163660698313,30.76042857991274,30.65392030346225,30.738956226508407,30.484140004782503,30.563839852582113,30.549780866643008,30.648586130484347,2022-08-06,33.40769230769231,32.57692307692308,31.292307692307688,31.099999999999998,test
2022-08-14,31.53148165159104,31.413769417727448,31.244474012526226,31.041517117303574,31.050905122510333,31.13960282457138,31.301927692256285,31.42358876222087,31.14979617884546,31.177839796059885,31.397283865979645,31.244474012526226,31.377616232402602,31.413769417727448,31.53148165159104,31.18496203180189,31.082860551446895,31.10134169167291,30.9446490389851,31.041517117303574,30.760646169191972,30.654143947049526,30.739072326296995,30.484145864771858,30.56398127631273,30.549960922000675,30.648770143474163,30.405338404920336,30.47462447692325,30.3803394052088,30.237472072097187,30.43058890523055,30.465670572840033,30.923196064602926,2022-08-13,33.40769230769231,32.57692307692308,31.63076923076923,31.04615384615385,test
2022-08-21,31.45580256630444,31.224071586743346,31.016949634966895,30.54574233625118,31.01370098499724,31.224071586743346,31.30759281385126,31.45580256630444,31.12748284720189,31.041828417599056,31.06735262549108,30.91652262451117,31.016949634966895,30.739030346841478,30.634301934241662,30.720815256552704,30.46513300235026,30.54574233625118,30.53171499986426,30.6305850512172,30.386943166075536,30.45613468426041,30.361623751354394,30.21925660904595,30.412234351872986,30.447409846576488,30.904971352107097,30.225861673428696,29.928599459604406,29.71773450298628,30.155174912747963,30.087567940596106,30.360325623181467,30.4511320486766,2022-08-20,33.40769230769231,32.57692307692308,31.63076923076923,30.892307692307693,test
2022-08-28,31.012964668813403,30.908843196281587,30.636302805912095,30.395724575928426,30.908843196281587,31.012964668813403,30.736843728969784,30.636302805912095,30.732643192166687,30.472456169336127,30.552504826014978,30.53792670525242,30.638241871642723,30.395724575928426,30.46452407026713,30.367152892597332,30.22689015344448,30.420366606433355,30.455930570917687,30.913084635371142,30.233641067045276,29.93657044958076,29.72677965217322,30.163472330933097,30.09569607632543,30.368320115023007,30.459280261084437,30.061443637718863,29.60073341292528,29.787212108834634,29.750089809583358,29.137110446486226,29.042791700190318,29.36645563997663,2022-08-27,33.40769230769231,32.246153846153845,31.276923076923083,30.661538461538466,test
2022-09-01,31.538309232487027,30.97041118583243,30.57480599590979,30.28917185237338,31.538309232487027,31.00570720137349,30.912068635430114,30.798472332294303,30.824229030386828,30.53575259992793,30.57480599590979,30.457130531401205,30.30392212082378,30.489144631678972,30.515170943360985,30.97041118583243,30.28917185237338,29.991117971261687,29.781188489385606,30.217792745263374,30.149960113714855,30.42410736989862,30.51451886649242,30.116542340106225,29.65568394706341,29.841890111953404,29.804594051512794,29.191503901206968,29.09654587718795,29.420356520002883,29.398144290687892,29.49771284167177,29.509969230657276,29.41915794914705,2022-08-31,32.246153846153845,31.292307692307695,30.930769230769236,30.492307692307694,test
2022-09-07,30.98319900495191,30.546936056647667,30.424243151101578,29.996722704249347,30.71830339638159,30.546936056647667,30.361150986233653,30.524907437508794,30.537074420469935,30.98319900495191,30.29868708715993,29.996722704249347,29.78474713664074,30.219442746401008,30.1506469336105,30.424243151101578,30.514405135574943,30.115343378586306,29.654458275624155,29.840484318244748,29.803293734654375,29.19017829339908,29.095181142256855,29.418929703217994,29.39701566593431,29.496531728837716,29.508814133712843,29.417939086738222,29.04126830280216,30.098746092083086,30.131313156736848,28.88565559194998,28.379637294624658,27.917166991041395,2022-09-06,32.246153846153845,31.615384615384617,30.892307692307693,30.17692307692308,test
2022-09-14,30.53680718909368,30.289334924587358,30.12431944991764,29.435801301019055,30.12431944991764,29.87565796280256,30.289334924587358,30.196610586769253,30.45834969932541,30.53680718909368,30.1385842261416,29.67504318730077,29.857402850128842,29.817009671066625,29.20569174963822,29.110600902021915,29.435801301019055,29.411785336470253,29.51112493858405,29.524014407175997,29.433841878004614,29.056218726332258,30.113541456235133,30.145458370739238,28.90049047430989,28.394487487932675,27.93176451141746,27.73040301981992,28.29185740919224,28.378104570189375,28.875341693402785,28.40024597420927,28.146075325673188,28.108476723894626,2022-09-13,31.715384615384615,31.21538461538461,30.215384615384615,29.684615384615388,test
2022-09-21,30.122986204385004,29.65790985573492,29.463416379790655,28.914596654153208,29.31742069477485,29.622166014490293,29.65790985573492,29.096294897068763,29.02890206391182,29.371589519035634,29.363879012972294,29.472602708945455,29.49070832727588,29.404552292582437,29.02906718931751,30.08920893562101,30.122986204385004,28.877323993180074,28.37124740665817,27.908757232800298,27.70729224348415,28.268834844019505,28.354607290662358,28.85151876842847,28.376901239815357,28.12290086929815,28.085308814087583,28.520534266607026,28.731229885792533,27.676835893738506,28.066954906215553,29.463416379790655,28.914596654153208,27.771305682336376,2022-09-20,31.715384615384615,31.369230769230764,30.323076923076925,29.138461538461538,test
2022-09-28,30.237336219819937,30.09852749449353,29.232548267368735,28.39995419251949,30.09852749449353,29.90484444302999,29.68459133738457,29.232548267368735,30.237336219819937,30.236669864359722,28.964564957808346,28.44323466729717,27.970763449982122,27.76259341314433,28.316600458875165,28.39995419251949,28.895013892779613,28.42085033830723,28.16655379483998,28.128866102154497,28.564155054073566,28.776080306076075,27.721600171928852,28.11177719285443,29.507679483939825,28.958716813966127,27.815300713248167,27.383057977451582,28.247782408277633,28.37906632945864,27.75798826379048,26.946838612354686,26.949767020920685,26.5785135605915,2022-09-27,31.715384615384615,31.369230769230764,29.907692307692304,27.815384615384612,test
2022-10-01,31.079729636249667,30.537638027867303,28.948203754381854,28.27709224449877,30.537638027867303,31.079729636249667,30.784055882242246,29.32385922542486,28.678101222656426,28.13368533552512,27.886277566156387,28.40579782149911,28.467163358247014,28.948203754381854,28.465101727642597,28.206748663731087,28.16378000106147,28.593282784220566,28.804972480931983,27.750342160697212,28.140423425502053,29.536264664097114,28.98666403278971,27.843823925709433,27.41283070706137,28.27709224449877,28.408081032648926,27.78681479512945,26.975545168489518,26.97861555686225,26.607094203097116,26.43848022369288,25.447885511685474,25.249034103755235,2022-09-30,31.615384615384617,30.215384615384615,29.407692307692308,27.815384615384612,test
2022-10-07,29.55371538331018,29.00271400580455,28.629888416751218,27.858559926974763,28.365392666491505,28.721568380911595,28.666454648818466,29.079487111427245,28.55832493525098,28.272358015725562,28.212937236194858,28.629888416751218,28.831731593751368,27.775321459817995,28.161985852122932,29.55371538331018,29.00271400580455,27.858559926974763,27.427480977054767,28.292360316062855,28.42210248100825,27.800873719047626,26.99033303094374,26.993422937302025,26.622067526729342,26.453285075461057,25.46233769508066,25.263859746400726,25.26827367468469,25.63763900096944,25.449535512493284,25.182267259941746,25.268764931691155,25.13227348675223,2022-10-06,31.369230769230764,29.407692307692308,28.384615384615383,27.338461538461537,test
2022-10-14,29.399202123601633,28.37810925162403,27.941808499964587,26.400453972515873,27.94940846949721,28.37810925162403,27.463284037504124,27.941808499964587,29.399202123601633,28.883299725037052,27.760243375513483,27.34821583881436,28.223389508540592,28.3608095977441,27.743897025161104,26.933520411361826,26.939183043511925,26.569935075639474,26.400453972515873,25.40973677896715,25.210999149269114,25.215458722120115,25.585796966544734,25.397413648915744,25.129796620256744,25.216816772798676,25.080412042004784,24.514412588134977,24.360596161948223,24.600439988182046,24.714336514630695,25.23222397359962,24.654670448482666,24.262140671188902,2022-10-13,31.369230769230764,29.407692307692308,28.384615384615383,27.17692307692308,test
2022-10-21,28.260266058726906,27.66418197456805,26.537556950994205,25.18633378661096,27.071037096439916,28.04045175611964,28.260266058726906,27.66418197456805,26.867849314899416,26.89241168218247,26.537556950994205,26.376426568393445,25.390288007795398,25.18633378661096,25.19903035069799,25.57434170174252,25.385501915994624,25.11673930558779,25.20333036482175,25.06692399562808,24.503890720760186,24.347748341428215,24.586210809212762,24.700549493318388,25.2190305255392,24.64174556193767,24.249287834234174,24.317674181366428,24.18020599442819,24.17741507747237,23.163546648600107,23.180382778401036,23.178905434394007,23.806798348849963,2022-10-20,30.05384615384616,29.13076923076923,27.384615384615383,26.353846153846156,test
2022-10-28,26.924747169236735,25.70034722816082,25.252966176366705,24.379538261661235,26.924747169236735,25.74306237207573,25.424524348702274,25.357075268790386,25.70034722816082,25.466410772197563,25.180330206801553,25.252966176366705,25.109513552194485,24.538306621107093,24.379538261661235,24.609375037708315,24.727211110528827,25.243751591804482,24.66629193019153,24.273047639959632,24.34227501459482,24.204400130201574,24.203885156764503,23.188186543710355,23.205376774071972,23.20373767101427,23.831773694589224,23.171514339340526,22.156258042570343,21.638857540516156,21.713918487618507,21.194915306628175,22.019197157938443,22.613204763722134,2022-10-27,29.407692307692308,28.861538461538462,26.484615384615385,25.300000000000004,test
2022-11-01,26.37191091647556,25.4962835328564,24.818081768890483,24.276671615202,26.37191091647556,25.92081885565471,25.4962835328564,25.489728386243065,25.298097330349645,24.691200160569455,24.496914121934047,24.710565337143382,24.818081768890483,25.32804262076981,24.743074399101133,24.344199389663448,24.411650224841292,24.2772971409535,24.276671615202,23.260902515853545,23.278047805340687,23.27758851398317,23.906684357314195,23.246439319785978,22.22949461335918,21.711876863221914,21.786799296604308,21.267707801598288,22.091492606393068,22.685071122020517,23.04633942824637,23.02690698773771,22.64519742573139,22.09288753621567,2022-10-31,28.45384615384615,27.26923076923077,26.13076923076923,24.615384615384617,test
2022-11-07,26.9162341455189,25.996757325900443,24.644125562979337,23.10497459572101,26.9162341455189,26.26891636506417,25.830882620248158,25.996757325900443,25.18878579312116,24.652738186779466,24.644125562979337,24.445935112973803,24.40624440068437,23.364331937041047,23.363441922321435,23.352803792655735,23.973582380438987,23.30387835910367,22.286497624006497,21.768005042612202,21.84282050104697,21.324159262227575,22.14773691306196,22.74184982116414,23.10497459572101,23.084685308448933,22.702647103860954,22.149963265243365,22.27796691267701,22.652783428538704,22.723021530898468,22.15165667130061,21.253464097995575,19.907286260665913,2022-11-06,27.753846153846155,26.484615384615385,24.792307692307695,23.353846153846156,test
2022-11-14,26.10351739857895,24.142008864137253,23.412313169315592,22.259363621712886,26.10351739857895,25.447570813225887,24.015097503516195,23.770620379400874,23.61213682024068,24.142008864137253,23.412313169315592,22.35306105341666,21.8076457001457,21.864437300001438,21.332304740978852,22.144571983328504,22.730249157415045,23.08873624529342,23.06681091611961,22.683812126899213,22.130828885179277,22.259363621712886,22.63551124338059,22.70704458985345,22.136235380870158,21.23791534730227,19.891626144643343,19.278986810174967,20.351186066704805,20.069548909151457,19.60876718902734,19.62697813448196,19.029583471492696,18.779573808619116,2022-11-13,27.753846153846155,26.230769230769234,23.93846153846154,22.707692307692305,test
2022-11-21,24.161485736326302,23.182533390867853,22.74325161466376,21.269772584996485,24.161485736326302,22.962601833028856,22.607352019562093,21.81826440929836,22.470947360860805,22.959650280878595,23.25251000087543,23.182533390867853,22.772358844508876,22.20037144969316,22.314690329129625,22.6802256302085,22.74325161466376,22.168403501169717,21.269772584996485,19.92202293393693,19.309064187193282,20.38182536454386,20.10111124194421,19.641553038558882,19.660038864945687,19.061993665703078,18.812029581162545,18.46439668676586,18.939381633443688,18.844884953067254,18.452555000067907,18.691321921063317,19.633599925138274,19.14065592658977,2022-11-20,27.753846153846155,24.346153846153847,23.43076923076923,22.558333333333334,test
2022-11-28,22.464782700008524,21.967802085548033,21.12224677924538,19.226081765672976,20.969992206726065,21.344008860474045,21.28154414965298,21.71555965102633,22.270041299212597,22.464782700008524,21.967802085548033,21.12224677924538,19.81603462293245,19.226081765672976,20.31539536976063,20.05066416922032,19.597194734316254,19.621791774537567,19.0263925374023,18.775308164842404,18.428229351050263,18.902880362692187,18.806190625840802,18.413958337038945,18.65197454630317,19.594229958605254,19.102295408687247,19.03424140968488,18.789913371104692,18.280209068363458,17.956133345401838,17.758263088730082,17.40866943172748,18.162894516881817,2022-11-27,24.158333333333328,23.623076923076926,23.115384615384617,21.730769230769226,test
2022-12-01,22.59441381671674,22.05690961190036,20.076898046530648,19.04259780657192,22.008434908072836,22.463230540898532,22.59441381671674,22.05690961190036,21.1960861553921,19.860388010095512,19.264482945625957,20.346366513231942,20.076898046530648,19.62040821048382,19.64307949379108,19.04259780657192,18.795476430259292,18.4462387254514,18.92083898767923,18.824116893855884,18.431863974793504,18.669867030550968,19.613519873630818,19.11984912277465,19.052397046210235,18.807969279162243,18.29820139122907,17.974085127419656,17.776189022585935,17.426066170062203,18.1809120068032,18.2626771337462,17.91639664548188,17.023183171802025,2022-11-30,24.158333333333328,23.623076923076926,22.875,21.65384615384615,test
2022-12-07,20.61672090322531,19.75289132816815,19.161699305275878,18.5044726292689,19.65301569615223,20.61672090322531,20.26255982282332,19.75289132816815,19.748413578982156,19.127797166192966,18.863083219717147,18.5044726292689,18.9703345373598,18.87144889288625,18.477517495429886,18.71198611670417,19.654415753995426,19.161699305275878,19.094183209045365,18.850722083621413,18.340327624410758,18.01592093024028,17.818738393195588,17.468694742685443,18.222958598643473,18.304597919538807,17.957869789219203,17.064824198961958,17.02174670663243,17.192192250966336,17.346286222457724,17.488128731850065,16.845105666596996,17.124425691661642,2022-12-06,24.158333333333328,23.4,22.092307692307692,19.50769230769231,test
2022-12-14,20.908364530958302,20.028397067319617,19.221553700896276,17.955289917867574,20.908364530958302,20.550657755523396,19.926326431690455,19.198931902762556,19.221553700896276,20.028397067319617,19.454172911212044,19.323799956210003,19.04034274899888,18.504575895137645,18.163426091785762,17.955289917867574,17.598450713732106,18.346580240331583,18.428279709624732,18.081560608789022,17.18847393457029,17.145576709060386,17.31623876464138,17.470402104925178,17.612945903227278,16.968921598745744,17.24761394386878,17.360829910137205,17.19258826533471,16.694548475816784,15.784551005304513,16.190937047414046,16.4438055843649,16.08166765686423,2022-12-13,24.158333333333328,23.4,20.338461538461537,18.569230769230767,test
2022-12-21,21.07938288731623,19.313680623088505,18.376921230659352,17.460570921599324,21.07938288731623,20.218096106361443,19.313680623088505,18.74049048412417,18.376921230659352,17.91594658349174,18.598338014102815,18.640297013611786,18.25944817937012,17.344686384853897,17.286873944027164,17.450757280572684,17.602434546256486,17.743153684115907,17.09717348052416,17.37782526077262,17.492259375261252,17.325193949312848,16.826908085498182,15.916084143421335,16.32203061873862,16.574907937337994,16.2116061732745,16.72042601846005,16.414364376711884,17.165578697448666,17.460570921599324,18.11075214311695,17.59600775542848,16.60611241917403,2022-12-20,21.03076923076923,19.969230769230766,19.16923076923077,18.415384615384617,test
2022-12-28,18.436423904047466,18.042211641131573,17.67669575878911,17.284731888046075,17.67669575878911,17.618264333345255,16.907062740596373,16.99168805231912,17.226735498175298,17.42794222069041,17.608894593263944,16.9882966194576,17.284731888046075,17.409961520075928,17.24516512083736,16.755493153425025,15.848645400399683,16.25397079752587,16.506550526991365,16.1432048338564,16.65172961881918,16.3471626270821,17.096715963045405,17.391202029680713,18.042211641131573,17.527959533533046,16.538324888911344,16.94918032152723,18.436423904047466,18.165044832414473,18.013693143341662,17.926752830273294,17.920883271511663,17.587262011626915,2022-12-27,22.038461538461533,21.638461538461538,19.969230769230766,18.569230769230767,test
2023-01-01,18.48283060647089,18.21110977507339,18.037373708166673,17.4368325383351,18.21463641298588,18.074228851379743,18.037373708166673,17.2813704495463,17.49007964089327,17.56237334599297,17.36093420988103,16.845800229722983,15.922718326075582,16.317693102099987,16.562409686973012,16.194558971387583,16.69911848872025,16.39307793324269,17.142457355897257,17.4368325383351,18.087771451888614,17.573935175060125,16.584380243780505,16.995685106516348,18.48283060647089,18.21110977507339,18.05954018572895,17.97246094311618,17.9663347081275,17.632617417849648,17.148942493731617,17.172669892850116,17.856783062985027,16.961918776433368,2022-12-31,23.292307692307688,22.038461538461533,21.015384615384615,18.96153846153846,test
2023-01-07,18.605894518072105,18.4032520881084,18.108704997555904,17.523537878346687,18.4032520881084,17.528252876751974,16.373631056764697,16.630901944711216,16.780569112290138,16.356191463753774,16.822523831079753,16.48965529904559,17.221902055221587,17.506118134471777,18.146961101937332,17.629332598548555,16.63587362453053,17.045486783775036,18.532449040471622,18.260621442365743,18.108704997555904,18.02272437082962,18.016334018417897,17.682990356636367,17.199262814587748,17.222630119512523,17.906510028445428,17.01159869327119,16.839152128780267,16.91426594128262,17.523537878346687,17.529518756335136,18.12986051969093,18.605894518072105,2023-01-06,23.292307692307688,22.038461538461533,21.015384615384615,18.500000000000004,test
2023-01-14,18.99710849596546,18.629365773728995,18.266134844148706,18.033023632593345,15.974122981277452,16.907571101201118,17.318402609955974,18.0390965538043,17.572468140894124,16.6024949632124,17.029264511130005,18.53071774378653,18.266134844148706,18.119445531029246,18.037117445609677,18.033023632593345,17.704437899853406,17.22294804904507,17.246446491245745,17.931137425969204,17.03652143131841,16.864146533111512,16.939317804161696,17.547425133638384,17.55295374412089,18.153479658810724,18.629365773728995,18.12187121669623,18.692277718953576,18.181062412825547,18.99710849596546,18.51932337360616,18.414864434502196,18.066798964151157,2023-01-13,23.292307692307688,22.038461538461533,21.015384615384615,17.984615384615385,test
2023-01-21,21.747006665618358,19.518186666485466,18.95821939986685,18.635391078151194,21.747006665618358,20.36584923184841,19.502261608316815,18.95821939986685,18.671921213092798,18.166180230764457,17.568352213998264,17.512527038268733,18.13874696937496,17.208670452234077,17.01537579549792,17.072767992089783,17.668528157925632,17.667419682474268,18.26559156047335,18.742856383213766,18.23557723952037,18.805504991257784,18.29560411345572,19.11285716697652,18.635391078151194,18.53045074955149,18.181028134614575,18.80485163246392,18.771942069503798,18.802774130995246,18.257427002686914,18.806264936791035,19.2554969516584,19.518186666485466,2023-01-20,23.292307692307688,22.038461538461533,19.969230769230766,16.43076923076923,test
2023-01-28,21.008697046208933,20.42513027121323,19.652773777093454,18.942999926120315,21.008697046208933,20.42243765118207,18.722827734638486,18.033924510656178,17.768407014951347,18.161293777497242,18.05200505150603,18.56111876839259,18.97732000804621,18.42982287806296,18.97591984230124,18.45334792252144,19.261424947796982,18.770388051543893,18.664120126981782,18.315412599873174,18.940160631624035,18.907179855770895,18.93704632617436,18.391483707329566,18.942999926120315,19.391268100038975,19.652773777093454,19.00244598798939,19.581000281804137,19.282621828852065,20.14119267693924,19.948675148358053,20.42513027121323,20.436953358078085,2023-01-27,23.292307692307688,19.676923076923078,18.46923076923077,16.43076923076923,test
2023-02-01,20.484395531257842,20.399380593620837,20.04988808954483,18.914812300097292,16.564475947470186,17.38355835151262,17.54600479067185,18.239084476622665,18.748184256643352,18.276924588680906,18.860188475040516,18.369382787998514,19.197713428418737,18.719589896171225,18.617648470839555,18.28059656307144,18.906573434091424,18.878548716116835,18.908632159573326,18.36320787909396,18.914812300097292,19.364561574215777,19.623766711292937,18.97423428035861,19.551773904198555,19.25382182838832,20.112664527362202,19.920320326329218,20.396366298218478,20.409111950855248,20.04988808954483,20.10246376569086,20.484395531257842,20.399380593620837,2023-01-31,29.0,27.569230769230767,19.576923076923077,16.8,test
2023-02-07,25.10304630230973,22.432367147463534,20.294755928993563,19.504790585905386,16.700708939754954,16.942470895750066,18.24484787603247,18.069318269820517,18.158469781251657,17.94094330216316,18.64105545598712,18.66832713712984,18.737066976637642,18.213746044008122,18.779315553178968,19.23863828674567,19.504790585905386,18.860443270085927,19.438360585188065,19.139409180922403,19.998542298136126,19.806429812337107,20.28237932899329,20.294755928993563,19.93502114696636,19.988339030122074,20.371196304744974,20.28643316115051,20.767791732391746,20.144810042732242,20.931048459369993,22.432367147463534,22.99088124456503,25.10304630230973,2023-02-06,30.515384615384615,28.838461538461537,21.799999999999997,18.43846153846154,test
2023-02-14,24.92929731399668,22.25665159822899,21.148614996527307,20.10971521118798,16.806315915868897,17.477901972617566,17.341614806923058,18.156525167598456,18.774487620607694,19.141617263218805,18.561633572157106,19.190965418402314,18.92185877121284,19.799046931254686,19.617507041265632,20.100319939911728,20.117134032528206,19.76023502358593,19.81157622135184,20.194244085266472,20.10971521118798,20.591565609488242,19.968852833422574,20.75524026942494,22.25665159822899,22.81660508794268,24.92929731399668,22.060569673018403,21.17808820448668,21.625573339010998,21.13063351588986,20.230153900751375,21.148614996527307,20.59984346262135,2023-02-13,30.515384615384615,28.838461538461537,24.761538461538457,19.576923076923077,test
2023-02-21,24.9094254260745,22.798657938304014,21.553930929113715,20.582620676313443,19.89545724496858,19.35062062537244,20.065579398581246,19.782844903547037,20.19693543905728,20.17719162923713,19.795888166967718,19.827719702981266,20.20298601084483,20.108788407747575,20.583657193548735,19.958025710085273,20.739905048034316,22.238841720161183,22.798657938304014,24.9094254260745,22.0412757793013,21.159460795651693,21.606811896976318,21.11275206850958,20.212687773943067,21.130888296652092,20.582620676313443,19.322919146179885,19.182731398341932,20.18011041570551,20.62104927803844,20.833750643949507,21.553930929113715,23.161064964058298,2023-02-20,30.515384615384615,28.838461538461537,24.761538461538457,20.430769230769233,test
2023-02-28,25.100462224309563,23.484793669116545,23.003524149388006,21.618223261553577,24.114681795117,22.960303661878775,21.881323388682837,21.73379009234933,20.710626679895693,21.24657782603981,22.61573319182684,23.06461499614166,25.100462224309563,22.18801202357041,21.275953592997475,21.704276855793772,21.195338396713435,20.275933877116724,21.19208384861887,20.644037090841042,19.383211805683867,19.243036318735253,20.24033019841029,20.68221656338136,20.899115839498208,21.618223261553577,23.2241158859993,23.484793669116545,23.418376196224443,22.203500147379344,23.003524149388006,21.190324795199988,21.19476507422778,21.441182060356176,2023-02-27,30.515384615384615,28.838461538461537,24.761538461538457,21.799999999999997,test
2023-03-01,25.261624982210098,23.543860916755097,23.283683753070193,21.662425118531814,25.183877973720847,23.32004898181475,22.672109356951136,21.329895294781835,21.662425118531814,22.901882474170748,23.284275975598298,25.261624982210098,22.311877300342942,21.376038623781508,21.789200002124197,21.2705945807973,20.345026568835095,21.25133669372932,20.702890375266026,19.44181033694321,19.30147242366547,20.298662743047835,20.74048307971994,20.95734025730509,21.67857631158007,23.283683753070193,23.543860916755097,23.477124257341874,22.26204470054506,23.06193894931018,21.248656866638736,21.252258277291787,21.49892175562301,21.416586327428863,2023-02-28,30.515384615384615,28.838461538461537,24.592307692307692,21.43846153846154,test
2023-03-07,24.742905884635096,23.627770302651584,23.11097746035513,21.77674228548532,22.38681149890812,24.742905884635096,22.031211743731365,21.225975674356594,21.72506652763803,21.30541462150142,20.369472733287907,21.302678169146294,20.76485115445736,19.51179207977677,19.3842914078721,20.388696608457835,20.819009143794162,21.055322528037852,21.77674228548532,23.38434793087187,23.645661920125868,23.5768333520212,22.360773771516037,23.16591787656096,21.346211205957733,21.350173614589746,21.59619885698868,21.513622803251014,23.11097746035513,22.898167030010786,22.147485891724063,22.42789471062562,22.3238709686397,23.627770302651584,2023-03-06,31.153846153846153,26.661538461538463,22.423076923076923,20.430769230769233,test
2023-03-14,25.72984869491532,24.55249548296361,23.68424974671568,22.739249433691285,23.799362277288665,22.357668825470554,20.550218593062862,20.080652879181216,20.87347183190195,21.14724049181809,21.29264704179733,21.952874635454066,23.523064672359617,23.75253637163337,23.659246026215303,22.425216255690323,23.226795204728216,21.401568474961564,21.403189945035095,21.647139296795444,21.566152527231722,23.166037556889883,22.95570618737828,22.203727245631278,22.484492810408998,22.380266691982026,23.68424974671568,24.55249548296361,25.72984869491532,25.043674975774472,23.14266138233433,22.739249433691285,23.72825038326462,22.92038003626079,2023-03-13,33.284615384615385,31.153846153846153,25.161538461538463,20.692307692307693,test
2023-03-21,25.897790301777494,25.219369359711504,24.45037107826037,22.89810994567247,19.337226530599825,21.80199937799211,22.622524725673763,22.89810994567247,21.881436797406565,22.81739874067501,21.08133855344933,21.160085810960418,21.44356617984422,21.380240536238745,22.994292844165642,22.79949787891712,22.058956441560138,22.34574291271031,22.23796124279916,23.543194264823853,24.414988031831626,25.593543255112735,24.905763997253835,23.003168093605975,22.599211002157666,23.590561179906146,22.782906003854457,23.549741507066603,24.136414493062784,25.1549046691268,24.800705854834792,24.45037107826037,25.219369359711504,25.897790301777494,2023-03-20,33.284615384615385,33.146153846153844,27.630769230769236,22.246153846153845,test
2023-03-28,26.455549178228264,25.548311058566753,25.32352299877591,24.371911957955472,20.525766105603754,21.015803331207472,21.10165480389327,22.821575214113995,22.67007142743003,21.9509491325779,22.268655584514036,22.17777045498839,23.497347675708625,24.371911957955472,25.548311058566753,24.867986182685428,22.97239791579601,22.566612611208374,23.55782472743816,22.748779056555538,23.51705306600715,24.106073813744445,25.12284082866648,24.76672099080967,24.417457674108338,25.186764333264097,25.865856914876662,25.166024619128148,25.358521100468714,26.455549178228264,25.32352299877591,24.980459594433512,25.455265585941927,25.481229199739023,2023-03-27,33.284615384615385,33.146153846153844,27.630769230769236,22.50833333333333,test
2023-04-01,26.42037790191303,25.894733198665048,25.33205815403033,24.643832205089055,18.973049640811976,19.549653009738478,20.693492328731196,21.1374057828653,22.777924169864338,23.852134583338337,25.159475795705653,24.57572704353925,22.74171408707561,22.375188163670256,23.388488128481328,22.600833134198787,23.38456193472997,23.98210480551873,24.999531464805415,24.643832205089055,24.294837041928787,25.065388111033887,25.74260886878212,25.040920650607568,25.23271947139218,26.331043826615247,25.19984413184817,24.857307680225556,25.33205815403033,25.358958409055365,26.42037790191303,25.894733198665048,25.831462665100627,24.422415644486616,2023-03-31,33.284615384615385,33.146153846153844,27.630769230769236,22.6,test
2023-04-07,28.026227015384006,26.422366358980092,25.924729982967907,25.071197109010825,22.866826317181356,23.124816860346577,21.835756174694968,21.832198937487703,23.082791644944503,22.378382715610776,23.242856105644965,23.903176490572573,24.96081981131969,24.627744603683272,24.287515212525943,25.06151433722206,25.765751206515873,25.071197109010825,25.26342471935372,26.361952885930673,25.23198361802901,24.892295537095396,25.369642873947033,25.389147593312742,26.449532065144933,25.924729982967907,25.862022066053935,24.452932404557952,25.014662432645878,26.411511414182595,26.422366358980092,28.026227015384006,25.860033304538714,25.963557655867877,2023-04-06,36.89230769230769,33.284615384615385,28.23846153846154,23.253846153846155,test
2023-04-14,28.074892313354745,26.930752422411732,26.325967994626215,25.439095186421607,21.210331312315162,23.254130191370642,23.605127827575632,23.673981854149346,24.64344517730135,25.491104747453466,24.91606845508351,25.172937020989334,26.325967994626215,25.2105742754857,24.890051977451336,25.40345670288186,25.439095186421607,26.499527449109895,25.978972459548498,25.91412585515701,24.511030446711985,25.072981655419476,26.46127785131357,26.469180067867075,28.074892313354745,25.908341301638394,26.013405432157683,26.930752422411732,25.27435014263065,25.822597179951405,27.16527046927371,24.79054217044403,24.675387378883904,25.735960969950803,2023-04-13,36.89230769230769,33.26153846153846,27.392307692307693,23.153846153846153,test
2023-04-21,29.15426580140513,28.42367771796033,27.29629128850261,26.07549382168122,24.735179792054495,26.107070904264667,25.115464866982144,24.886408260187252,25.45176149379541,25.541189962183157,26.583367825443354,26.07549382168122,26.016149458592448,24.622307771075807,25.185585263566654,26.57704972078324,26.579433968559425,28.20079353998059,26.03534937556312,26.142061237165215,27.05836332266202,25.402962913904215,25.951001636139615,27.29629128850261,24.916241298790737,24.800928324648797,25.861057495926346,25.72378404752611,26.71087362510503,27.763008477637193,28.717444483384863,29.15426580140513,28.42367771796033,27.32476854515586,2023-04-20,36.89230769230769,33.46923076923077,26.592307692307692,23.253846153846155,test
2023-04-28,29.80157840632961,28.58465302189145,27.297955776498572,26.578368945992892,25.31552386507128,25.475263161527213,24.230580496225823,24.884900965733102,26.33015624682485,26.370566305492297,28.023989427734726,25.88129390459169,25.99959729508732,26.919834331002754,25.2684228832325,25.820557339651312,27.167098110079596,24.784994171164414,24.66753080957824,25.72735119141065,25.591141159694942,26.578368945992892,27.630025728230343,28.58465302189145,29.022636322978435,28.29309575703912,27.194467046738318,26.46732938564976,27.291077952486674,26.983115948159586,26.83727813773288,27.15018429514861,27.297955776498572,29.80157840632961,2023-04-27,36.89230769230769,35.823076923076925,29.800000000000004,25.73076923076923,test
2023-05-01,29.689661075554923,28.510406272801717,27.51674320591095,26.869307392038504,22.490105246926216,24.762511982110105,25.3302998811349,27.319970234913956,25.37495278970043,25.623638570699622,26.636720330811723,25.04696011323199,25.638402355996817,27.01000510917304,24.643880268488648,24.542698296411878,25.611314325440357,25.47716905651687,26.464817939510407,27.51674320591095,28.47154168055397,28.909634123752838,28.17794082823745,27.078517672445848,26.352165723392282,27.17674179393529,26.869307392038504,26.723805972038097,27.036926606325824,27.18564533497289,29.689661075554923,27.481007762907115,28.26203109751702,28.510406272801717,2023-04-30,36.89230769230769,35.823076923076925,30.699999999999996,26.161538461538463,test
2023-05-07,29.741496908055854,28.93988313199153,28.315036847543134,27.1987231217681,25.066614002685043,24.060944376979265,25.024671682745474,26.64555138666357,24.45772755695783,24.478951010950016,25.543834907235958,25.453541064960568,26.470698008420815,27.5414813435131,28.503958158156383,28.93988313199153,28.20362627528611,27.131117886051552,26.405065455609392,27.229267511757573,26.921578514868532,26.77749952310863,27.094103036354284,27.24620275734506,29.741496908055854,27.533432184118386,28.315036847543134,28.56378855095439,27.11226408712896,27.1987231217681,27.795759363004475,28.029575267134863,28.89964037799663,29.186236624308503,2023-05-06,40.70769230769231,35.823076923076925,30.699999999999996,26.515384615384615,test
2023-05-14,29.706480261481936,29.151712847516777,28.766427287159825,27.993707768199343,23.71998230553471,25.353066404985473,26.81226455982391,28.032025087039095,28.648291276612117,28.005335934043824,26.971053199486835,26.29463322609309,27.146458089596848,26.857945521229933,26.72257840353225,27.03879116329675,27.198549020395312,29.706480261481936,27.497260012447192,28.27959479913142,28.52824139510702,27.07793175947245,27.167333655799062,27.76336235666056,27.993707768199343,28.864920120100674,29.151712847516777,28.87698863704151,28.09806126257548,28.995710062054858,28.766427287159825,29.419735478895984,28.048247894349778,27.942965134246748,2023-05-13,40.70769230769231,35.823076923076925,31.46153846153846,27.146153846153844,test
2023-05-21,29.69241701742546,29.389776706657617,28.96499333687121,28.186181438416,24.175468475585028,25.790434401367023,26.022011825333355,26.16858407262275,26.644531731948767,26.928541683473096,29.522629717081177,27.369569521954347,28.186181438416,28.44445599104412,27.018396920286218,27.130563840837546,27.732934791687327,27.964794380104575,28.836524306398157,29.12420488136729,28.854505893982196,28.072176916444874,28.96499333687121,28.7356100522978,29.389776706657617,28.018999794755786,27.913966693959598,27.999683385264433,28.420351714509074,28.41041498669401,29.26498408806079,28.62045213394578,29.126221618837754,29.69241701742546,2023-05-20,40.70769230769231,35.36153846153846,30.699999999999996,27.53846153846154,test
2023-05-28,31.44680605410709,30.585619798780836,30.09358994215645,29.283246145446792,31.44680605410709,30.85770184416737,30.190290917387824,28.20951604958671,27.930059582217268,28.29806295896664,28.41177774594528,29.17608360872386,29.39098139320026,29.085608740863258,28.267592864230625,29.15149516906015,28.91083925337172,29.546409083483884,28.175481210001518,28.07191683387096,28.154656107581822,28.57814614772843,28.564961186537296,29.419497682916397,28.779106126427283,29.283246145446792,29.847831862398,30.149098152424425,30.09358994215645,30.585619798780836,29.784883173528648,30.08812395748681,30.231795632824962,30.087721496418965,2023-05-27,40.70769230769231,34.815384615384616,30.03076923076923,28.038461538461544,test
2023-06-01,30.517749124593827,30.330532821683814,30.025517454392453,29.216310808483602,27.306168586784484,27.875899632461575,28.118232584654216,28.968942399480145,29.20522220947039,28.941295845764518,28.158516944090987,29.05745489794383,28.826385458917034,29.468067465140884,28.099432190316094,28.009623053870918,28.090988595061937,28.510389120053922,28.497306856928994,29.351908831865977,28.711559023402902,29.216310808483602,29.77680301225031,30.07915890458089,30.025517454392453,30.517749124593827,29.717141172280385,30.020463995937824,30.163974569179477,30.02143291636722,30.330532821683814,30.30807079508753,30.48380471121834,30.00960874438599,2023-05-31,40.70769230769231,34.815384615384616,29.83076923076923,28.73846153846154,test
2023-06-07,30.56527760106917,30.525473880940655,30.205833890613686,30.039940524271532,26.480497342207812,28.03394710298441,28.230373943694538,29.074489343753392,27.844537074650564,27.8573827932767,28.006559884027553,28.472468206075224,28.477902441541733,29.34059362397159,28.73097882660276,29.2518200965593,29.81737980636944,30.122105742553753,30.06878195479636,30.56527760106917,29.768743768233307,30.065335831207516,30.205833890613686,30.063264673436787,30.372660987375234,30.35082320419318,30.525473880940655,30.050092902177795,30.061576699754657,30.14100141127045,30.30217890786042,30.529479052304236,30.039940524271532,30.002784983918954,2023-06-06,35.36153846153846,30.346153846153843,29.553846153846152,28.915384615384614,test
2023-06-14,31.246150558423484,30.917568947817685,30.572876475417775,30.16465730165935,28.509083609832167,28.517946030971046,29.409800959314033,28.772431910499193,29.288564326546133,29.856017838228667,30.16465730165935,30.109654121983755,30.60671353836598,29.800700020571703,30.108151766772874,30.250837369370196,30.10787724221661,30.416037388196287,30.394933958929876,30.569456721312246,30.097582614493792,30.105137365572503,30.18378439708854,30.345117302113422,30.572876475417775,30.08307534092307,30.04596978006198,30.09112995931903,30.316772768646963,30.62097471809868,30.917568947817685,31.102328260838515,31.246150558423484,30.91687016507688,2023-06-13,35.36153846153846,31.88461538461538,30.346153846153843,29.423076923076923,test
2023-06-21,31.17884820959547,31.09000383371915,30.892962033593474,30.27476327769623,28.1958308095698,29.357088479034385,28.97953984480773,29.595230966337994,29.869370075830677,29.833052827222016,30.21223910273286,30.242584650241035,30.450235486888655,29.99766583903695,30.00474302202929,30.106818948467843,30.27476327769623,30.5056318287089,30.015565142482163,29.97817171306306,30.02381119139743,30.2544226865475,30.553136791171063,30.849268798509257,31.034136758845946,31.17884820959547,30.850177964311985,30.796456859586392,30.790142768563364,31.055405040859867,30.892962033593474,31.024977815522732,31.09000383371915,31.10628108041599,2023-06-20,33.800000000000004,33.03846153846153,32.62307692307693,30.26153846153846,test
2023-06-28,32.00817664791167,31.63207104918908,31.150545851019174,30.822970813751503,29.405486019264668,29.902014442985326,29.644799184364924,29.772058192518156,29.946528213180056,30.15976961415565,30.418891981106633,29.9509780654744,29.929260711532798,29.98082085487073,30.216802085006726,30.52048322582097,30.82009584918236,31.00741160425049,31.15217433534334,30.822970813751503,30.770395578197206,30.764230428241973,31.029024775909306,30.8661690120098,30.9978382500439,31.06319380771005,31.0798875786216,31.057736393663273,31.20700829417479,31.150545851019174,31.563475633846018,32.00817664791167,31.66396536239325,31.63207104918908,2023-06-27,34.607692307692304,34.030769230769224,33.03846153846153,32.00000000000001,test
2023-07-01,31.98383783201903,31.60804979382535,31.318752036726647,30.97650969819337,29.209957993681563,29.579385585312785,29.91692865103243,30.255303666553665,29.83583738899004,29.84296160961503,29.916449873770553,30.166962147799122,30.47990803753968,30.78542770882565,30.97650969819337,31.12443323073256,30.79799184409199,30.74588691199838,30.73982101350249,31.004678642229198,30.84186322526768,30.973558187830125,31.038653144953958,31.054908373841876,31.03294834450227,31.182415285609693,31.126077197054116,31.539086266280183,31.98383783201903,31.63975980273508,31.60804979382535,31.329511789010073,31.318752036726647,31.36227916467121,2023-06-30,34.607692307692304,34.030769230769224,33.23076923076923,32.47692307692308,test
2023-07-07,32.07639841143017,31.928248676648032,31.592949934734634,31.110638184785156,29.64337898572432,29.988569154422105,30.355819234270943,30.70087464545757,30.919105061417213,31.0822637557299,30.763883359700074,30.718755294291782,30.716746800343294,30.986401809502617,30.824853557165106,30.956648502935874,31.022563695047428,31.03994464474945,31.01803226953609,31.167672169408288,31.110638184785156,31.52385696328165,31.969000428560687,31.624896369547496,31.592949934734634,31.314505575788562,31.3037535319424,31.347579593275142,31.424343566542642,31.62544955415185,32.07639841143017,31.928248676648032,31.601059366316896,31.53652628899584,2023-07-06,34.607692307692304,34.030769230769224,33.23076923076923,32.47692307692308,test
2023-07-14,32.31020812829622,32.03118794180716,31.677251900183347,31.55187762815624,32.31020812829622,31.751179246446682,31.664140784311137,31.27376370536199,31.265735278524918,31.239721233364268,31.20609561044982,31.142545901940302,31.265222413840657,31.191561105469226,31.5946917561766,32.03118794180716,31.68258449208888,31.64499535374093,31.366278141962404,31.355503896677913,31.399110077874145,31.47554669978226,31.677251900183347,32.1282130010537,31.981082765510614,31.65333086938382,31.58838374668969,31.665571163707774,31.669557836032325,31.55187762815624,31.397646118948558,31.31415042072621,31.527678785251478,31.540881169117704,2023-07-13,34.607692307692304,34.030769230769224,33.03846153846153,32.47692307692308,test
2023-07-21,32.2369681213634,32.053465763643736,31.842015499657567,31.72596001627046,31.98172933223477,31.82851986987403,31.58056342070242,31.876467283416748,32.2369681213634,31.842015499657567,31.774092943383835,31.47366319500353,31.44929231202036,31.483644106304773,31.552757605792365,31.75257620562693,32.2015670261156,32.053465763643736,31.72596001627046,31.661079783384015,31.738523349139793,31.74319220318628,31.624932138543823,31.470610806340453,31.38695382668769,31.600063792482466,31.613032254650243,31.455329157710022,31.54634965174261,31.66150946497401,31.836785956779035,31.969809178446084,31.703709157272595,31.736262076871295,2023-07-20,34.607692307692304,34.030769230769224,32.784615384615385,32.09230769230769,test
2023-07-28,33.31413861781017,32.489016151048276,32.14437085380303,31.900083738290746,33.31413861781017,32.657593516405996,32.29267624125951,32.10759499050234,32.14437085380303,32.489016151048276,32.277218887674636,31.902482699776026,31.807115347584116,31.863736923551432,31.85499417826442,31.728537763325747,31.569133622459116,31.48120272604733,31.694001707060092,31.706908213814614,31.54967034266133,31.64103700235143,31.756288177174582,31.93157074922643,32.064974666898294,31.798236964598658,31.830333591038446,32.05161722753859,31.900083738290746,32.0337640704961,32.07170909909093,32.18929414243401,31.842851041381575,31.740960667298943,2023-07-27,33.80769230769231,32.69230769230769,32.238461538461536,31.776923076923076,test
2023-08-01,32.5423967347259,32.22792013199932,32.05147578757111,31.830594830205445,32.22792013199932,32.5423967347259,32.31136441967831,31.926679500679278,31.820799232151018,31.86942016643685,31.86150628315795,31.732801262935304,31.571963449199444,31.483118467105022,31.694490261499826,31.70800757467966,31.55163245754031,31.641386489378235,31.75662230554185,31.931895085170968,32.065292759358975,31.798859030244376,31.830594830205445,32.05147578757111,31.90047431646319,32.03412446712633,32.07205025247803,32.18962302665327,31.84305978920512,31.74129509881602,31.760325477315714,31.60365759853853,31.700776733139914,31.4195374804262,2023-07-31,33.51538461538461,32.36153846153846,32.09230769230769,31.692307692307693,test
2023-08-07,32.18378423572512,32.063621223976654,31.930136680076835,31.736211101419944,32.001732897140556,31.82073495893557,31.624097610590542,31.510798314812906,31.711505497486158,31.719047363521856,31.5572520914462,31.64307792192802,31.7556595471556,31.930136680076835,32.063621223976654,31.795445939759198,31.825770785410487,32.046339437889564,31.89531113596893,32.02899875341706,32.066621420685514,32.18378423572512,31.83761497731159,31.736211101419944,31.75525733668933,31.598536732262218,31.6956023463345,31.414448232189862,31.308307549211552,31.393210901679204,31.138095530889487,31.217766617315398,31.20378308945613,31.30253724795711,2023-08-06,33.51538461538461,32.69230769230769,32.06153846153846,31.484615384615385,test
2023-08-14,32.90796993262366,32.46491770365328,32.12671333717303,31.732055067665637,32.90796993262366,32.57116637680686,32.46491770365328,32.41744203427978,32.034096394450295,31.992879672758487,32.174203584131014,31.988895802805104,32.10342140311971,32.12671333717303,32.235459115439824,31.883847863360593,31.778285286383053,31.792357183271733,31.635841394886636,31.732055067665637,31.451128530679423,31.34487035702244,31.42972631046184,31.174831995639693,31.255491178807517,31.24090624977447,31.33963530269781,31.096020553102342,31.16508800726442,31.07074671215709,30.927814966369773,31.12059776873168,31.155863923706,31.6134049976365,2023-08-13,36.707692307692305,33.63076923076923,32.36153846153846,31.684615384615388,test
2023-08-21,32.020068031302785,31.73621566348513,31.621713612361248,31.222323088031597,31.25525053431989,31.621713612361248,31.806551454045998,32.020068031302785,31.73621566348513,31.67195008483406,31.70743630112114,31.570720007980633,31.67938542510823,31.406064269242478,31.30400894831297,31.391194891030533,31.138480882903405,31.222323088031597,31.207526063173667,31.306182646779575,31.062643374228777,31.131994630414408,31.037961813966895,30.89497336883202,31.08706613441894,31.122709843842642,31.58046875116835,30.901397870500514,30.604125996426426,30.393117651207785,30.830804411712716,30.763532795162686,31.036127746188797,31.126867297694364,2023-08-20,36.707692307692305,33.63076923076923,32.35384615384615,31.169230769230772,test
2023-08-28,31.552140868930845,31.294208297954757,31.164212891440673,31.026974894968717,31.137724143422627,31.391897643648726,31.2136248528124,31.166457147807726,31.294208297954757,31.065874004048847,31.164212891440673,31.16078781082603,31.266710857150073,31.026974894968717,31.100834890862767,31.00764541540351,30.865735891819796,31.058898561308688,31.09444791868915,31.552140868930845,30.87333052160642,30.575464772390852,30.364818637430826,30.802538948358837,30.735149403276548,31.007952363866043,31.098826654013816,30.70082965712628,30.24045441775657,30.427273750447142,30.389794954061458,29.77668621582489,29.682309650203067,30.006009643045463,2023-08-27,36.707692307692305,33.63076923076923,32.35384615384615,30.761538461538457,test
2023-09-01,31.556237519868237,31.29544711099653,31.116004254567763,30.872844392345336,31.478015222000806,31.183638736630922,31.239870234699513,31.207761372142418,31.29544711099653,31.049963856657236,31.116004254567763,31.017892364563874,30.872844392345336,31.06400603982681,31.098949485128983,31.556237519868237,30.875024326973502,30.577142013344556,30.36646225679267,30.804161131159802,30.73675791848722,31.00930784369125,31.100027584938502,30.70271423522078,30.242222178669774,30.428975441044052,30.39145451933713,29.778318922705,29.684014338917144,30.00775775263053,29.98533246919404,30.08478578428851,30.09685435429167,30.006132549730633,2023-08-31,36.707692307692305,33.63076923076923,32.35384615384615,30.75384615384615,test
2023-09-07,33.55855491423355,31.89784914909441,31.17097766834398,30.748369626615997,33.55855491423355,32.59600906772235,31.89784914909441,31.73949117158249,31.55334700755732,31.874926536328736,31.113962684315325,30.751752894378,30.50056097600029,30.913146052832968,30.828587253546722,31.08955709675804,31.17097766834398,30.765264489640394,30.30433305681701,30.490623112795113,30.45254569909142,29.839472320611097,29.74544153831807,30.070058272140415,30.04909094036325,30.147680830269216,30.159265661394734,30.068330680433217,29.691400125842158,30.748369626615997,30.78052069643387,29.534454506301177,29.028733600645776,28.56649195532892,2023-09-06,36.707692307692305,32.769230769230774,31.63076923076923,30.615384615384617,test
2023-09-14,31.21963373543722,30.971427837030248,30.804238339543147,30.103644730931734,30.8350348822888,30.58805554085677,30.971427837030248,30.871728841950226,31.13880715755246,31.21963373543722,30.804238339543147,30.343299603888727,30.52025307799967,30.48785656323998,29.87713407794088,29.77885377499111,30.10239814118531,30.084140161309236,30.18220871911329,30.19686460140799,30.103644730931734,29.725720970832423,30.784153721538072,30.816640684982108,29.569551167473037,29.063997953452805,28.600621956584707,28.400366254161167,28.96192670421998,29.04776675107448,29.54479451899149,29.070471649206546,28.816136373701813,28.778775558197726,2023-09-13,31.78461538461539,31.315384615384612,30.700000000000003,30.315384615384612,test
2023-09-21,30.785663455937208,30.281235216335517,30.126076918118212,29.577313034964593,29.88275667950876,30.216251749380792,30.281235216335517,29.731744922197127,29.673345432061527,30.023227901353422,30.021888442180924,30.131798984843275,30.15358004736744,30.06578869785736,29.69163813356495,30.752170181780144,30.785663455937208,29.539169668500648,29.03361150559238,28.57038738052025,28.369905512605182,28.931207951231805,29.01699525182403,29.514110533783587,29.039860193153885,28.78571149268176,28.748413094382734,29.183296556002013,29.394090324854343,28.339697648484968,28.729746624485816,30.126076918118212,29.577313034964593,28.43391607628022,2023-09-20,31.78461538461539,31.315384615384612,30.676923076923078,29.015384615384615,test
2023-09-28,30.85552036545002,30.462288068416843,29.808473681892412,29.054263250037526,30.462288068416843,30.378752413806577,30.22560545326677,29.808473681892412,30.8415507779164,30.85552036545002,29.597582653608494,29.083203500035246,28.61486079901449,28.41046165122397,28.969744840404235,29.054263250037526,29.55130581043798,29.076642917196445,28.82278719359652,28.785491217380223,29.22061465662738,29.43138697512171,28.37697385755122,28.76674126412907,30.163025585628986,29.614029607916443,28.470551913012255,28.038421356786067,28.903599310322726,29.034879853544254,28.4139646080176,27.6026841890141,27.605630204621857,27.23440268910228,2023-09-27,36.15384615384616,33.43846153846154,31.63076923076923,29.015384615384615,test
2023-10-01,30.89127560231126,30.179933859265997,29.569137222571264,28.920543846050855,29.87182358642064,30.888049832795623,30.89127560231126,29.62648781299543,29.11394407855623,28.642486916911068,28.430860381471792,28.988887602829628,29.0726052285261,29.569137222571264,29.09414880081801,28.837823263165102,28.800515244138587,29.237542689288688,29.448306429139933,28.393887841971047,28.78365176122505,30.179933859265997,29.631761532990637,28.488239063830292,28.055382750539973,28.920543846050855,29.051813640878986,28.430891542357674,27.619606754000163,27.622249073093233,27.251035781334938,27.083139034213918,26.09224030935112,25.893301758804373,2023-09-30,36.15384615384616,33.43846153846154,31.715384615384615,29.015384615384615,test
2023-10-07,30.174032030321165,29.61987323631586,29.251003878850543,28.477532168123012,28.9343969283882,29.298308609248135,29.25913730353421,29.684657646666068,29.165363731899475,28.890625852858687,28.827873638741053,29.251003878850543,29.455701381405742,28.39709562560492,28.781512811709078,30.174032030321165,29.61987323631586,28.477532168123012,28.04458093268593,28.908662367542696,29.039360291002655,28.419049928448683,27.60828424063036,27.61256585954988,27.240574839524488,27.072491559407457,26.08184559444192,25.883025709909937,25.887108921651738,26.25655900616106,26.06802260917771,25.800987266586905,25.88723064329204,25.75062971518799,2023-10-06,36.15384615384616,33.43846153846154,31.815384615384612,29.169230769230772,test
2023-10-14,30.103919928374644,29.28103272413024,28.689001510691664,27.04577618853979,28.993078882756386,29.28103272413024,28.275238829199125,28.689001510691664,30.103919928374644,29.566276635274924,28.43360525140326,28.00690954445358,28.875190064369296,29.00866408241978,28.391701612161775,27.58172506811921,27.58569501613637,27.21381904739152,27.04577618853979,26.05507916377226,25.85619068060125,25.859654679173737,26.229200650039566,26.041022559760034,25.774101233479186,25.86042931622829,25.7239104165446,25.157897878138744,25.00440112668536,25.244506218358477,25.358310245293133,25.87593272081169,25.298624424861508,24.9061317111582,2023-10-13,36.15384615384616,33.43846153846154,31.815384615384612,28.376923076923074,test
2023-10-21,28.62681446883163,28.111687687168125,27.070541901872602,25.753686650567236,27.20894603933949,28.319361658570593,28.62681446883163,28.111687687168125,27.360157596530318,27.411867093234992,27.070541901872602,26.92269914952809,25.94892976459744,25.753686650567236,25.762790181053916,26.138295968121344,25.95009739528303,25.68312185402752,25.769152252153848,25.63096706595799,25.06649886065757,24.91277762579018,25.151877363804864,25.26643371686213,25.78455087271029,25.207653938318487,24.815961991231106,24.88494628700123,24.746642658865987,24.74364965544125,23.729721179867262,23.74670234930331,23.74509134893583,24.372709988237354,2023-10-20,36.15384615384616,33.43846153846154,31.815384615384612,29.176923076923078,test
2023-10-28,30.426315080631834,27.33728878311013,26.177770917671296,25.204195032329576,30.426315080631834,28.289101621033872,27.33728878311013,26.859002477719827,26.954883377430182,26.58436608488124,26.177770917671296,26.171160707425585,25.973660642673977,25.376763719839218,25.204195032329576,25.41992575521028,25.52105387525007,26.0391349716616,25.463535837289694,25.07276208047327,25.14036621413038,25.00051572736097,25.00067672905243,23.988222539201907,24.00303433555585,23.999558474192604,24.62595501765037,23.965816849147945,22.950980883636742,22.433142450766095,22.506898094330666,21.98868454639058,22.813586674172278,23.408160585602225,2023-10-27,31.907692307692308,31.76923076923077,29.83846153846154,26.807692307692314,test
2023-11-01,30.161235644833354,27.556924955482867,25.849289728447044,25.129662067993287,30.161235644833354,28.674928772306714,27.556924955482867,27.10303205956756,26.618170059648154,25.849289728447044,25.561871853560554,25.69443787921554,25.74254158855051,26.226815213470104,25.62736351896095,25.222177577324334,25.276495696890983,25.130069106535295,25.129662067993287,24.116845705254015,24.131426586272003,24.128641412416528,24.755188088470057,24.096639874986018,23.082126573227495,22.56317187560499,22.636215807558358,22.11754848427808,22.9418556967356,23.536156152830177,23.89667314307139,23.876269486471116,23.49499367237539,22.943334556813575,2023-10-31,31.907692307692308,29.83846153846154,27.59230769230769,25.87692307692308,test
2023-11-07,26.699407280000894,26.454120298434304,25.421708734332377,23.970337532912204,26.699407280000894,26.454120298434304,26.24649753427715,26.573598629893986,25.889641965762507,25.421708734332377,25.428566897141412,25.253366642543927,25.231626129090273,24.210610623044676,24.21782143067047,24.204609241693944,24.827742199456356,24.169735762455243,23.15502592779876,22.637035629638213,22.7087240217065,22.18997379679896,23.016317202542048,23.610736294747895,23.970337532912204,23.94954766643868,23.56762818526383,23.016277311409333,23.144436143453852,23.51832221261212,23.588498538127652,23.018450556356942,22.120460830631664,20.77425262486173,2023-11-06,29.83846153846154,27.54615384615385,26.592307692307692,24.776923076923076,test
2023-11-14,28.106434810095255,25.43421415031015,24.481375529434313,23.251771672549214,28.106434810095255,27.092715154435705,25.43421415031015,25.03668272299502,24.77509046429192,25.228340756675134,24.481375529434313,23.391550744774353,22.825439671411715,22.86827656027608,22.330508256859826,23.141196846121503,23.729836042581482,24.07869296465865,24.057762020479966,23.675836017072285,23.12381375097857,23.251771672549214,23.626816781599192,23.696199817768715,23.128220589166496,22.22910291258014,20.882145117866123,20.268978481081003,21.34127536685179,21.05996842472037,20.59992511309549,20.61707471652044,20.019952331005616,19.770174631535937,2023-11-13,27.44615384615384,25.87692307692308,24.95384615384615,23.076923076923077,test
2023-11-21,23.85310711995886,23.590702532976213,23.12213070771189,21.240059382397956,21.02676498809515,21.27692585709718,21.854195758423348,21.64692554081409,22.672857351599443,23.37184777974821,23.809353274410384,23.85310711995886,23.510138731835514,22.97785225280791,23.12213070771189,23.505931856738083,23.590702532976213,23.025863487378224,22.12577046603817,20.779023920677336,20.167853061861095,21.240059382397956,20.959296343397828,20.496023859925714,20.51354747296663,19.917749462784975,19.668512318436992,19.32092410374914,19.7965556416254,19.702360034810347,19.311565300521508,19.550798287856487,20.492330130231096,19.99916781448344,2023-11-20,27.44615384615384,24.95384615384615,23.361538461538462,22.200000000000003,test
2023-11-28,23.441119973812178,22.923348392923046,22.349296175014665,20.145107281477152,22.349296175014665,22.554969907089543,22.38144199667348,22.75375103145345,23.264485283591682,23.441119973812178,22.923348392923046,22.061218753996428,20.741995325518488,20.145107281477152,21.226678241451726,20.958616785797187,20.49945502644968,20.523795000033985,19.929442100496285,19.679916116939093,19.333334688558544,19.809513983994087,19.71321281307896,19.322529919856624,19.56030410044483,20.501963813462144,20.00932440390613,19.9410019734799,19.69606106603511,19.186179670708196,18.861516311221663,18.66371994282712,18.314334373452425,19.06881068131765,2023-11-27,27.44615384615384,24.46923076923077,23.076923076923077,21.292307692307695,test
2023-12-01,23.616716328814622,23.194897254411554,20.965850983606174,19.931007592205045,23.194897254411554,23.543471883783727,23.616716328814622,23.033024868377,22.11687123142288,20.780674849516142,20.17213407706905,21.241618568258133,20.965850983606174,20.501775926158217,20.522983263599013,19.931007592205045,19.676625140609758,19.327250405274494,19.80334714644387,19.7069933403186,19.3162768877725,19.55402967150091,20.49408030357587,20.00273895547774,19.93513360538914,19.690030469264038,19.180045639662005,18.85531633222318,18.657477916524627,18.308647410439182,19.06263003768904,19.14444235958255,18.798402634556066,17.905264742757545,2023-11-30,27.44615384615384,24.46923076923077,22.861538461538466,21.223076923076924,test
2023-12-07,21.809810291195987,21.02175018703595,20.100813169604436,19.441719848892717,21.02175018703595,21.809810291195987,21.360937339882817,20.78942743334555,20.748703313653433,20.100813169604436,19.811953826117676,19.441719848892717,19.905087405161733,19.79831050086744,19.399878318641257,19.630316563828046,20.571695026771234,20.080772391308006,20.013024566238695,19.767622590502683,19.258288678232148,18.934364674343918,18.737913229816236,18.387781890588457,19.14109118414762,19.222623526226993,18.876481150386923,17.982970924300187,17.939667758070517,18.109815021302182,18.26392079766962,18.40609858131025,17.76310633045619,18.042207495848466,2023-12-06,23.323076923076922,22.200000000000003,21.292307692307695,21.107692307692307,test
2023-12-14,20.6255502308593,20.063525646377837,19.700403256020007,18.7614599893903,19.66483865066401,20.063525646377837,19.89206350751323,19.478917189412115,19.700403256020007,20.6255502308593,20.121625355134174,20.048358178244968,19.797196761887772,19.292741710001994,18.962253337280256,18.7614599893903,18.412398431915364,19.167357490635236,19.248931209507997,18.903632308520848,18.00754124152174,17.96612115837113,18.13752614711037,18.29103403354749,18.432477686595146,17.789385900361435,18.068125601678506,18.182797735609412,18.014247170917393,17.5160829483439,16.606417948076846,17.013264786761734,17.265831201598083,16.903700215901495,2023-12-13,23.72307692307692,22.200000000000003,21.292307692307695,20.838461538461537,test
2023-12-21,20.03952057902058,19.32504538243609,18.947332549903667,18.200977475795348,20.03952057902058,19.809242024595047,19.32504538243609,19.003552420131854,18.805743653157215,18.450124006656896,19.21016332526456,19.29074910201725,18.947332549903667,18.049909147989347,18.009069621068956,18.181847984699075,18.339317323297248,18.47990894099987,17.83781555028582,18.116275571994088,18.231693010146202,18.0630960928808,17.564536431896542,16.653493881415066,17.06069433022236,17.312923950268654,16.95091239141231,17.45968656638642,17.154383010769056,17.905824409039752,18.200977475795348,18.850753077950476,18.336277886039493,17.345933023006868,2023-12-20,23.72307692307692,21.57692307692308,21.138461538461538,20.16923076923077,test
2023-12-28,20.573140203277102,19.290011459941958,18.779370395943392,18.382372569083334,20.573140203277102,19.78103033654943,18.594526119379207,18.382372569083334,18.44410288630592,18.530557820591458,18.618770623579707,17.945922446743555,18.202123550654967,18.30444375829719,18.122755392548427,17.616513020723268,16.700649436076027,17.10736596068233,17.358323817084585,16.99646795092345,17.50494215227763,17.201176381524373,17.95335601400288,18.24895156239713,18.898064726868295,18.383518472139784,17.392775791308374,17.803289640600873,19.290011459941958,19.01752819522591,18.8656785524581,18.779370395943392,18.77357018181842,18.44032884760655,2023-12-27,23.72307692307692,22.815384615384616,21.138461538461538,20.16923076923077,test
2024-01-01,20.227038637240373,19.38564152437764,18.937542725005013,18.455119709107034,20.227038637240373,19.693027464453703,19.38564152437764,18.463073783366845,18.560911913147926,18.567671757322174,18.321605004846315,17.769116569373107,16.823767273190114,17.211684204572958,17.449741235025854,17.07934855173933,17.580407033665868,17.273171631687735,18.025035389454157,18.320429541450373,18.96941429896907,18.455119709107034,17.464651080850047,17.876059156556895,19.36289213004196,19.089788134986183,18.937542725005013,18.850982233978613,18.844899492179035,18.51143659377462,18.027673758382726,18.051483088582106,18.73608027714303,17.841449440065265,2023-12-31,23.72307692307692,22.815384615384616,20.73076923076923,18.96153846153846,test
2024-01-07,20.268637817172213,19.442053065265036,19.038169575633056,18.43442972586653,20.268637817172213,19.041259698947304,17.663904229493504,17.775245267870716,17.845740460586057,17.362249633748913,17.798378698676053,17.440664683706085,18.159482335922487,18.43442972586653,19.07079229354268,18.545248478727505,17.549891906706428,17.9555648760943,19.442053065265036,19.16904354536253,19.01663120134203,18.92981316896066,18.92473385186525,18.5910775873098,18.108146506722843,18.131278295870732,18.81532886601342,17.920432365265487,17.748185356101366,17.822753530188347,18.432096445305113,18.437759410106107,19.038169575633056,19.514130179156574,2024-01-06,23.72307692307692,22.815384615384616,20.16923076923077,17.50769230769231,test
2024-01-14,19.938597450209993,19.570365820707618,19.21294536586394,18.98197592608382,17.292192118910144,18.093392102713757,18.414441968551404,19.07590567649841,18.560931436893046,17.584836121738874,17.99631476486035,19.482881235950607,19.21294536586394,19.064835300280603,18.98232603496747,18.98197592608382,18.64676793049722,18.16520898004609,18.190537075418444,18.87488518666689,17.979324034748924,17.8060822267558,17.879293275284905,18.48943653717081,18.49474853214176,19.094452976255294,19.570365820707618,19.063153296302254,19.633836008188062,19.123310135894616,19.938597450209993,19.460880972378696,19.356715027947615,19.008635598727768,2024-01-13,22.815384615384616,21.53076923076923,20.16923076923077,17.861538461538462,test
2024-01-21,21.764204028718705,20.416389355686015,19.70486430104032,19.427621678172933,21.764204028718705,20.683588810221433,20.033144094577306,19.61760800367983,19.422613753863953,18.961041803733316,18.399578370910664,18.36425433453936,19.014200117910963,18.09140143094799,17.905442278066317,17.964093919753182,18.565779368800232,18.56545698487813,19.165109054410955,19.63943176058796,19.13313951558593,19.702713501894713,19.19383348232525,20.009869271900186,19.53271820332827,19.427621678172933,19.07951668638472,19.703136208572353,19.670455102119682,19.700978244692344,19.15611548582082,19.70486430104032,20.15416971413333,20.416389355686015,2024-01-20,22.815384615384616,21.323076923076925,19.5,17.43846153846154,test
2024-01-28,21.101416318175367,20.805334743145966,20.051909280494467,19.567430944248667,16.604176607950283,17.866875407409168,17.3084696549748,17.36278360546376,17.574446044696224,18.27431376436081,18.340541113193755,18.985782287461923,19.48415955237753,19.002791603484443,19.58536026624669,19.08483228038486,19.90596518326111,19.43062321004912,19.32552833826,18.979252430220225,19.600541485972393,19.567430944248667,19.597655906449837,19.052686187612693,19.6018922581648,20.051909280494467,20.313915932008282,19.665734508941227,20.244900291243397,19.946750792806696,20.805334743145966,20.613805970464412,21.08971650032798,21.101416318175367,2024-01-27,21.830769230769228,21.323076923076925,19.400000000000002,18.00769230769231,test
2024-02-01,21.014721529397413,20.929528179827017,20.580840904456366,19.439792546966217,13.70937461455037,15.751612783829028,16.673712929807685,17.854665442741084,18.695944414009883,18.42838087167553,19.147402661187865,18.746927439763162,19.631852300653374,19.197183005804135,19.12165969446248,18.793748975361083,19.42850670693713,19.40393431685869,19.43484266994044,18.890308669622485,19.439792546966217,19.88865938964521,20.150111100116153,19.500934207427477,20.079483256752095,19.78267670042896,20.642116888048694,20.451134037840667,20.927876719526097,20.940042041293644,20.580840904456366,20.633145596376277,21.014721529397413,20.929528179827017,2024-01-31,21.830769230769228,21.430769230769233,20.95384615384615,18.923076923076927,test
2024-02-07,25.691572791980963,23.020203750522032,20.884405980190728,20.102452024805775,19.374686969821646,18.864214474515933,19.69178034474803,19.20899806256283,19.09623668704042,18.756247458837834,19.395495289084085,19.36333273229774,19.39237879384891,18.84199883805936,19.391964861052347,19.843532348901842,20.102452024805775,19.447214517973276,20.025711724145534,19.727786346869262,20.588212225913743,20.396322616620537,20.87161432717266,20.884405980190728,20.527225765342468,20.57942857947241,20.96133554654279,20.8757336049714,21.356776696998207,20.733885597452876,21.519877437496508,23.020203750522032,23.579085823020975,25.691572791980963,2024-02-06,22.525000000000002,21.46923076923077,21.161538461538463,19.392307692307693,test
2024-02-14,25.756363960828548,23.08631984223593,21.97657741850847,20.94316270593449,20.523209054593035,20.168917573208656,19.348108602046363,19.739306397434873,20.095051941582863,20.294599259541247,19.59388401389845,20.142601607506972,19.820965090751685,20.675762692882042,20.47530529533932,20.94316270593449,20.950586307912097,20.592763668007727,20.644842731985307,21.028393744942274,20.940379089815412,21.42169987295124,20.799704894386835,21.58649714804066,23.08631984223593,23.64477656385766,25.756363960828548,22.888408558640528,22.005802054060158,22.452822527125228,21.95760571419352,21.05762301881778,21.97657741850847,21.42817530113325,2024-02-13,26.75,22.525000000000002,20.95384615384615,19.075000000000003,test
2024-02-21,25.598300847010805,23.487214043968205,22.24410698082382,21.2602868670789,18.85101319740934,18.933378016167094,20.03113992916559,20.002988906583106,20.591324438059523,20.6633040901909,20.352305565054056,20.437786418249775,20.842498959586663,20.77330864484159,21.2602868670789,20.638026314844588,21.429120135863222,22.929619624967593,23.487214043968205,25.598300847010805,22.728081603764256,21.846345665167508,22.295333593656306,21.79974061929453,20.90027151138669,21.820025232909096,21.272114807525448,20.013470072032245,19.87344604119036,20.870350855589148,21.31192714319679,21.52446134374447,22.24410698082382,23.851131030294017,2024-02-20,26.75,22.846153846153847,21.46923076923077,19.400000000000002,test
2024-02-28,25.540360460999107,24.004892114085195,22.845334633810772,21.77946412328002,19.816280764460707,20.429430648559716,20.48263595252039,21.066049891910176,20.495585104580123,21.330710240495083,22.845334633810772,23.418465306946334,25.540360460999107,22.68086208235404,21.79925153674509,22.251853459591004,21.754550272017273,20.859077994615937,21.778998308467887,21.230864877220064,19.970681249400478,19.832123266901096,20.82867390825148,21.27148848449502,21.482956833613645,22.202791537952752,23.810056204098146,24.071354604831672,24.004892114085195,22.790634551604942,23.590541535202345,21.77946412328002,21.783729201637225,22.02970320281918,2024-02-27,30.292307692307695,26.183333333333334,22.384615384615383,20.124999999999996,test
2024-03-01,25.61298885649395,24.029496820244614,23.516276898539232,21.8432378264123,21.154385048353873,21.503135851192464,20.783053799027062,21.52278548599301,22.976588622400932,23.516276898539232,25.61298885649395,22.736000003792196,21.8432378264123,22.288729656601387,21.786893193662493,20.88853057621521,21.804661889558787,21.255520758229622,19.99521766514054,19.856583513596767,20.85308559084691,21.295869203437807,21.507317810652843,22.227849714347624,23.835045354309198,24.096108991972162,24.029496820244614,22.81514382369101,23.61498996013007,21.803873753084073,21.807855230322794,22.053835708414045,21.971227079666495,23.567694411309084,2024-02-29,30.292307692307695,26.38461538461538,22.846153846153847,20.124999999999996,test
2024-03-07,24.86338349411197,23.994269055097384,23.493119066625127,21.96383297325899,23.493119066625127,21.352406833337476,20.933820749772973,21.663961373327098,21.35131561668354,20.576281883732793,21.564443648245476,21.07017794553924,19.84485026360661,19.726787661903842,20.7428531145366,21.195300490933302,21.411924348675832,22.138163707078938,23.745734162945897,24.00704124030746,23.941214566877697,22.7250109974512,23.52470189711339,21.713846391345236,21.717115938566707,21.96383297325899,21.881692332757943,23.47822817469015,23.265646234582523,22.517066132532314,22.794318382282402,22.690592943997007,23.994269055097384,24.86338349411197,2024-03-06,31.784615384615385,30.876923076923074,26.183333333333334,21.692307692307693,test
2024-03-14,26.077792922434107,24.899301378525934,24.035045748597113,23.267217347375087,24.00454011041166,21.731792093965446,20.936982209021693,21.521966706325305,21.706689869231933,21.782955595679713,22.390279081747696,23.927243538035082,24.13382993460953,24.03637102945778,22.799852771211267,23.583992538879688,21.752157214041965,21.752782289487314,21.995912109983745,21.915023276851336,23.511169480699802,23.298392547697407,22.550635939378125,22.832448630577158,22.727716822262376,24.03144465424059,24.899301378525934,26.077792922434107,25.392367505809087,23.48972241791028,23.085870189554875,24.075018345394348,23.267217347375087,24.035045748597113,2024-03-13,31.784615384615385,30.876923076923074,25.74615384615385,21.792307692307695,test
2024-03-21,26.25350074993704,25.575635415002345,25.155405981046638,23.344072802384275,21.64612841053244,22.63153682090548,23.03161042501121,22.122379609715583,23.102820047902593,21.38011349788884,21.46462897903764,21.772322416698294,21.72614712534695,23.344072802384275,23.141509799348075,22.404777715798396,22.699465473006455,22.59772296108587,23.899317008686822,24.76816605887141,25.947419143750857,25.263818594561027,23.360691333700398,22.954399581791773,23.94389598773651,23.137790349297568,23.905841597604283,24.49235046219005,25.509374257341296,25.155405981046638,24.80594610695433,25.575635415002345,26.25350074993704,25.553650879371855,2024-03-20,32.333333333333336,31.52307692307692,26.649999999999995,23.233333333333338,test
2024-03-28,26.914697540373297,26.24064813828495,25.734289271443576,24.84347155162547,24.502606245380804,23.43990544195509,24.424546962833535,23.820566018664934,22.82462869120049,22.97162567855116,22.787525336143002,24.013080967510035,24.84347155162547,25.99279355371404,25.289251151705805,23.3746011445587,22.954553228318616,23.930972692309474,23.12511046964937,23.88966166836761,24.47591226302463,25.493084419355213,25.13877605884567,24.791436943248378,25.564048939828094,26.24064813828495,25.541324104565593,25.734289271443576,26.83082426487591,25.697917248464385,25.354011690341732,25.827522689979176,25.854338598991582,26.914697540373297,2024-03-27,39.59166666666667,32.333333333333336,30.876923076923074,25.22307692307692,test
2024-04-01,27.3873470125921,27.011621713653167,26.420928665293005,25.740926756283983,27.3873470125921,25.94444192678074,24.74664679174945,25.353046636444418,25.753213083791874,26.639980501095952,25.792828973380722,23.759676582893817,23.264073542264175,24.192320331067954,23.345838891174903,24.097424869945222,24.671124054914078,25.67161674180039,25.316498973889097,24.968643793760457,25.740926756283983,26.420928665293005,25.71905738526665,25.91196125317887,27.011621713653167,25.87712411809032,25.53220443348141,26.00506884314609,26.03015498456805,27.091131302342017,26.564758448848703,26.50079332807116,25.092816914964256,25.656111763519164,2024-03-31,39.59166666666667,32.333333333333336,27.608333333333334,23.658333333333335,test
2024-04-07,28.636378608271976,27.05916534880009,26.57498744271629,25.8485617325829,22.666490325678836,21.774754363919175,22.00252528706157,23.36500823139116,22.803208776826313,23.730611336468893,24.409816810119608,25.493938284730643,25.185065338946586,24.868290294578962,25.67022743737963,26.366284204564995,25.676725108215,25.879882965709193,26.980114636296538,25.8485617325829,25.504937743256516,25.97504024919117,25.999405653268955,27.05916534880009,26.531140054108885,26.468297427263167,25.06009556479668,25.623458855327854,27.023076209908652,27.032238823412214,28.636378608271976,26.47139312091368,26.57498744271629,27.493725671374015,2024-04-06,39.59166666666667,32.333333333333336,26.649999999999995,23.658333333333335,test
2024-04-14,28.561480996686154,27.419146005320833,26.85319979091527,26.08157347525365,24.27202846568776,24.385088277115536,24.324053820668848,25.286243125914744,26.097174642927005,25.475382812052096,25.72056712819148,26.85319979091527,25.738694293941585,25.4107815612018,25.891923847489988,25.91869597249757,26.981986916762338,26.456643739228635,26.393466757646507,24.986368653859806,25.548669715318642,26.94723687747762,26.957419262105436,28.561480996686154,26.396288682672832,26.50049675779586,27.419146005320833,25.762515670372263,26.306952734851247,27.64875358636069,25.27460120696527,25.1589342838665,26.219809501910717,26.08157347525365,2024-04-13,39.59166666666667,37.554545454545455,29.681818181818187,24.058333333333337,test
2024-04-21,29.50706360356308,28.776663827123713,27.642945152003573,26.3895067618663,25.457366333970516,24.847332009429778,24.856655504244056,25.561230359361236,25.68717117472681,26.821097780440727,26.347692651331652,26.32533922823593,24.94043497014219,25.511199206828458,26.912092794091564,26.939546077311384,28.55191790489493,26.3895067618663,26.492676615045685,27.412062413795603,25.75797588564173,26.305154334201866,27.642945152003573,25.26722132087058,25.151470515440018,26.213317614486403,26.07519119481083,27.0619748116257,28.114533859153315,29.07177518031248,29.50706360356308,28.776663827123713,27.677146360672545,26.950612247031145,2024-04-20,39.59166666666667,37.554545454545455,29.681818181818187,24.5,test
2024-04-28,30.452031369263356,29.247351957651464,28.243481332149017,27.483138392892073,26.11900117344441,24.871961356878174,25.560191446521078,27.043136479653807,27.11175860485891,28.684139395592553,26.52990391520737,26.647563783493485,27.570403886195674,25.907736828016137,26.446834176434283,27.783537594242148,25.431278678254465,25.31820773813889,26.378379934643483,26.241295210361557,27.232675635900105,28.28911753249388,29.247351957651464,29.674462829220218,28.943328172105662,27.844576167771148,27.11776071377422,27.93999681197867,27.63029093019592,27.483138392892073,27.800010359232754,27.94836355805526,30.452031369263356,28.243481332149017,2024-04-27,37.554545454545455,33.690909090909095,29.449999999999996,24.9,test
2024-05-01,30.401548816681796,29.224118435321333,28.238035712587468,27.690833996741137,25.60696592834405,26.177785059983478,28.070358206514825,26.12027198109875,26.361352286708023,27.370302062675016,25.75373693994299,26.330265236576846,27.690833996741137,25.353791221218493,25.25042183606885,26.31923834048867,26.18495934378911,27.18133815120716,28.238035712587468,29.196433145308312,29.62364794775484,28.892579555218063,27.792973066530696,27.06659961642118,27.887946994125574,27.578743523215653,27.431911314625218,27.748987517160185,27.897470933541438,30.401548816681796,28.192900335822408,28.97509928696669,29.224118435321333,27.7734164499267,2024-04-30,37.554545454545455,33.690909090909095,29.449999999999996,25.427272727272726,test
2024-05-07,30.238345235059548,29.433566195073656,28.983281033886932,27.726034438608067,22.691299889102844,24.311022858748114,26.33927695886755,24.42221990439721,24.60070427075319,25.836949745836726,25.80741947081692,26.882187113156007,27.99197102019464,28.983281033886932,29.433566195073656,28.712072718401323,27.62304829699011,26.904151641265585,27.726034438608067,27.416039209531743,27.26904296641598,27.585253853130055,27.735058108260713,30.238345235059548,28.02892639919384,28.812177511847512,29.06228076514673,27.612145702082337,27.698955433449854,28.296961153129562,28.527946293545543,29.39855904364434,29.68458910414198,29.409060448843448,2024-05-06,37.554545454545455,33.690909090909095,30.754545454545454,27.263636363636365,test
2024-05-14,30.330422066232916,29.780834577090403,29.394467723039647,28.572908064107946,25.140986299984508,26.918540140330173,28.366817742839842,29.11534839697287,28.52895460293852,27.516245469129863,26.864604261732726,27.735485298592476,27.45689125314972,27.31853375244177,27.637739468196518,27.809532859528176,30.330422066232916,28.125443110703088,28.909293978425005,29.159721005267087,27.713943545533176,27.80444815884173,28.39748641782601,28.623997934311316,29.494232169921894,29.780834577090403,29.50569221974418,28.725259321901966,29.622599932818886,29.394467723039647,30.049212378703274,28.678105881669673,28.572908064107946,28.66025427521996,2024-05-13,35.981818181818184,32.918181818181814,31.05454545454546,29.190909090909088,test
2024-05-21,31.536137873588213,30.695615405460945,29.88755316438433,29.32388377906889,31.536137873588213,29.88755316438433,28.875451134145635,28.641592110193532,28.481637597648202,30.780649590360895,28.45229509735396,29.136842493346702,29.325092519941755,27.83976744114001,27.903591003168085,28.47200387912721,28.686593181001353,29.54262854687642,29.82770607821345,29.55117673006357,28.76982472079412,29.6671140427599,29.441726029392246,30.096842277450556,28.728378861415397,28.622120662445365,28.708942057629265,29.12837013504335,29.116238510131378,29.96899116407069,29.32388377906889,29.82866343619547,30.39521250601728,30.695615405460945,2024-05-20,35.981818181818184,33.16363636363636,32.0,29.963636363636365,test
2024-05-28,33.93976939169441,31.19166565682544,30.698901350535508,29.954198406302876,33.93976939169441,32.41476076205811,29.846972530587678,29.181750957154996,29.302266766987746,29.223942319328973,29.954198406302876,30.117173809798647,29.753613303816515,28.913167734480403,29.78696168087668,29.540418935912516,30.184725026123726,28.78713011526381,28.677582192327094,28.76565447699086,29.187194499314284,29.171237217559206,30.02380258824162,29.377599195826388,29.889790879731603,30.455491500396807,30.754132262839935,30.698901350535508,31.19166565682544,30.391471537610023,30.69671949587217,30.837382949301002,30.69285648091105,31.003256972654558,2024-05-27,35.36363636363637,32.93636363636364,31.4,30.41818181818182,test
2024-06-01,31.009623727737964,30.824762308701402,30.51631529343842,29.8433425594968,26.94785414488584,27.657856165500064,28.890735935570376,29.33390325788309,29.18194706217255,28.48403268522664,29.444774416681806,29.2569891052207,29.938757945732938,28.565048653703595,28.485417562479917,28.580543972473404,29.003804013149747,28.990375857632305,29.8433425594968,29.19739504908604,29.709749879049014,30.270197749276683,30.569873382010897,30.51631529343842,31.009623727737964,30.210218270708747,30.51596906670209,30.65695312100204,30.514584728120976,30.824762308701402,30.802333738762364,30.977715664299577,30.50310709543356,30.511075343172323,2024-05-31,35.36363636363637,32.93636363636364,31.418181818181814,30.718181818181815,test
2024-06-07,31.119863419618632,31.07889161197101,30.851257973131585,30.610960612144943,31.119863419618632,30.36265229570479,30.693252121463626,29.092126673954656,28.852211237720187,28.849911409611792,29.22149599982423,29.16551562980731,29.990811509973934,29.32288613755543,29.82251082888803,30.380417725074587,30.676734207869988,30.617226127544395,31.110243917247548,30.310850183136722,30.61818962023149,30.75971879740068,30.6156645092906,30.92540144629187,30.904080836678357,31.07889161197101,30.603847027473908,30.610960612144943,30.689722007401567,30.851257973131585,31.078317115291203,30.58851551606785,30.551254116258946,30.597538211597474,2024-06-06,35.36363636363637,33.16363636363636,31.500000000000004,30.936363636363634,test
2024-06-14,31.828521879539718,31.50031104085289,31.203973648303943,30.92791098413321,30.9730216904516,31.176972705849295,30.092286851803912,30.34616439425625,30.743684256457357,30.941208783773867,30.822008759287307,31.265405428851476,30.43519576841057,30.730401040905488,30.856909581396867,30.70462883146199,31.00785585905223,30.981182505405396,31.156797432191574,30.68196589217844,30.686475045496913,30.766232480170178,30.92791098413321,31.155522311460302,30.666511206632908,30.628215842564025,30.67394999187626,30.900381813766987,31.203973648303943,31.50031104085289,31.68504088275349,31.828521879539718,31.4996415190882,31.445542191694177,2024-06-13,35.36363636363637,34.027272727272724,32.38181818181818,31.109090909090902,test
2024-06-21,31.855636726680356,31.766050611971195,31.700738457877314,31.172263307023215,31.132393103839256,30.373329986914616,30.69442234276285,30.838117777328865,30.698535702453558,31.013263503350043,30.995791147133207,31.172263307023215,30.69695294518191,30.70825944160387,30.792102115863603,30.955750485833434,31.183376181020275,30.693692850509,30.656795778753605,30.703795421440947,30.92844370193763,31.230989058985354,31.52689075791362,31.711795627175835,31.855636726680356,31.526319676408995,31.471805534009267,31.467476940459548,31.731221194875918,31.568785212371036,31.700738457877314,31.766050611971195,31.782543804970096,31.760945473891137,2024-06-20,34.25454545454546,33.97272727272727,32.29090909090909,31.418181818181814,test
2024-06-28,32.70488248801097,32.32863496231732,31.849767672990797,31.563140354763856,31.23565192446255,30.73411250563067,30.729611678366947,30.803845889391805,30.96338906682544,31.18136843835582,30.693009961627222,30.654552105759414,30.70063056810526,30.9243574886921,31.22614398125284,31.520824762003183,31.707514710367324,31.849767672990797,31.520315358379282,31.465688003676572,31.461409052150877,31.725247476357215,31.563140354763856,31.69436833733115,31.760212374264814,31.77672472517321,31.755148445088693,31.903621795495834,31.84743744771243,32.26004921884308,32.70488248801097,32.36047476664546,32.32863496231732,32.04993403434905,2024-06-27,34.25454545454546,33.97272727272727,32.627272727272725,32.018181818181816,test
2024-07-01,32.703525299371975,32.327266665788365,32.04850674145874,31.723878189032984,30.604811867268584,30.836016738638673,31.09968639965302,30.64045928221074,30.621431321119637,30.680723887512457,30.908312263584403,31.215440016886284,31.513526295554225,31.70238753205216,31.846024871431705,31.51714293654042,31.46257802156704,31.46000328238759,31.723878189032984,31.561794328028515,31.693037141155642,31.75889063380456,31.775522903451943,31.754132941131573,31.90211806113251,31.846005405561,32.25866288643888,32.703525299371975,32.35913615958047,32.327266665788365,32.04850674145874,32.03827849080359,32.08171770569428,32.15865398205037,2024-06-30,34.25454545454546,33.97272727272727,32.76363636363636,32.14545454545454,test
2024-07-07,32.832327515052455,32.68472146936306,32.357930296474734,31.92426722999549,30.685193693555707,31.081875264124044,31.436449885012017,31.662129813166164,31.84354154672021,31.517583616579035,31.46656282947262,31.47061375611901,31.738472461587488,31.579150953951217,31.71186225345048,31.773436892589043,31.7950584084836,31.776236854677233,31.92426722999549,31.868271182764964,32.28092191784344,32.72588679620564,32.38346499717447,32.35003524666104,32.07050396863239,32.06036464990949,32.10382856145459,32.180810159499295,32.381987944678706,32.832327515052455,32.68472146936306,32.357930296474734,32.29317485380109,32.3706840111181,2024-07-06,34.25454545454546,33.53636363636364,32.627272727272725,32.3,test
2024-07-14,32.89963864830364,32.752049612503924,32.43650990442955,32.24710175014679,32.07834389388909,32.153849415463455,31.868281958140596,31.926646770457598,31.939852262027184,31.92923608434127,31.88250483350245,32.01575176748941,31.948973430827625,32.35606426457721,32.79524280892022,32.44948444386837,32.414437342998724,32.136557486783175,32.12637283228754,32.17030260956318,32.24710175014679,32.448980676420874,32.89963864830364,32.752049612503924,32.424290908356326,32.359319128107124,32.43650990442955,32.440441751204816,32.32274752543971,32.16865802969782,32.085349718350365,32.298893354454,32.3121128849829,32.15464077199782,2024-07-13,32.972727272727276,32.76363636363636,32.39090909090909,32.03636363636363,test
2024-07-21,32.9058334458139,32.756573694323855,32.49349185895257,32.40626061778193,32.27402248740898,32.11590624417132,32.46688592278564,32.86633994342984,32.49349185895257,32.44554545169787,32.159218545044624,32.143281321855135,32.18194421227852,32.25461050117663,32.45529462788595,32.9058334458139,32.756573694323855,32.42783097984238,32.36236561278465,32.43982491047879,32.44421052929298,32.32628035251759,32.17180604494787,32.088834003063354,32.3025624208917,32.31585096639234,32.1582101487427,32.2493773078274,32.36444445745478,32.5397943698403,32.67257902800763,32.40626061778193,32.43870136906181,32.66044020878153,2024-07-20,32.972727272727276,32.76363636363636,32.47272727272727,32.00909090909091,test
2024-07-28,32.8528548182474,32.716368980465454,32.6348101837466,32.39757867849652,31.868119881390477,32.00377734851384,32.137839302121975,32.3724277600411,32.8528548182474,32.716368980465454,32.39928153647465,32.33991574361652,32.42234666874665,32.4300649360669,32.31617086497366,32.161253247211356,32.080289783044584,32.29401839949788,32.30779273001335,32.15006679081753,32.241120294871955,32.35541792305932,32.531377407841575,32.663715087205155,32.39757867849652,32.42995834656351,32.65180224623739,32.500626690442864,32.6348101837466,32.67260741192395,32.79064449203755,32.444022369084486,32.3420544460851,32.36075377292935,2024-07-27,33.31818181818182,32.57272727272727,32.381818181818176,32.00909090909091,test
2024-08-01,32.81002689337895,32.69241341212984,32.64403710459899,32.387358664909996,32.81002689337895,32.69241341212984,32.387358664909996,32.33896996398726,32.426977954412706,32.43479795130643,32.3215786549116,32.168067676756934,32.088001062320366,32.30230149506135,32.31523495037715,32.15749140701767,32.24979343556884,32.36466466054051,32.54063375310008,32.67297755822071,32.406845055191624,32.439666854806944,32.66160353949137,32.51002769932929,32.64403710459899,32.68185321316988,32.79990233110452,32.453287883263464,32.35116451232437,32.36983369865549,32.213390498978704,32.3103883019346,32.02919522885602,31.922751444502083,2024-07-31,33.31818181818182,32.47272727272727,32.32727272727273,31.927272727272726,test
2024-08-07,32.76670708160773,32.63176896048757,32.476887107795775,32.201844099741145,31.82960087670044,31.84049168685415,31.86682143569696,32.148494970860014,32.201844099741145,32.0707609772202,32.182606612011966,32.30988114046361,32.494490958040984,32.63176896048757,32.36895143506244,32.404813274111035,32.628362890961895,32.476887107795775,32.61098123140919,32.64858417318932,32.76670708160773,32.42007803939357,32.31760747237177,32.33617394908919,32.18000383130159,32.27716811560045,31.99617863200761,31.889788172515576,31.974923212453,31.720237679490094,31.800109755239635,31.785942047397484,31.884670796031276,31.64129985798216,2024-08-06,33.31818181818182,32.47272727272727,32.199999999999996,31.781818181818178,test
2024-08-14,32.752304281474935,32.60413091583427,32.41792879084714,32.16706217904145,32.1939850112963,32.41792879084714,32.57593894148094,32.326124231541705,32.37152862133095,32.60413091583427,32.45634054147981,32.593423469497864,32.63198498394701,32.752304281474935,32.40715427076293,32.30517002914383,32.322963935126054,32.16706217904145,32.264164498589544,31.983480901505317,31.87670732525443,31.961569411692885,31.70687640386228,31.78713856438341,31.772942045905953,31.87173742739589,31.62828300472551,31.69769714444184,31.603454805455755,31.460514159937738,31.653482896457973,31.688633622056233,32.14616722766687,31.466954027900076,2024-08-13,33.418181818181814,32.52727272727273,32.25454545454546,31.718181818181822,test
2024-08-21,32.53764438460254,32.26363105866768,32.122552801451114,31.749340896333155,32.107295433634604,32.31192029837765,32.53764438460254,32.26363105866768,32.205644401266056,32.25041776445639,32.109252562447104,32.21927962142836,31.946991032526427,31.845742993135396,31.932693896777987,31.67982794781389,31.7616462204233,31.749340896333155,31.848055025365433,31.604492481967423,31.673774583296524,31.579971115308116,31.437129658900496,31.63001895860653,31.664791146745177,32.122552801451114,31.443505540766868,31.146268536608687,30.935182697486148,31.372819771999243,31.305260152479175,31.578174550195023,31.6689141162869,31.27093360224649,2024-08-20,33.418181818181814,32.52727272727273,31.87272727272727,31.436363636363634,test
2024-08-28,32.38535595293004,32.057131925125006,31.787537262058528,31.586172406662026,32.38535595293004,32.057131925125006,31.915231466466683,31.977077580812903,31.710187774140643,31.787537262058528,31.76512757970383,31.8605105626911,31.612576019623496,31.680890116945864,31.586172406662026,31.442024995668483,31.63245044348757,31.668297739696147,32.12561017215215,31.447096404994987,31.149535954626838,30.93835223202996,31.376190600698564,31.309354236380944,31.58176474082917,31.672596866610583,31.274376337921552,30.813816197594885,31.00078469595247,30.96323294154645,30.349903388410862,30.25565780013433,30.57936542077079,30.557274306319073,2024-08-27,33.418181818181814,31.75454545454545,31.527272727272734,31.03636363636364,test
2024-09-01,32.09755173753469,31.64797301578328,31.576496538639,31.28509695941028,31.281352071058166,31.505383979416695,31.576496538639,31.72837807703962,31.51778362338926,31.610789738221737,31.53179105349911,31.398576527435825,31.595972598609166,31.636264246903835,32.09755173753469,31.42109187300176,31.12451833227839,30.913972668640113,31.351885712245505,31.28509695941028,31.557537820138037,31.64797301578328,31.249674664173096,30.7891825693932,30.976191234982043,30.93878622546287,30.325550234396385,30.231364299719804,30.555261777583905,30.533227796417997,30.632701567987272,30.64469002377743,30.55393425505886,30.177333625562273,2024-08-31,33.418181818181814,31.75454545454545,31.490909090909096,30.69090909090909,test
2024-09-07,32.03442890597357,31.55144858304589,31.32571309236305,30.957007227074936,31.26877130850197,31.22299759221183,31.478062955799096,31.55144858304589,32.03442890597357,31.373568432407712,31.087196645496604,30.88324127168109,31.32571309236305,31.261131241908544,31.536319491236092,31.628290223641518,31.23032594948699,30.769953547797662,30.957007227074936,30.919500745617547,30.306455244074687,30.211901940161912,30.53564402229846,30.5137461847458,30.61334078991281,30.625417702806512,30.534765807804167,30.158138337515144,31.215498130736528,31.248095535000076,30.002449899499727,29.49641432993009,29.034026222420902,28.832864121209667,2024-09-06,33.418181818181814,31.75454545454545,31.154545454545453,29.94545454545455,test
2024-09-14,31.729658766182848,31.661566948986053,31.271497155373982,30.55891269346236,31.394205204367506,31.661566948986053,31.48247613657008,31.68281127459656,31.729658766182848,31.314742565122895,30.829914962020002,31.003280207695997,30.957064802344384,30.33951033668977,30.242754763488556,30.56414379858046,30.53643559822123,30.637302784519214,30.649496742663853,30.55891269346236,30.18194783332622,31.23884721955122,31.271497155373982,30.02745694821496,29.520629750363963,29.057990143254507,28.856670162966637,29.41781524206066,29.504172663920816,30.001114306352328,29.525662307789357,29.27178081758274,29.234144516488847,29.669254124253985,2024-09-13,31.154545454545453,30.4,29.981818181818184,29.227272727272727,test
2024-09-21,31.223564701829,31.186080587426922,30.559413593640134,29.978735700024473,31.186080587426922,31.052939664410477,30.3768167623165,30.241717221551568,30.541029331599894,30.49917915189551,30.60186551467514,30.60934745082344,30.514481527075485,30.1359340617845,31.192189742093195,31.223564701829,29.978735700024473,29.467453635230992,29.0041152181768,28.80281563010446,29.363555226269625,29.449520877285288,29.94652804664496,29.4711090342932,29.21868988809053,29.181204913172948,29.616241070517614,29.827147322969974,28.77263043881222,29.16268112404729,30.559413593640134,30.0100035914453,28.866664902464787,28.43461085824144,2024-09-20,30.4,30.027272727272727,29.527272727272727,28.863636363636363,test
2024-09-28,31.163307548992552,30.518380823545336,29.96910655423979,29.390361223087506,30.458128671999596,30.398879875428005,30.046829312578804,31.123510689986947,31.163307548992552,29.92530005175367,29.418953880775028,28.961229993807553,28.76229724932909,29.323164376844343,29.407923287836855,29.90583915548289,29.430470012504337,29.17786871713917,29.139367690453277,29.57419838166983,29.785477489128446,28.731668096042398,29.121557848015417,30.518380823545336,29.96910655423979,28.82618261454336,28.39423167764821,29.259271249092507,29.390361223087506,28.769420238999004,27.957955406489233,27.961010593498614,27.589586012024178,27.42136352829956,2024-09-27,30.027272727272727,29.563636363636363,28.89090909090909,28.427272727272726,test
2024-10-01,30.66903494634678,30.364550581597243,29.599787746219405,29.140118755606103,30.364550581597243,30.66903494634678,29.599787746219405,29.201040299257293,28.809898442325835,28.651742842425733,29.239974548838497,29.344461781971344,29.85495609564775,29.38760675807452,29.140118755606103,29.10561499486878,29.543604958854036,29.756400260229874,28.702725617597903,29.092701284191648,30.489579037437192,29.940339693480837,28.797169188071667,28.364838322911194,29.229817322286603,29.361172096507577,28.740399944584706,27.929042756621115,27.93216657598072,27.560883799529893,27.39283295721569,26.402024579980488,26.20307029743515,26.20738897764376,2024-09-30,29.581818181818186,29.227272727272727,28.890909090909087,27.999999999999996,test
2024-10-07,30.45063236322824,29.822412286210266,29.327098122928096,28.6970414372452,29.2557666041827,29.327098122928096,29.822412286210266,29.35597131119635,29.10631084722783,29.070562463368333,29.506345807253478,29.717598306164486,28.6674830092336,29.057554612955855,30.45063236322824,29.89997374317068,28.755847088865046,28.323421959353947,29.188390420918225,29.31808159642501,28.6970414372452,27.886921578802017,27.89046829720617,27.519473842647677,27.351418872699472,26.36058978744671,26.16222658200463,26.166633026668414,26.535883957192297,26.347638784806815,26.08025477658891,26.166497259084625,26.029969129632715,25.463728424214978,2024-10-06,29.581818181818186,29.227272727272727,28.890909090909087,27.763636363636362,test
2024-10-14,30.257051182575402,29.25246655692242,28.64801937328718,26.484878460106202,29.139007208977006,28.283856166473416,28.79087513544663,30.257051182575402,29.757969511039157,28.64801937328718,28.234501367405237,29.115745604092556,29.25246655692242,28.638592203821304,27.8335755788479,27.838563168630543,27.468016212718503,27.30129810882121,26.309781979548077,26.112201549374582,26.11612829296101,26.484878460106202,26.296975178621743,26.029980996988872,26.116088516442044,25.980035773589215,25.413652920695547,25.260055460540237,25.50049418274413,25.61422565102291,26.131892337464198,25.554675729969496,25.162020175176345,25.23158424436203,2024-10-13,29.581818181818186,29.136363636363637,28.400000000000002,27.05454545454545,test
2024-10-21,28.933356199983063,28.407922716059048,27.217940540451167,25.981108995939426,28.63471429262302,28.933356199983063,28.407922716059048,27.659712272743487,27.70849337385225,27.359051780769235,27.217940540451167,26.238042877937012,26.045642202356024,26.05826815438089,26.432412424659336,26.245185712641437,25.981108995939426,26.064645258843168,25.928670193305738,25.363149433586784,25.20813340652643,25.44772324360284,25.561921031256187,26.078978331910275,25.502989358646996,25.110490291722634,25.179857783723772,25.04202594493184,25.03885392097147,24.025056041282447,24.042423637713757,24.040481423417926,24.668394381427333,24.008178748316134,2024-10-20,29.563636363636363,28.89090909090909,27.70909090909091,25.61818181818182,test
2024-10-28,27.71471883468592,26.799420591008747,26.13057256905751,25.161146280302823,27.71471883468592,26.97011607335179,26.6410017615178,26.799420591008747,26.47787613096275,26.13057256905751,26.1604186270093,25.988487073244304,25.399358927489267,25.225522140436173,25.45232353048157,25.557191372213193,26.067420416988348,25.487306232917653,25.092805949295478,25.161146280302823,25.024034163924156,25.02160865018605,24.00871572167662,24.026981112774482,24.02552802842647,24.653523463930803,23.993269684211555,22.9775324867167,22.46069953157048,22.534654813476337,22.01520697099915,22.83938748089768,23.43338853140989,23.794673546258615,2024-10-27,28.990909090909096,28.400000000000002,26.663636363636364,24.545454545454547,test
2024-11-01,26.00961765611419,25.731736950478368,25.43934213253944,24.62364116875922,25.551386121448957,25.52879997784959,25.76568039443709,25.731736950478368,25.217001206773954,25.093421771678873,25.354886974560262,25.483957431428212,26.00961765611419,25.43934213253944,25.04893148279469,25.124834421332803,24.99151342333048,24.99054931504825,23.977821697777973,23.996192488538576,23.99480660524091,24.62364116875922,23.96211522052408,22.94594280618086,22.42918093458088,22.5034610721897,21.98422035223912,22.808532919973292,23.402327756665013,23.764140389991727,23.74447548717079,23.362485147119738,22.81042950954029,22.938920550134828,2024-10-31,28.490909090909096,27.70909090909091,26.409090909090914,23.94545454545454,test
2024-11-07,27.485735696332636,26.878969841672475,25.208415985088244,23.80921205112448,27.485735696332636,26.878969841672475,26.92312008642127,26.030881807722253,25.443651837091082,25.403550594030214,25.208415985088244,25.151579008523562,24.09819879973783,24.0951554913954,24.085572432183252,24.70609564052201,24.035811421806056,23.00962413228588,22.492480631963588,22.568351571435265,22.048481990195942,22.87040371652368,23.463799312842323,23.82661896100413,23.80921205112448,23.426471766499237,22.873269054850933,23.001628005683845,23.37699400952979,23.447459010042362,22.876183300952086,21.97692538565944,20.63099460677462,20.018723950866118,2024-11-06,27.6,26.663636363636364,24.545454545454547,22.499999999999996,test
2024-11-14,24.511968472737895,23.897270457239728,23.699511114168715,22.833986760104654,24.24498415290278,23.50570629554785,23.699511114168715,23.82287706057435,24.511968472737895,23.897270457239728,22.903655418004696,22.40970642323286,22.50038553465305,21.991204061147386,22.817226192192727,23.41914364808699,23.783068217003624,23.76741198381748,23.384902755428413,22.831840159884695,22.959833774987292,23.335956724757935,23.40474981489457,22.833986760104654,21.93467414607737,20.589031313432276,19.976946873640784,21.049678821540162,20.768264468656113,20.30861846605495,20.32689949363416,19.729922249902017,19.479712181638643,19.132093488240777,2024-11-13,26.409090909090914,24.545454545454547,23.372727272727275,21.44,test
2024-11-21,23.71146788066217,23.36850731662725,22.91632745321893,21.01128046050821,22.135994778252538,22.318207563530336,21.859283974901217,22.72185092015136,23.330811402419542,23.699967148068243,23.71146788066217,23.336134942801635,22.784480795335753,22.91632745321893,23.293265394896117,23.36850731662725,22.801585801783258,21.89603450030383,20.550111607039693,19.939003653280764,21.01128046050821,20.730174640814262,20.268562914718657,20.285689147846927,19.691144220268438,19.44113639745199,19.093225395158502,19.56864004939954,19.474447567135837,19.082969422958598,19.322297788454094,20.263341027121868,19.77043964253751,19.702323046322928,2024-11-20,26.409090909090914,23.372727272727275,21.700000000000003,20.654545454545453,test
2024-11-28,22.338990910338293,21.834462626603774,20.48150237007019,19.507179454766145,18.29437991769764,19.518596140238273,20.77340013949752,21.834462626603774,22.338990910338293,22.055762319035153,21.34194927335548,20.12645163316779,19.59254713346612,20.717442173761327,20.48150237007019,20.05120420648591,20.084653023241916,19.496554198172436,19.24767437353818,18.9026538598767,19.378673393605826,19.28062955145506,18.88577806363686,19.12428406665718,20.066247560196857,19.57502045275284,19.507179454766145,19.262966730986598,18.75414803256167,18.431277329424606,18.233387691002804,17.884002035217417,18.638033846644667,18.719990035308058,2024-11-27,23.372727272727275,22.37,21.518181818181816,20.563636363636366,test
2024-12-01,21.939498807847965,21.215416318873555,20.059647267273476,19.365084970698184,21.215416318873555,21.939498807847965,21.79625428116558,21.17169271817255,20.018802680204736,19.512106778525304,20.65898614673968,20.439410682105887,20.019546145577745,20.059647267273476,19.47578983982853,19.22753455310403,18.887547313358482,19.365084970698184,19.267152901971585,18.872372679006702,19.110924119297604,20.05291658287598,19.56246643510155,19.493430355267066,19.24907239409719,18.740473343377197,18.417742683918583,18.21994233498824,17.87061360867924,18.624405089144155,18.706824573338835,18.360567500710953,17.46695890234126,17.4233286707055,2024-11-30,23.372727272727275,22.37,21.518181818181816,20.563636363636366,test
2024-12-07,22.49145420536216,20.770585721753452,19.597686233353798,18.93977511877955,22.49145420536216,21.609006065901998,20.770585721753452,20.553464289970336,19.80209772502745,19.45275764199952,19.050624752722022,19.47943228571048,19.353741856971485,18.93977511877955,19.162577181532473,20.09580764307022,19.597686233353798,19.522918680192163,19.278227877418374,18.76820900516845,18.445115871426577,18.24836687230233,17.89924180978369,18.653923473921328,18.73721702840432,18.39030588353207,17.496720685807116,17.452907416895602,17.45216821833592,17.622750569307716,17.77656103510861,17.917813190009475,17.27488751481255,17.554244330382488,2024-12-06,23.372727272727275,21.700000000000003,21.219999999999995,19.963636363636365,test
2024-12-14,20.478362012755063,20.017237743901763,19.393271284436356,17.981989119045142,20.478362012755063,20.017237743901763,19.393271284436356,19.48293210568838,20.32336609703249,19.765526813156765,19.656423807245645,19.388465480660162,18.860064918186666,18.523841505620045,18.318446948397813,17.966693695434117,18.719901137846993,18.800890863741326,18.45301261043299,17.56010431972166,17.517237030126843,17.517200870921343,17.68717961900154,17.84053176033768,17.981989119045142,17.339011276542713,17.61786307217704,17.73113793094664,17.56312357998689,17.065423816543248,16.15578010167046,16.56259929713947,16.815109717758663,16.45292864485832,2024-12-13,21.654545454545453,21.20909090909091,20.525000000000002,19.054545454545455,test
2024-12-21,18.730503362462297,18.52034171391297,18.17434748693548,17.6722760060122,18.52034171391297,18.305433532775368,18.17434748693548,18.0953203341055,17.82294655209995,18.631414849615965,18.730503362462297,18.408151315000513,17.528616214979063,17.492357109127386,17.49814795733221,17.6722760060122,17.82657782949876,17.97488984562374,17.33118132348575,17.610625596898355,17.724977845791773,17.557061873756464,17.059266515025126,16.150180340236407,16.55507588609748,16.808220238455817,16.446057360420326,16.955352412442586,16.649884920540245,17.40110138943001,17.69557526113627,18.34621336184084,17.831418507304537,16.841137725562866,2024-12-20,21.845454545454544,21.290909090909093,20.525000000000002,18.90909090909091,test
2024-12-28,18.713584976336872,18.31849333540371,17.865072210329174,17.378298931667704,15.73776633566754,15.816289080079176,16.39754403162485,16.785092473801253,17.22695945194669,17.521694006487834,17.752101765871643,17.177494053077666,17.50379181882625,17.64558353772765,17.49952406272449,17.006788202619067,16.11196877280349,16.52867465220838,16.783237289189938,16.420958964639876,16.931067941091662,16.62452869307163,17.378298931667704,17.67037432296222,18.31849333540371,17.804321379893743,16.814809650181655,17.225413879447242,18.713584976336872,18.440800712799764,18.29041286168734,18.20458074395928,18.198716360683644,17.865072210329174,2024-12-27,21.845454545454544,21.15833333333333,20.525000000000002,18.908333333333335,test
2025-01-01,18.66681452919199,18.27263399996317,18.044083250260552,17.332243809271848,16.1650315602136,16.828104307179792,17.293358296333526,16.862209249341987,17.293798610357694,17.481408139380736,17.377968664218848,16.91268666709923,16.035371358081957,16.463237570190483,16.727204523318086,16.365880206497103,16.88437098792006,16.578286052422712,17.332243809271848,17.62443875904727,18.27263399996317,17.757675944157228,16.769501885841464,17.17812390441515,18.66681452919199,18.394398760708377,18.244245855837704,18.158563535877587,18.153099085150046,17.81903926926291,17.336445514047874,17.359674877105718,18.044083250260552,17.148728905989998,2024-12-31,22.583333333333332,21.290909090909093,20.65,19.145454545454545,test
2025-01-07,18.814644880661536,18.4673912658788,18.31711719302049,17.714280440943003,18.4649655966444,17.637389113438577,16.52515758868473,16.801534411928753,16.97097107683337,16.560938463867696,17.032193956512543,16.69868654921873,17.433109604020814,17.714280440943003,18.356070825691983,17.836279008186743,16.840806023766014,17.250675263063563,18.739178583998733,18.4673912658788,18.31711719302049,18.23113006413497,18.225744853232975,17.893273540467362,17.409540475192323,17.43240176453985,18.11630270387741,17.220815154784486,17.048385482681294,17.12314196867126,17.732101654555123,17.738088310545532,18.3386170223118,18.814644880661536,2025-01-06,22.583333333333332,21.290909090909093,20.616666666666664,19.075,test
2025-01-14,19.469752541516705,19.260727588316644,18.963999375367933,18.455843448906748,19.469752541516705,19.260727588316644,18.946603047238998,19.201566438372204,18.422562728955427,17.27373281222234,17.59487655954536,19.011825184219322,18.692573269529138,18.509763994760043,18.40568684596188,18.393354884116007,18.052109943083913,17.55948149642709,17.582136348154165,18.26657765379433,17.372263463028467,17.199614009767515,17.272557392153296,17.88194555380154,17.889409474538326,18.488886887665963,18.963999375367933,18.455843448906748,19.02599858533077,18.51537170212186,19.330807764805947,18.852225712708034,18.748091086332963,18.400270730700004,2025-01-13,22.583333333333332,21.15833333333333,20.058333333333334,18.883333333333336,test
2025-01-21,19.882901522984437,19.539672449199397,19.08817136708024,18.673447134583817,19.882901522984437,19.272247235643018,18.901388157194244,18.673447134583817,18.588728899451866,18.20465872855201,17.68130828051317,17.678346396507663,18.34986422924214,17.44813323803332,17.272201573273012,17.340649839994715,17.94595858813802,17.95206788631164,18.55288041495033,19.02760073541315,18.51889461791875,19.08817136708024,18.57786062949341,19.393940801297457,18.915314869031295,18.81035034171328,18.462454340497203,19.087179932592107,19.054751138528648,19.085887830584667,18.541067385097378,19.090391396022486,19.539672449199397,19.801831032213958,2025-01-20,22.583333333333332,20.908333333333335,19.575,18.816666666666666,test
2025-01-28,20.64113693438491,20.34522357499094,19.59520137520579,19.141952428131933,19.47208563603969,19.505893306667478,18.20810771347664,17.776131677107244,17.68610108673009,18.187332354017826,18.136100244525604,18.68876627896411,19.136722119122755,18.607107868104066,19.164340137955012,18.644610114164497,19.455791247778475,18.97075331461357,18.865926340810766,18.51668366964031,19.141952428131933,19.109400860184955,19.141093842643638,18.59622451265271,19.14671668764399,19.59520137520579,19.85737533819374,19.207159284335432,19.785749368404133,19.486827392966553,20.34522357499094,20.15312937333607,20.62953731395871,20.64113693438491,2025-01-27,22.583333333333332,20.908333333333335,19.083333333333332,17.116666666666667,test
2025-02-01,20.767255304142804,20.682438561452486,20.332004052668132,19.262271467140607,18.367886053371684,18.640384346331025,18.443315943590402,18.90195743005153,19.298249521965698,18.744781692092577,19.262271467140607,18.72549297032533,19.525804284584325,19.033835937614136,18.92497019695858,18.57013095820814,19.18851755692798,19.160525774295426,19.192102310486394,18.64715873631578,19.197603574468147,19.6459195100307,19.909087856421138,19.260714409744654,19.837215983640863,19.538065177820375,20.396315461445447,20.204128237427668,20.6805274066817,20.69171953299972,20.332004052668132,20.384914369484136,20.767255304142804,20.682438561452486,2025-01-31,21.600000000000005,19.575,18.866666666666667,17.116666666666667,test
2025-02-07,25.41406148521829,22.743601411837496,20.604916203426065,19.813409724968615,16.39751418823697,16.869651478791518,18.312821142691504,18.22668374685342,18.380600044870544,18.181932812665295,18.895844364383784,18.942938301238094,19.02183429796326,18.50721011604033,19.0784612326887,19.538572735472417,19.813409724968615,19.173952240039604,19.75096667228858,19.45234487995437,20.310878002175187,20.118333111793845,20.595040422649777,20.604916203426065,20.243823047454267,20.297741190244835,20.680651017798407,20.59621685062772,21.077803355348674,20.454590069119504,21.241769108665586,22.743601411837496,23.301908194319154,25.41406148521829,2025-02-06,21.600000000000005,20.299999999999997,19.672727272727272,17.384615384615383,test
2025-02-14,25.240709825765133,22.56881642288023,21.460189208635068,20.419617970840466,17.01706582784902,17.730389795981086,17.600740572683844,18.437513089819397,19.06563523466602,19.43401435107466,18.870868586324097,19.499046084577987,19.229327145787877,20.1134094287543,19.929835314194893,20.41272955497956,20.431502275938037,20.070001644136866,20.12274529599409,20.506262225982145,20.419617970840466,20.902464648625692,20.279884393468667,21.065660906545716,22.56881642288023,23.128300460542132,25.240709825765133,22.372770773133343,21.489936847077317,21.937380596575526,21.442668012022235,20.541555098680494,21.460189208635068,20.911521984762125,2025-02-13,29.684615384615384,27.6,20.43076923076923,19.575,test
2025-02-21,25.248292866509892,23.134094700029863,21.89056330688876,20.895909387108524,18.594412185421724,18.666282526829693,19.756920786353437,19.706463828569003,20.281168091383204,20.337813150720162,20.008921457334736,20.087471708335595,20.4820086896048,20.406488364778653,20.895909387108524,20.27499091822532,21.069363387089236,22.574913303558734,23.134094700029863,25.248292866509892,22.3799998411753,21.49712917911639,21.945472187270415,21.448584346262923,20.54721010640707,21.46634475161925,20.91727389345457,19.657910269141293,19.518289640299034,20.515423005340082,20.95746729829894,21.170693612349904,21.89056330688876,23.498009477181576,2025-02-20,30.653846153846153,29.684615384615384,27.05384615384616,19.84615384615385,test
2025-02-28,24.95365214558165,23.420961188411816,22.22257228699082,21.19352237212529,18.737091789263076,19.507511346247195,19.664302514687865,20.310809056093213,19.795860223133484,20.66325027242045,22.22257228699082,22.81920624371522,24.95365214558165,22.100947494640533,21.22474513883782,21.675219122661883,21.17770114841214,20.27329292031245,21.189337608320695,20.639621047295137,19.37886876426126,19.23955556178119,20.23765834886364,20.68104606634438,20.896088923544994,21.617538251092693,23.22550854661476,23.487096109291617,23.420961188411816,22.206170782987794,23.005889929460636,21.19352237212529,21.197207196981893,21.44292934121806,2025-02-27,33.53846153846154,30.653846153846153,27.823076923076925,20.43076923076923,test
2025-03-01,24.92105941674335,23.40908028211113,22.194331033090567,21.185580066732193,19.057827092007724,19.37334203634577,20.121048184826698,19.670622517437792,20.579151450714395,22.164702925060038,22.774783134846583,24.92105941674335,22.07589761692114,21.204504455992655,21.658044701495978,21.162481724066197,20.259319969022577,21.17735461709654,20.62771886117289,19.367018098111473,19.2277377438984,20.225861474482816,20.669262545187784,20.88431391617934,21.605332760074155,23.21346184696647,23.475150652347423,23.40908028211113,22.194331033090567,22.994076420193302,21.18172559344176,21.185580066732193,21.431252361650614,21.348436292765296,2025-02-28,33.53846153846154,30.653846153846153,27.823076923076925,20.43076923076923,test
2025-03-07,24.130666734424427,23.418941123631722,22.902993904292487,21.56175230974136,21.570907180970195,24.130666734424427,21.56175230974136,20.863324507274253,21.42695394326473,20.9949510296983,20.131161640284862,21.0806000237527,20.55384932297108,19.303137996594923,19.171381160710876,20.174371277165967,20.623293445443593,20.842285288956933,21.563518629937413,23.170740472384658,23.433529114612938,23.36773895305442,22.153143006751325,22.95210413342575,21.139099982961657,21.143375967831712,21.38969776987644,21.306683730589146,22.902993904292487,22.689690256395373,21.941289985930027,22.21927082868799,22.11514324119554,23.418941123631722,2025-03-06,33.53846153846154,30.653846153846153,29.453846153846158,22.892307692307693,test
2025-03-14,27.040444722974613,24.901267538753228,23.583361920136756,22.776153469736634,27.040444722974613,24.394577440383564,21.798628179105,20.805679952850376,21.26011758586909,21.387829860820332,21.398027685454068,21.97050788681241,23.473779167811063,23.66814796979545,23.560007428311863,22.318216790080456,23.08943097792668,21.260193226043715,21.259819202422484,21.506498036619828,21.42449310302901,23.020982405332287,22.80786328384317,22.0633765850675,22.343321134777664,22.238366632819393,23.540425796128275,24.408450919963855,25.586665171340357,24.901267538753228,22.997368027757474,22.594157690746837,23.583361920136756,22.776153469736634,2025-03-13,33.53846153846154,30.653846153846153,29.684615384615384,23.26923076923076,test
2025-03-21,25.97939979745999,25.301360579161518,24.53177642619609,22.861553901896396,18.832735877306035,21.51189485161223,22.480813891695224,22.852974698160985,21.897879383115743,22.83033499252723,21.106443577086413,21.188993697217395,21.490467602044703,21.434345513742148,23.05227502956181,22.85995106176959,22.136582748133335,22.42906510734351,22.32635773697522,23.629147920154093,24.500941054360485,25.679756881470073,24.992144161351685,23.083965822572967,22.678365432730484,23.66814170543475,22.861553901896396,23.62850213458554,24.215151803109432,25.233626973344904,24.88149328526065,24.53177642619609,25.301360579161518,25.97939979745999,2025-03-20,33.53846153846154,31.215384615384615,27.969230769230766,22.869230769230764,test
2025-03-28,28.829883195262216,26.404921798598615,25.71242147792896,25.136222507024787,28.829883195262216,26.404921798598615,24.614625356022966,25.136222507024787,24.252320388626263,23.097654900734078,23.135742608107478,22.83720853510018,24.01167234812325,24.800131421109533,25.922405545822983,25.196034852997116,23.2596287675637,22.828520314990172,23.81429788248153,23.006426319308062,23.773108703363853,24.360832278964104,25.38097976449957,25.031194750951695,24.68571452911121,25.453526796994648,26.12997466082505,25.42930963725816,25.621378171568093,26.71659887209861,25.581896037696204,25.23721936603707,25.71242147792896,25.739254710693455,2025-03-27,34.5923076923077,33.53846153846154,28.907692307692304,23.45384615384615,test
2025-04-01,26.81004320637744,26.282630590143757,25.749564128630364,25.275133586489233,25.738117621278256,24.0481891313269,23.74500216082528,23.25096459785418,24.23882157452566,24.94477164423247,26.04139978138931,25.275133586489233,23.31329080065497,22.865964336184284,23.83334604756596,23.03634195209926,23.7966528812977,24.370481418634636,25.390356405729435,25.04039765176385,24.694806655958306,25.465486224182143,26.135521120481567,25.435618070365745,25.631758509256766,26.726443718837295,25.591399464421247,25.24650510910992,25.720496938773717,25.749564128630364,26.81004320637744,26.282630590143757,26.220569665142406,24.812849798169186,2025-03-31,36.361538461538466,34.41538461538461,28.907692307692304,23.292307692307695,test
2025-04-07,28.586210476408446,26.935881583864614,26.779778107846383,25.68271276962295,28.586210476408446,26.935881583864614,24.37380530574017,23.561213688983603,24.284370677209314,23.332740326139515,24.032832419186036,24.5392697147149,25.508846391373226,25.140155715404436,24.776263352725007,25.539409287494852,26.204244311315755,25.48703263345661,25.68271276962295,26.779778107846383,25.64138709199895,25.296677798312807,25.769279541961495,25.79760506369719,26.862714749922237,26.334397585601163,26.270784844525235,24.86384961995656,25.42682623342647,26.825033184192872,26.83243340932363,28.434419188660044,26.269410839422605,26.373203583748776,2025-04-06,36.361538461538466,34.41538461538461,27.72307692307692,23.52307692307692,test
2025-04-14,28.25857305330592,27.117522362478564,26.518553306954544,25.617824829123958,21.60391406066511,23.605764475363603,23.857256941901312,23.873913008261454,24.889291163111306,25.723709243558105,25.109814347181924,25.38921936989747,26.518553306954544,25.414586863829943,25.097249294949805,25.583801230323402,25.617824829123958,26.68832049782419,26.15692660392676,26.099052299977053,24.69072433731726,25.2508350719845,26.648491839235636,26.656707009256042,28.25857305330592,26.095862893319804,26.198312620372253,27.117522362478564,25.4617622403691,26.006576845017516,27.349124175374726,24.975791086100187,24.859230692984447,25.92075471829309,2025-04-13,36.361538461538466,34.41538461538461,30.423076923076927,25.184615384615388,test
2025-04-21,29.236388996125203,28.50600317597398,27.374067602400835,26.160635502123977,24.90044417288844,26.207217848481022,25.229537283530387,25.009999066074755,25.554167098281383,25.59795758705357,26.674659911009933,26.160635502123977,26.113041535129497,24.706471010459826,25.261399490355707,26.657480543297485,26.67452661490134,28.28203058765973,26.118023507248633,26.21993597542094,27.140552730753466,25.487988377026504,26.03421018407088,27.374067602400835,24.999016737174642,24.883145121595472,25.945002666900862,25.8061415825854,26.792187875560177,27.84497966967136,28.801393226403132,29.236388996125203,28.50600317597398,27.40646270564817,2025-04-20,40.06923076923077,34.5923076923077,30.423076923076927,25.323076923076925,test
2025-04-28,30.01059632925437,28.793599470182052,27.50599696795677,26.78535423124457,23.99571932806385,24.774019981391632,23.868676291454182,24.69071866349695,26.28329958779958,26.42698447751212,28.11583159702674,26.012283327529833,26.134625305402324,27.07751284230329,25.458280597301844,26.01620171842795,27.363024675317657,24.992195959969376,24.87588134810622,25.944064260337097,25.805864283851854,26.78535423124457,27.83744976376139,28.793599470182052,29.22850687030559,28.49920806038115,27.39795071570966,26.671807396006614,27.498549275658636,27.19053643968119,27.04421300497573,27.358285358255774,27.50599696795677,30.01059632925437,2025-04-27,40.06923076923077,35.54615384615385,30.007692307692306,26.784615384615385,test
2025-05-01,32.725802167335914,30.341177557748438,29.022944651140012,27.700429628341634,32.725802167335914,31.476178469782663,29.807721546877367,30.341177557748438,27.497022222772987,27.144264469589054,27.85566254627676,26.02458830967425,26.447442543744963,27.708149127573048,25.28241406270442,25.132532379378496,26.180371564329437,26.003150968411457,26.981193970424922,28.032366954930193,28.98792846027165,29.42246083329065,28.692397623754616,27.590267021533997,26.87306754255521,27.696966007199716,27.387140257688134,27.23966093983739,27.552996321485633,27.700429628341634,30.20499228597177,27.992720113907033,28.77381150323319,29.022944651140012,2025-04-30,40.06923076923077,31.138461538461538,29.46923076923077,26.415384615384617,test
2025-05-07,29.975407484279415,29.198094469413284,28.546953790748905,27.43303302208762,26.52371563030783,25.050153699179365,25.73764683584125,27.173237377729958,24.83653275566506,24.76634522653437,25.869336698000865,25.721945684834754,26.734580640891974,27.794425823019353,28.75327191523335,29.198094469413284,28.466229370222614,27.36136684162368,26.644371107788153,27.46271981119409,27.15423655533297,27.00843183820072,27.31984576232633,27.469103951045437,29.975407484279415,27.76353569498404,28.546953790748905,28.795790285773116,27.34476458119006,27.43303302208762,28.031052495173334,28.26081931354183,29.132251311211828,29.41817241778129,2025-05-06,40.06923076923077,32.69230769230769,30.007692307692306,27.315384615384612,test
2025-05-14,30.156994229901855,29.673617075791952,29.323131739962484,28.49437851248749,27.555395188306285,27.98908636924387,28.67297086807379,29.378504750902255,29.673617075791952,28.84740411186657,27.665814841018758,26.904941739729324,27.68709749718275,27.358031340036298,27.204065554489976,27.505973503494424,27.648767890551877,30.156994229901855,27.944509409523373,28.730533639842026,28.980122500390692,27.527766713327484,27.616756321529685,28.21538255923743,28.44333192885898,29.31427584559506,29.598792727642564,29.323131739962484,28.544572450758572,29.44213050344242,29.211746652563303,29.865830688905618,28.49437851248749,28.38988593090234,2025-05-13,40.06923076923077,32.69230769230769,29.546153846153853,27.369230769230764,test
2025-05-21,30.11810698299059,29.815173144975102,29.393122306671064,28.627762185886034,24.829256341613057,26.336860624281453,26.497883547356526,26.684240741927518,27.122851838239093,27.37202045651215,29.958327117379778,27.805710640972723,28.627762185886034,28.890271765231645,27.43599668767334,27.553041867250446,28.16254811181779,28.39369323409528,29.26299637622371,29.547248968395415,29.27508469341855,28.50245932358444,29.393122306671064,29.160898070967917,29.815173144975102,28.445184294535593,28.341339560189994,28.427915929915486,28.84502011575662,28.835852736248448,29.69144773882619,29.04686972615166,29.552347642348867,30.11810698299059,2025-05-20,35.54615384615385,30.86923076923077,29.57692307692308,28.176923076923078,test
2025-05-28,30.879682475184712,30.44171569011434,30.140962543881415,29.20582011918001,26.129059549299818,27.567677135739466,28.22399918440859,27.02274337545026,27.305037347726927,28.04524994521922,28.29057017507216,29.20582011918001,29.519194415216578,29.265342226645977,28.503688055281575,29.399913522111195,29.161991716382833,29.83785782534365,28.468173988176424,28.364586894141596,28.451420685744207,28.868945856999407,28.860569362018524,29.720040037945484,29.068733757985157,29.57483122586124,30.140962543881415,30.44171569011434,30.389007863032585,30.879682475184712,30.077400351688514,30.384783815791934,30.527844862917835,30.383272875538573,2025-05-27,32.69230769230769,30.2923076923077,29.815384615384616,29.307692307692303,test
2025-06-01,30.948714086606312,30.912513314597412,30.507324813732826,30.168017144249617,30.94396160692635,30.389472293598455,29.80931238404416,30.19291769374386,30.168017144249617,29.699046263851905,28.836780761356128,29.63650640927448,29.337057943778408,29.973695690397392,28.580945286443253,28.46239865888088,28.539490392491818,28.93747597630521,28.928440358144748,29.787490788230084,29.135916566596826,29.641133920517934,30.206796247148514,30.507324813732826,30.459334727728763,30.948714086606312,30.145606131430455,30.45246305915948,30.5954470764306,30.450792366492056,30.760413688501018,30.73579808802755,30.912513314597412,30.439191534230236,2025-05-31,32.45384615384616,31.1,30.26923076923077,29.46153846153846,test
