tag,pred_m1_hot,pred_m1_p3,pred_m1_p7,pred_m1_p15,fc_d1,fc_d2,fc_d3,fc_d4,fc_d5,fc_d6,fc_d7,fc_d8,fc_d9,fc_d10,fc_d11,fc_d12,fc_d13,fc_d14,fc_d15,fc_d16,fc_d17,fc_d18,fc_d19,fc_d20,fc_d21,fc_d22,fc_d23,fc_d24,fc_d25,fc_d26,fc_d27,fc_d28,fc_d29,fc_d30,pred_point,true_m1_hot,true_m1_p3,true_m1_p7,true_m1_p15,split
2021-06-14,35.054046630859375,34.805564880371094,34.75438690185547,34.286495208740234,33.26017761230469,33.22154235839844,33.224708557128906,33.26220703125,33.262351989746094,33.40324401855469,33.6090087890625,33.72262954711914,33.85033416748047,33.92254638671875,33.957923889160156,34.05592346191406,34.05385208129883,34.07769775390625,34.21078872680664,34.286495208740234,34.30683517456055,34.347251892089844,34.346656799316406,34.43549346923828,34.53096008300781,34.690765380859375,34.73296356201172,34.75438690185547,34.775535583496094,34.7615852355957,34.76615905761719,34.805564880371094,34.91468048095703,35.054046630859375,2021-06-13,38.108333333333334,36.84166666666666,36.15833333333333,34.025,test
2021-06-21,34.99189758300781,34.868743896484375,34.61292266845703,34.128456115722656,32.09624099731445,32.46485900878906,32.75846481323242,33.01802062988281,33.18730545043945,33.327110290527344,33.48278045654297,33.491668701171875,33.56974411010742,33.63225555419922,33.64360809326172,33.76854705810547,33.78608322143555,33.88782501220703,34.03996658325195,34.128456115722656,34.146888732910156,34.165523529052734,34.169742584228516,34.253875732421875,34.31006622314453,34.488319396972656,34.54719161987305,34.61292266845703,34.66993713378906,34.713748931884766,34.77617645263672,34.868743896484375,34.936012268066406,34.99189758300781,2021-06-20,38.958333333333336,36.95,36.65,35.13333333333333,test
2021-06-28,35.9113655090332,35.21219253540039,35.102928161621094,34.87461471557617,35.9113655090332,35.39699172973633,34.968406677246094,34.717464447021484,34.52351379394531,34.477787017822266,34.56827926635742,34.55776596069336,34.57213592529297,34.51445770263672,34.44349670410156,34.44151306152344,34.46311950683594,34.54167938232422,34.66480255126953,34.71530532836914,34.79319763183594,34.8641357421875,34.87461471557617,35.01905822753906,35.102928161621094,35.21219253540039,35.20616912841797,35.18585205078125,35.14459991455078,35.051212310791016,35.019962310791016,35.069969177246094,35.0394401550293,35.085880279541016,2021-06-27,38.958333333333336,36.95,36.65,34.791666666666664,test
2021-07-01,35.896026611328125,35.28025817871094,35.14208221435547,35.05259704589844,35.896026611328125,35.35650634765625,35.072288513183594,35.00925064086914,34.89796829223633,34.82904815673828,34.7303352355957,34.59003448486328,34.53888702392578,34.52236557006836,34.55374526977539,34.65976333618164,34.70158004760742,34.79732131958008,34.86299133300781,34.923973083496094,34.99369812011719,35.117332458496094,35.14582824707031,35.28025817871094,35.23822021484375,35.22233581542969,35.14208221435547,35.10871124267578,35.130165100097656,35.125179290771484,35.12284469604492,35.12278366088867,35.044464111328125,35.05259704589844,2021-06-30,38.958333333333336,36.858333333333334,36.01666666666667,34.78333333333333,test
2021-07-07,35.05255126953125,35.00196838378906,34.982643127441406,34.857425689697266,33.0135498046875,33.38448715209961,33.73175811767578,34.031307220458984,34.15958023071289,34.252933502197266,34.378936767578125,34.445701599121094,34.51622772216797,34.572547912597656,34.655391693115234,34.7667121887207,34.81156539916992,34.82952117919922,34.857425689697266,34.8786735534668,34.81563186645508,34.86156463623047,34.88359832763672,34.98781967163086,35.003257751464844,35.05255126953125,34.9951171875,34.95351791381836,34.933502197265625,35.00196838378906,34.97886276245117,34.99660110473633,34.94635772705078,34.982643127441406,2021-07-06,39.833333333333336,38.958333333333336,36.858333333333334,35.13333333333333,test
2021-07-14,35.23992919921875,35.20862579345703,35.13301086425781,35.09163284301758,34.23535919189453,34.34722137451172,34.53112030029297,34.73075485229492,34.847042083740234,34.92345428466797,35.0113639831543,34.9756965637207,34.96818542480469,34.92292785644531,34.926513671875,34.985958099365234,35.04901885986328,35.09524154663086,35.116214752197266,35.07032775878906,35.06715393066406,35.13301086425781,35.12202072143555,35.23992919921875,35.20862579345703,35.21900177001953,35.154083251953125,35.12034225463867,35.12211990356445,35.1485595703125,35.132728576660156,35.14167404174805,35.09163284301758,35.108192443847656,2021-07-13,40.09166666666666,39.8,37.94166666666667,35.266666666666666,test
2021-07-21,35.73371505737305,35.688175201416016,35.62191390991211,35.54745101928711,34.91728973388672,35.003456115722656,35.11144256591797,35.21591567993164,35.29698944091797,35.327728271484375,35.47267150878906,35.46712875366211,35.47483825683594,35.45166015625,35.4552001953125,35.492401123046875,35.54745101928711,35.54621505737305,35.571895599365234,35.605892181396484,35.61277770996094,35.64860153198242,35.62191390991211,35.690887451171875,35.63302993774414,35.73371505737305,35.688175201416016,35.62129211425781,35.56746292114258,35.6040153503418,35.629364013671875,35.588985443115234,35.50749206542969,35.47785186767578,2021-07-20,40.09166666666666,39.8,37.550000000000004,35.025000000000006,test
2021-07-28,35.348838806152344,35.28096389770508,35.25287628173828,35.21726989746094,34.95759582519531,34.998783111572266,35.055564880371094,35.18022918701172,35.20462417602539,35.21726989746094,35.26762008666992,35.18254470825195,35.20085906982422,35.24671936035156,35.239112854003906,35.25287628173828,35.236968994140625,35.28096389770508,35.262447357177734,35.23717498779297,35.22075653076172,35.28628158569336,35.266326904296875,35.348838806152344,35.23250198364258,35.24392318725586,35.15770721435547,35.10007095336914,35.01093292236328,35.085323333740234,35.01970672607422,35.005401611328125,34.93208694458008,34.93626022338867,2021-07-27,40.09166666666666,39.8,37.550000000000004,35.25,test
2021-08-01,36.5902099609375,35.85853576660156,35.55595779418945,35.43659210205078,36.5902099609375,36.18050765991211,35.85853576660156,35.758689880371094,35.64043426513672,35.55595779418945,35.57671356201172,35.49519729614258,35.492279052734375,35.491546630859375,35.45960998535156,35.433013916015625,35.38587188720703,35.444801330566406,35.46649169921875,35.46257019042969,35.43659210205078,35.409976959228516,35.26899719238281,35.301788330078125,35.17043685913086,35.22489547729492,35.189762115478516,35.16046142578125,35.02113342285156,35.00492858886719,34.87684631347656,34.88550567626953,34.93681716918945,35.04742431640625,2021-07-31,40.09166666666666,39.8,37.550000000000004,35.266666666666666,test
2021-08-07,38.39531707763672,37.091697692871094,36.252357482910156,35.81022644042969,38.39531707763672,37.6255989074707,37.091697692871094,36.80082321166992,36.5782585144043,36.356651306152344,36.252357482910156,36.19035339355469,36.16267776489258,36.09290313720703,36.04438018798828,35.93455123901367,35.84235763549805,35.830902099609375,35.78874969482422,35.788841247558594,35.798885345458984,35.81022644042969,35.71585464477539,35.670650482177734,35.50182342529297,35.56554412841797,35.60306930541992,35.67329406738281,35.55064392089844,35.48101806640625,35.31947326660156,35.24894332885742,35.1934928894043,35.20599365234375,2021-08-06,40.09166666666666,36.391666666666666,35.55,34.86666666666667,test
2021-08-14,36.40180969238281,36.120521545410156,35.746788024902344,35.59282302856445,36.40180969238281,36.22761535644531,36.120521545410156,36.09114456176758,35.97530746459961,35.7934455871582,35.746788024902344,35.59282302856445,35.59552764892578,35.6515998840332,35.68436050415039,35.645851135253906,35.56214904785156,35.56430435180664,35.58304214477539,35.63702392578125,35.64159393310547,35.67841339111328,35.53173828125,35.502906799316406,35.35621643066406,35.38709259033203,35.39142990112305,35.330543518066406,35.170448303222656,35.140811920166016,34.899757385253906,34.74505615234375,34.56615447998047,34.582191467285156,2021-08-13,36.391666666666666,35.94166666666667,35.15,33.925,test
2021-08-21,35.54864501953125,35.477928161621094,35.380985260009766,35.16144561767578,35.3798828125,35.41770935058594,35.523155212402344,35.54864501953125,35.43853759765625,35.26995086669922,35.30272674560547,35.22554397583008,35.36180114746094,35.442012786865234,35.477928161621094,35.380985260009766,35.24794006347656,35.218082427978516,35.16144561767578,35.104759216308594,35.048770904541016,35.05171203613281,34.8859748840332,34.8216438293457,34.54298400878906,34.52832794189453,34.50122833251953,34.43354797363281,34.35867691040039,34.33334732055664,34.193267822265625,34.15093231201172,34.057029724121094,34.0135498046875,2021-08-20,36.391666666666666,35.94166666666667,35.15,33.85833333333334,test
2021-08-28,35.74997329711914,35.63074493408203,35.510223388671875,34.682987213134766,35.52339553833008,35.62379837036133,35.70543670654297,35.74997329711914,35.63074493408203,35.510223388671875,35.55836486816406,35.47378158569336,35.46192932128906,35.334266662597656,35.24212646484375,35.03611755371094,34.82889175415039,34.74366760253906,34.682987213134766,34.60686492919922,34.47467803955078,34.432289123535156,34.24531936645508,34.250389099121094,34.07966232299805,34.11391067504883,34.136077880859375,34.00465774536133,33.86769104003906,33.80842971801758,33.679603576660156,33.582481384277344,33.44550704956055,33.374359130859375,2021-08-27,36.00833333333333,35.38333333333333,34.13333333333333,32.85,test
2021-09-01,34.907840728759766,34.88661575317383,34.554996490478516,34.11275100708008,34.184303283691406,34.37582778930664,34.554996490478516,34.8226318359375,34.90279006958008,34.88661575317383,34.907840728759766,34.71699523925781,34.559085845947266,34.39196014404297,34.368865966796875,34.3118896484375,34.266807556152344,34.233642578125,34.11275100708008,34.04712677001953,33.89964294433594,33.945491790771484,33.9092903137207,33.98649215698242,33.80900192260742,33.73757553100586,33.636680603027344,33.421966552734375,33.25358581542969,33.242523193359375,33.105384826660156,32.962615966796875,32.74483108520508,32.636192321777344,2021-08-31,36.00833333333333,34.36666666666667,33.87500000000001,32.11666666666667,test
2021-09-07,33.65748596191406,33.5631217956543,33.499568939208984,33.07000732421875,31.995223999023438,32.529720306396484,32.94998550415039,33.27466583251953,33.41798782348633,33.499568939208984,33.65748596191406,33.63998794555664,33.5631217956543,33.49955368041992,33.49515151977539,33.510013580322266,33.48463821411133,33.54374313354492,33.508567810058594,33.346832275390625,33.14984130859375,33.07000732421875,32.94179916381836,32.89472198486328,32.72008514404297,32.59770202636719,32.34261703491211,32.141448974609375,31.995975494384766,31.930194854736328,31.852277755737305,31.74117088317871,31.537979125976562,31.30990219116211,2021-09-06,36.00833333333333,34.36666666666667,32.79166666666667,30.33333333333333,test
2021-09-14,34.874019622802734,33.88224792480469,33.53064727783203,32.732215881347656,34.874019622802734,34.378578186035156,33.88224792480469,33.69949722290039,33.53649139404297,33.53064727783203,33.594661712646484,33.45415115356445,33.33306884765625,33.25762939453125,33.14034652709961,33.043914794921875,32.901397705078125,32.831085205078125,32.732215881347656,32.525821685791016,32.2614631652832,32.142581939697266,32.07933044433594,31.955493927001953,31.762447357177734,31.60834503173828,31.425739288330078,31.184423446655273,30.94713592529297,30.79784393310547,30.633438110351562,30.51310157775879,30.43963050842285,30.329587936401367,2021-09-13,34.36666666666667,34.025000000000006,32.56666666666667,30.33333333333333,test
2021-09-21,33.750701904296875,33.255958557128906,32.69044876098633,31.55259895324707,33.750701904296875,33.517127990722656,33.255958557128906,33.07346725463867,32.86425018310547,32.722721099853516,32.69044876098633,32.50758743286133,32.34172439575195,32.2166748046875,32.094322204589844,31.99224853515625,31.863513946533203,31.740989685058594,31.55259895324707,31.282062530517578,31.000377655029297,30.848657608032227,30.69070053100586,30.544925689697266,30.408939361572266,30.3601016998291,30.236051559448242,30.09439468383789,29.93373680114746,29.84212875366211,29.716915130615234,29.588285446166992,29.389801025390625,29.12617301940918,2021-09-20,34.36666666666667,34.025000000000006,30.908333333333335,29.95,test
2021-09-28,30.994609832763672,30.8890380859375,30.52101707458496,29.523223876953125,29.053560256958008,30.00045394897461,30.62109375,30.8890380859375,30.994609832763672,30.931865692138672,30.875225067138672,30.69011878967285,30.52101707458496,30.328269958496094,30.15862464904785,29.94852638244629,29.82122039794922,29.720247268676758,29.66197967529297,29.523223876953125,29.32672882080078,29.28680992126465,29.243000030517578,29.19268035888672,29.040470123291016,28.881061553955078,28.669450759887695,28.397111892700195,28.1632022857666,27.983001708984375,27.856273651123047,27.771493911743164,27.583913803100586,27.385190963745117,2021-09-27,34.025000000000006,30.958333333333332,30.516666666666666,28.65833333333333,test
2021-10-01,30.71997833251953,30.581708908081055,30.237394332885742,29.3531551361084,30.237394332885742,30.581708908081055,30.71997833251953,30.67426109313965,30.566192626953125,30.439498901367188,30.40652847290039,30.190601348876953,30.007516860961914,29.819480895996094,29.75075340270996,29.609817504882812,29.510168075561523,29.404144287109375,29.3531551361084,29.242488861083984,29.099308013916016,29.002429962158203,28.844066619873047,28.620601654052734,28.37836456298828,28.195585250854492,28.077463150024414,27.911128997802734,27.775470733642578,27.588130950927734,27.395965576171875,27.18022918701172,26.93514633178711,26.77840232849121,2021-09-30,34.025000000000006,31.150000000000002,30.84166666666667,28.65833333333333,test
2021-10-07,28.864784240722656,28.839061737060547,28.7130069732666,27.88467788696289,28.489580154418945,28.7130069732666,28.821741104125977,28.839061737060547,28.864784240722656,28.82679557800293,28.849380493164062,28.7769775390625,28.67140769958496,28.640321731567383,28.622888565063477,28.533044815063477,28.393091201782227,28.131572723388672,27.88467788696289,27.658000946044922,27.467845916748047,27.375198364257812,27.301435470581055,27.102367401123047,26.89560317993164,26.6031436920166,26.320804595947266,26.06671714782715,25.894384384155273,25.75589942932129,25.636964797973633,25.52805519104004,25.337182998657227,25.195846557617188,2021-10-06,34.025000000000006,31.800000000000008,30.85833333333333,27.84166666666667,test
2021-10-14,29.63137435913086,29.349609375,28.704469680786133,27.10832977294922,29.63137435913086,29.49565315246582,29.349609375,29.22475814819336,29.048450469970703,28.900020599365234,28.704469680786133,28.508026123046875,28.23044776916504,27.986278533935547,27.80040168762207,27.649662017822266,27.56313705444336,27.34774398803711,27.10832977294922,26.85926628112793,26.607820510864258,26.46284294128418,26.382701873779297,26.19601821899414,26.063400268554688,25.957477569580078,25.795122146606445,25.664302825927734,25.531829833984375,25.346508026123047,25.183101654052734,25.023866653442383,24.83806037902832,24.66750717163086,2021-10-13,31.808333333333334,30.958333333333332,29.874999999999996,27.141666666666666,test
2021-10-21,26.499927520751953,26.394426345825195,25.97283172607422,25.357982635498047,25.546592712402344,25.97283172607422,26.17910385131836,26.37502670288086,26.499927520751953,26.48272132873535,26.394426345825195,26.220294952392578,25.963891983032227,25.75506591796875,25.64337921142578,25.570329666137695,25.529916763305664,25.44684410095215,25.357982635498047,25.27619171142578,25.160276412963867,25.05936050415039,25.019777297973633,24.811908721923828,24.729766845703125,24.544368743896484,24.28165626525879,24.038209915161133,23.731273651123047,23.403545379638672,23.23883056640625,23.10165023803711,22.95442771911621,22.753921508789062,2021-10-20,31.808333333333334,30.116666666666664,29.45833333333333,26.88333333333333,test
2021-10-28,27.02046012878418,26.313796997070312,25.864412307739258,24.894840240478516,27.02046012878418,26.670982360839844,26.313796997070312,26.083656311035156,25.971885681152344,25.868879318237305,25.864412307739258,25.78965187072754,25.670963287353516,25.593046188354492,25.547082901000977,25.4266414642334,25.29695701599121,25.119789123535156,24.894840240478516,24.594043731689453,24.4205322265625,24.21709442138672,24.020620346069336,23.783586502075195,23.52523422241211,23.356279373168945,23.160470962524414,22.943012237548828,22.73253631591797,22.42875099182129,22.193450927734375,21.96151351928711,21.73667335510254,21.579212188720703,2021-10-27,31.808333333333334,30.116666666666664,29.45833333333333,25.675,test
2021-11-01,27.095829010009766,26.542713165283203,25.81212043762207,24.385780334472656,27.095829010009766,26.83325958251953,26.542713165283203,26.26878547668457,26.069778442382812,25.894983291625977,25.81212043762207,25.722991943359375,25.573659896850586,25.43294334411621,25.26851463317871,25.00539779663086,24.82917022705078,24.649572372436523,24.385780334472656,24.09488868713379,23.852779388427734,23.65877914428711,23.48638916015625,23.277793884277344,23.023195266723633,22.751609802246094,22.47969627380371,22.17633819580078,21.933881759643555,21.736968994140625,21.62133026123047,21.505491256713867,21.26366424560547,21.061220169067383,2021-10-31,31.808333333333334,30.116666666666664,29.299999999999997,25.64166666666667,test
2021-11-07,28.19076156616211,26.79192352294922,25.342430114746094,23.580230712890625,28.19076156616211,27.467365264892578,26.79192352294922,26.234609603881836,25.837766647338867,25.538314819335938,25.342430114746094,25.185380935668945,24.971925735473633,24.73422622680664,24.459667205810547,24.238258361816406,24.179380416870117,23.965913772583008,23.580230712890625,23.312828063964844,23.015836715698242,22.673404693603516,22.49462127685547,22.355091094970703,22.233901977539062,22.097991943359375,21.93911361694336,21.722782135009766,21.425477981567383,21.256607055664062,21.055313110351562,20.932458877563477,20.792551040649414,20.6361083984375,2021-11-06,31.5,29.45833333333333,27.141666666666666,23.491666666666664,test
2021-11-14,24.81051254272461,24.688894271850586,24.089540481567383,22.50110626220703,24.81051254272461,24.75544548034668,24.688894271850586,24.505624771118164,24.411056518554688,24.277029037475586,24.089540481567383,23.899547576904297,23.58382797241211,23.295682907104492,23.02123260498047,22.794639587402344,22.781028747558594,22.672555923461914,22.50110626220703,22.299898147583008,22.077009201049805,21.833181381225586,21.694271087646484,21.513416290283203,21.362751007080078,21.274242401123047,21.20025062561035,21.042613983154297,20.85883331298828,20.671724319458008,20.631439208984375,20.588600158691406,20.593746185302734,20.45602798461914,2021-11-13,31.5,29.09166666666667,25.391666666666666,22.683333333333334,test
2021-11-21,21.95249366760254,21.902000427246094,21.667264938354492,20.48788833618164,21.28927993774414,21.74323272705078,21.91344451904297,21.882612228393555,21.95249366760254,21.902000427246094,21.796241760253906,21.667264938354492,21.465219497680664,21.27347183227539,21.16962242126465,20.959171295166016,20.824630737304688,20.618011474609375,20.48788833618164,20.365367889404297,20.243309020996094,20.03427505493164,19.89612579345703,19.71743392944336,19.650794982910156,19.603862762451172,19.51003646850586,19.313751220703125,19.22297477722168,19.121742248535156,19.03386688232422,18.80300521850586,18.705480575561523,18.589168548583984,2021-11-20,31.5,29.09166666666667,23.933333333333337,21.291666666666668,test
2021-11-28,24.370586395263672,22.464807510375977,21.105308532714844,19.76677703857422,24.370586395263672,23.313745498657227,22.464807510375977,21.89141273498535,21.599365234375,21.31072425842285,21.105308532714844,20.932037353515625,20.847625732421875,20.71307373046875,20.554943084716797,20.26527976989746,20.125675201416016,19.937097549438477,19.76677703857422,19.60000991821289,19.49004364013672,19.290966033935547,19.17584228515625,19.00899887084961,18.830291748046875,18.726741790771484,18.717973709106445,18.682165145874023,18.569438934326172,18.380325317382812,18.2596435546875,18.173580169677734,18.102272033691406,18.07794189453125,2021-11-27,31.5,29.09166666666667,22.100000000000005,19.316666666666666,test
2021-12-01,28.779085159301758,24.67844009399414,22.136383056640625,20.23444366455078,28.779085159301758,26.526378631591797,24.67844009399414,23.392292022705078,22.715023040771484,22.32965087890625,22.136383056640625,21.82070541381836,21.59186363220215,21.355289459228516,21.181129455566406,20.991622924804688,20.895719528198242,20.58880615234375,20.23444366455078,20.000682830810547,19.903175354003906,19.680076599121094,19.543432235717773,19.39183807373047,19.247058868408203,19.125370025634766,19.04178237915039,18.93094253540039,18.809879302978516,18.760841369628906,18.65933609008789,18.565086364746094,18.429916381835938,18.238201141357422,2021-11-30,25.84166666666667,23.933333333333337,21.291666666666668,18.308333333333337,test
2021-12-07,20.706050872802734,20.34681510925293,20.08070945739746,18.932703018188477,20.706050872802734,20.48661994934082,20.34681510925293,20.235370635986328,20.245201110839844,20.203060150146484,20.08070945739746,19.866750717163086,19.678110122680664,19.497276306152344,19.440078735351562,19.277484893798828,19.221847534179688,19.045642852783203,18.932703018188477,18.833660125732422,18.795856475830078,18.62506103515625,18.555042266845703,18.429258346557617,18.386016845703125,18.298185348510742,18.192516326904297,17.995563507080078,17.841976165771484,17.828462600708008,17.829364776611328,17.759647369384766,17.634052276611328,17.41625213623047,2021-12-06,25.84166666666667,23.933333333333337,18.541666666666668,17.141666666666666,test
2021-12-14,22.9423885345459,20.94671630859375,19.651763916015625,18.59670066833496,22.9423885345459,21.81828498840332,20.94671630859375,20.296667098999023,19.96343231201172,19.740459442138672,19.651763916015625,19.49490737915039,19.382619857788086,19.206512451171875,19.077247619628906,18.926538467407227,18.882080078125,18.757343292236328,18.59670066833496,18.413532257080078,18.31103515625,18.20920181274414,18.24927520751953,18.167234420776367,18.130172729492188,18.009153366088867,17.972583770751953,17.849594116210938,17.729549407958984,17.717208862304688,17.770633697509766,17.721555709838867,17.58299446105957,17.426830291748047,2021-12-13,21.583333333333332,20.8,18.466666666666665,16.808333333333334,test
2021-12-21,17.582416534423828,17.539871215820312,17.306259155273438,16.88330078125,13.95274543762207,15.465627670288086,16.555885314941406,17.00244903564453,17.385576248168945,17.539871215820312,17.582416534423828,17.54831314086914,17.493104934692383,17.306259155273438,17.293724060058594,17.273921966552734,17.333948135375977,17.210285186767578,17.150192260742188,17.103275299072266,16.935001373291016,16.841503143310547,16.88330078125,16.81869888305664,16.84107208251953,16.75681495666504,16.707855224609375,16.600393295288086,16.631454467773438,16.70154571533203,16.825742721557617,16.812955856323242,16.82672691345215,16.767452239990234,2021-12-20,21.583333333333332,20.433333333333334,18.308333333333337,16.616666666666664,test
2021-12-28,18.13556480407715,17.634517669677734,17.365238189697266,16.74812126159668,18.13556480407715,17.92234230041504,17.634517669677734,17.408390045166016,17.45676040649414,17.484603881835938,17.365238189697266,17.215068817138672,17.116140365600586,16.90090560913086,16.810941696166992,16.762178421020508,16.772537231445312,16.702316284179688,16.632381439208984,16.515995025634766,16.418739318847656,16.420499801635742,16.556529998779297,16.544261932373047,16.62332534790039,16.586090087890625,16.63453483581543,16.6219425201416,16.627023696899414,16.599180221557617,16.687480926513672,16.727428436279297,16.76569366455078,16.74812126159668,2021-12-27,21.583333333333332,20.433333333333334,18.308333333333337,15.875,test
2022-01-01,17.38886260986328,17.294309616088867,16.698091506958008,16.605316162109375,17.31926727294922,17.38886260986328,17.294309616088867,17.011817932128906,16.889066696166992,16.812702178955078,16.672964096069336,16.65401840209961,16.698091506958008,16.595415115356445,16.535343170166016,16.472877502441406,16.38159942626953,16.391857147216797,16.45952796936035,16.554494857788086,16.559877395629883,16.531692504882812,16.613914489746094,16.468196868896484,16.497760772705078,16.418922424316406,16.488142013549805,16.533687591552734,16.6109619140625,16.508047103881836,16.605316162109375,16.634510040283203,16.690059661865234,16.682415008544922,2021-12-31,21.583333333333332,20.433333333333334,18.091666666666665,15.041666666666664,test
2022-01-07,18.736448287963867,17.44730567932129,16.72174072265625,16.51415252685547,18.736448287963867,18.06725311279297,17.44730567932129,16.9657039642334,16.671199798583984,16.51512336730957,16.354415893554688,16.317363739013672,16.450550079345703,16.51510238647461,16.498554229736328,16.505577087402344,16.476776123046875,16.459091186523438,16.403059005737305,16.36803436279297,16.30674171447754,16.304445266723633,16.414926528930664,16.332862854003906,16.41127586364746,16.437095642089844,16.51415252685547,16.601516723632812,16.6690673828125,16.666452407836914,16.72174072265625,16.740966796875,16.753387451171875,16.70679473876953,2022-01-06,21.583333333333332,20.433333333333334,18.283333333333335,14.016666666666666,test
2022-01-14,17.34735107421875,17.280139923095703,17.23568344116211,17.116596221923828,17.34735107421875,17.296627044677734,17.250843048095703,17.115081787109375,17.093461990356445,16.980609893798828,16.7967586517334,16.733566284179688,16.691402435302734,16.60338592529297,16.615177154541016,16.68439483642578,16.7554931640625,16.829570770263672,16.948631286621094,17.038768768310547,17.086380004882812,17.115882873535156,17.280139923095703,17.210254669189453,17.269332885742188,17.237361907958984,17.23568344116211,17.221803665161133,17.196578979492188,17.116596221923828,17.158836364746094,17.14624786376953,17.190208435058594,17.153976440429688,2022-01-13,21.125000000000004,18.85833333333333,16.358333333333334,13.516666666666667,test
2022-01-21,16.96645736694336,16.608245849609375,16.19684600830078,16.061491012573242,11.596829414367676,12.66345500946045,13.503533363342285,14.138252258300781,14.728541374206543,15.037824630737305,15.219292640686035,15.516139030456543,15.799777030944824,15.900412559509277,16.008983612060547,16.160140991210938,16.185707092285156,16.19684600830078,16.1779727935791,16.19403839111328,16.135093688964844,16.06258773803711,16.049619674682617,15.91388988494873,16.035066604614258,16.041717529296875,16.061491012573242,16.141143798828125,16.278968811035156,16.273208618164062,16.401653289794922,16.608245849609375,16.846359252929688,16.96645736694336,2022-01-20,21.125000000000004,19.816666666666663,17.900000000000002,15.4,test
2022-01-28,17.267961502075195,17.041156768798828,16.506664276123047,15.81860637664795,11.304264068603516,12.62579345703125,13.76423168182373,14.69164752960205,15.563440322875977,15.968526840209961,15.918334007263184,15.765624046325684,15.628321647644043,15.5442533493042,15.504134178161621,15.472975730895996,15.463135719299316,15.458683967590332,15.487051963806152,15.574840545654297,15.689105033874512,15.81860637664795,15.964223861694336,15.9592924118042,16.134021759033203,16.204139709472656,16.31088638305664,16.506664276123047,16.77456283569336,16.85039710998535,16.98672103881836,17.041156768798828,17.234058380126953,17.267961502075195,2022-01-27,24.633333333333336,21.125,18.85833333333333,16.65,test
2022-02-01,17.73681640625,17.539094924926758,16.997669219970703,16.0145263671875,14.494298934936523,15.063371658325195,15.387557029724121,15.4586763381958,15.600695610046387,15.566946983337402,15.479598045349121,15.454050064086914,15.50493049621582,15.479456901550293,15.486241340637207,15.580044746398926,15.684379577636719,15.811244010925293,15.891325950622559,16.0145263671875,16.131526947021484,16.21459197998047,16.40091896057129,16.43265724182129,16.670019149780273,16.761383056640625,16.89696502685547,16.997669219970703,17.138019561767578,17.206863403320312,17.399396896362305,17.539094924926758,17.723304748535156,17.73681640625,2022-01-31,25.116666666666664,21.608333333333334,19.816666666666663,17.900000000000002,test
2022-02-07,18.553186416625977,18.241355895996094,17.825538635253906,16.970849990844727,16.17611312866211,16.410274505615234,16.360614776611328,16.082311630249023,15.974159240722656,15.972538948059082,15.942432403564453,15.9480562210083,16.052204132080078,16.13310432434082,16.27417755126953,16.42664337158203,16.531105041503906,16.706680297851562,16.844228744506836,16.970849990844727,17.04993438720703,17.05411720275879,17.198291778564453,17.23450469970703,17.421161651611328,17.52405548095703,17.71845245361328,17.825538635253906,17.845624923706055,17.90019989013672,18.055723190307617,18.241355895996094,18.438961029052734,18.553186416625977,2022-02-06,27.583333333333332,24.633333333333336,20.716666666666665,18.716666666666665,test
2022-02-14,20.132991790771484,19.7203369140625,19.322826385498047,18.45235824584961,19.547487258911133,18.667497634887695,17.827436447143555,17.398273468017578,17.349828720092773,17.39101791381836,17.36748504638672,17.468544006347656,17.58273696899414,17.578222274780273,17.561630249023438,17.728683471679688,17.81208610534668,17.930635452270508,18.075305938720703,18.246618270874023,18.434246063232422,18.45235824584961,18.58395767211914,18.631858825683594,18.830936431884766,18.896831512451172,19.066226959228516,19.218326568603516,19.322826385498047,19.363967895507812,19.519020080566406,19.7203369140625,19.97520637512207,20.132991790771484,2022-02-13,27.583333333333332,24.633333333333336,20.716666666666665,18.558333333333334,test
2022-02-21,20.871047973632812,20.40730094909668,19.628080368041992,18.804813385009766,16.581899642944336,17.202041625976562,17.359352111816406,17.39820671081543,17.495330810546875,17.63544464111328,17.64855194091797,17.81367301940918,18.01251983642578,18.076993942260742,18.125408172607422,18.241329193115234,18.388748168945312,18.531524658203125,18.65699005126953,18.804813385009766,18.928382873535156,18.880550384521484,18.974773406982422,19.02411651611328,19.2456111907959,19.370357513427734,19.560068130493164,19.628080368041992,19.777191162109375,19.952550888061523,20.198497772216797,20.40730094909668,20.649377822875977,20.871047973632812,2022-02-20,27.583333333333332,24.633333333333336,20.716666666666665,18.000000000000004,test
2022-02-28,22.515846252441406,22.15403175354004,21.593305587768555,20.083698272705078,19.664173126220703,19.358402252197266,18.92612075805664,18.635574340820312,18.629947662353516,18.97179412841797,19.117351531982422,19.243337631225586,19.422740936279297,19.50575065612793,19.504478454589844,19.53325653076172,19.62806510925293,19.819087982177734,19.97543716430664,20.083698272705078,20.313514709472656,20.45058250427246,20.623092651367188,20.807098388671875,21.05091094970703,21.249849319458008,21.441287994384766,21.593305587768555,21.710830688476562,21.881513595581055,22.02381134033203,22.15403175354004,22.333526611328125,22.515846252441406,2022-02-27,27.83636363636364,25.116666666666664,20.716666666666665,17.0,test
2022-03-01,22.481889724731445,22.136262893676758,21.518747329711914,20.17938995361328,19.091083526611328,18.786922454833984,18.581878662109375,18.667943954467773,18.924339294433594,19.2374267578125,19.29348373413086,19.348377227783203,19.42752456665039,19.390487670898438,19.409826278686523,19.617855072021484,19.798545837402344,19.9437255859375,20.057661056518555,20.17938995361328,20.35590934753418,20.49835777282715,20.720609664916992,20.878814697265625,21.13405990600586,21.271087646484375,21.431488037109375,21.518747329711914,21.658998489379883,21.849363327026367,22.032472610473633,22.136262893676758,22.364776611328125,22.481889724731445,2022-02-28,27.83636363636364,25.116666666666664,21.40909090909091,17.0,test
2022-03-07,25.5506649017334,23.41068458557129,22.607925415039062,21.583587646484375,25.5506649017334,23.610349655151367,21.906997680664062,20.86041831970215,20.300264358520508,20.268653869628906,20.287792205810547,20.374826431274414,20.573413848876953,20.606355667114258,20.605934143066406,20.753562927246094,20.89820098876953,21.13375473022461,21.280685424804688,21.293670654296875,21.456527709960938,21.49309539794922,21.583587646484375,21.64507293701172,21.829721450805664,21.986419677734375,22.216060638427734,22.366323471069336,22.46259880065918,22.607925415039062,22.79908561706543,22.950820922851562,23.20254898071289,23.41068458557129,2022-03-06,34.31818181818182,32.71818181818182,27.00909090909091,17.87272727272727,test
2022-03-14,24.279695510864258,23.845735549926758,23.410844802856445,21.840599060058594,16.68285369873047,18.01327133178711,18.838764190673828,19.293973922729492,19.62258529663086,19.98999786376953,20.3189697265625,20.660009384155273,20.883121490478516,20.937713623046875,21.01067352294922,21.142261505126953,21.26687240600586,21.414878845214844,21.68222999572754,21.840599060058594,22.00351905822754,22.135141372680664,22.27585792541504,22.475576400756836,22.759361267089844,23.036029815673828,23.260757446289062,23.410844802856445,23.451231002807617,23.562969207763672,23.695743560791016,23.845735549926758,24.11388397216797,24.279695510864258,2022-03-13,35.43636363636364,33.09090909090909,30.39090909090909,21.40909090909091,test
2022-03-21,24.591318130493164,23.944446563720703,23.293292999267578,22.145437240600586,15.69233226776123,17.48335075378418,18.684276580810547,19.409460067749023,19.82863426208496,20.0913028717041,20.360706329345703,20.63875961303711,21.03000831604004,21.16990089416504,21.321453094482422,21.45070457458496,21.631914138793945,21.75857162475586,22.00626564025879,22.145437240600586,22.334054946899414,22.367080688476562,22.425148010253906,22.53946304321289,22.73175811767578,23.005617141723633,23.182994842529297,23.293292999267578,23.417146682739258,23.498382568359375,23.685705184936523,23.944446563720703,24.316837310791016,24.591318130493164,2022-03-20,37.25454545454545,34.99166666666667,30.64545454545454,26.5,test
2022-03-28,25.8884334564209,25.324989318847656,24.56532096862793,23.074687957763672,19.437171936035156,20.434268951416016,20.744421005249023,20.83933448791504,21.038692474365234,21.370426177978516,21.64457893371582,21.859378814697266,22.205753326416016,22.362415313720703,22.381492614746094,22.495861053466797,22.609619140625,22.758337020874023,22.9456787109375,23.074687957763672,23.190616607666016,23.255355834960938,23.38631820678711,23.47442054748535,23.754600524902344,24.019224166870117,24.323501586914062,24.56532096862793,24.727603912353516,24.934640884399414,25.10381317138672,25.324989318847656,25.66778564453125,25.8884334564209,2022-03-27,37.25454545454545,34.99166666666667,31.49166666666667,27.641666666666666,test
2022-04-01,27.15118980407715,26.67200469970703,26.306888580322266,24.843379974365234,27.15118980407715,26.419004440307617,25.455848693847656,24.843379974365234,24.58772087097168,24.424257278442383,24.164758682250977,23.968074798583984,24.041667938232422,24.178800582885742,24.15408706665039,24.196247100830078,24.151321411132812,24.064531326293945,24.070968627929688,24.11468505859375,24.309520721435547,24.451683044433594,24.709110260009766,24.84487533569336,25.058216094970703,25.232330322265625,25.54421043395996,25.850887298583984,26.089279174804688,26.306888580322266,26.40602684020996,26.50212860107422,26.67200469970703,26.82935905456543,2022-03-31,37.25454545454545,35.43636363636364,33.09090909090909,28.59166666666667,test
2022-04-07,32.43812561035156,28.577341079711914,27.9842472076416,26.92375373840332,32.43812561035156,29.909879684448242,27.88425064086914,26.76740264892578,26.155439376831055,25.901626586914062,25.720731735229492,25.51373291015625,25.488689422607422,25.50457763671875,25.58510971069336,25.73822021484375,25.874011993408203,26.0526180267334,26.191810607910156,26.241628646850586,26.465951919555664,26.662452697753906,26.92375373840332,27.069791793823242,27.20734977722168,27.27670669555664,27.45179557800293,27.626434326171875,27.869285583496094,27.9842472076416,28.16427230834961,28.255762100219727,28.447725296020508,28.577341079711914,2022-04-06,37.25454545454545,35.641666666666666,31.49166666666667,27.59166666666667,test
2022-04-14,29.395959854125977,29.093551635742188,28.43349838256836,27.488475799560547,23.246320724487305,23.898338317871094,24.236656188964844,24.681039810180664,24.87484359741211,25.082698822021484,25.322246551513672,25.535930633544922,25.832782745361328,26.095693588256836,26.397930145263672,26.711393356323242,27.00638198852539,27.201656341552734,27.375965118408203,27.488475799560547,27.603694915771484,27.747529983520508,27.92143440246582,28.00267219543457,28.139694213867188,28.2406005859375,28.30849838256836,28.43349838256836,28.61261558532715,28.722902297973633,28.914525985717773,29.093551635742188,29.268232345581055,29.395959854125977,2022-04-13,37.25454545454545,35.641666666666666,32.31666666666667,27.86666666666667,test
2022-04-21,30.059890747070312,29.878339767456055,29.2420597076416,27.986101150512695,23.100479125976562,24.26437759399414,25.055706024169922,25.603540420532227,26.139062881469727,26.511343002319336,26.78164291381836,26.883378982543945,27.087730407714844,27.240150451660156,27.467832565307617,27.573692321777344,27.649349212646484,27.737592697143555,27.90428352355957,27.986101150512695,28.144113540649414,28.267297744750977,28.418664932250977,28.56060028076172,28.69601821899414,28.90283966064453,29.013473510742188,29.2420597076416,29.463525772094727,29.490642547607422,29.707338333129883,29.878339767456055,30.059890747070312,30.051755905151367,2022-04-20,38.22500000000001,35.641666666666666,32.31666666666667,28.49166666666667,test
2022-04-28,31.17909812927246,30.945955276489258,30.32942008972168,29.161176681518555,27.611663818359375,27.781513214111328,27.904966354370117,27.908870697021484,27.927764892578125,27.956607818603516,28.030717849731445,28.0683650970459,28.186281204223633,28.33204460144043,28.49578857421875,28.601755142211914,28.691308975219727,28.82565689086914,28.961416244506836,29.161176681518555,29.398488998413086,29.493358612060547,29.615386962890625,29.746383666992188,29.861007690429688,29.961469650268555,30.08160972595215,30.32942008972168,30.537744522094727,30.655059814453125,30.805307388305664,30.945955276489258,31.11060333251953,31.17909812927246,2022-04-27,38.22500000000001,35.641666666666666,32.599999999999994,30.416666666666668,test
2022-05-01,33.466583251953125,31.6450138092041,31.152664184570312,29.945125579833984,33.466583251953125,32.02325439453125,30.739856719970703,29.89800453186035,29.466615676879883,29.318138122558594,29.24147605895996,29.14215087890625,29.203638076782227,29.24957275390625,29.267040252685547,29.355430603027344,29.362077713012695,29.474592208862305,29.60847282409668,29.697086334228516,29.894067764282227,29.891319274902344,29.945125579833984,30.0247859954834,30.15471649169922,30.327251434326172,30.59927749633789,30.896076202392578,31.078125,31.152664184570312,31.26740074157715,31.42151641845703,31.60411834716797,31.6450138092041,2022-04-30,38.22500000000001,35.37272727272727,32.599999999999994,30.666666666666668,test
2022-05-07,31.256343841552734,30.939111709594727,30.671493530273438,29.53156280517578,24.237119674682617,25.60196876525879,26.609943389892578,27.131837844848633,27.647701263427734,27.991209030151367,28.148168563842773,28.241981506347656,28.427350997924805,28.592266082763672,28.814712524414062,28.924943923950195,28.98200035095215,29.092525482177734,29.337018966674805,29.53156280517578,29.757112503051758,29.9213809967041,30.027542114257812,30.1676025390625,30.281940460205078,30.437387466430664,30.526630401611328,30.671493530273438,30.760976791381836,30.73242950439453,30.86111831665039,30.939111709594727,31.11417007446289,31.256343841552734,2022-05-06,38.22500000000001,34.83636363636364,33.625,31.483333333333338,test
2022-05-14,32.320945739746094,32.20616912841797,31.770095825195312,31.143678665161133,32.320945739746094,31.54591941833496,30.893659591674805,30.457901000976562,30.238466262817383,30.14096450805664,30.143949508666992,30.135889053344727,30.274608612060547,30.42652130126953,30.559715270996094,30.724977493286133,30.785282135009766,30.873266220092773,31.002931594848633,31.05860710144043,31.169921875,31.143678665161133,31.14167594909668,31.15672492980957,31.173198699951172,31.281230926513672,31.369773864746094,31.638870239257812,31.770095825195312,31.861331939697266,31.981082916259766,32.0861930847168,32.20616912841797,32.30559539794922,2022-05-13,39.075,36.49999999999999,34.79090909090908,32.75454545454546,test
2022-05-21,33.384395599365234,33.183292388916016,32.948814392089844,32.075260162353516,33.13585662841797,32.26689910888672,31.83868980407715,31.658634185791016,31.57628631591797,31.562450408935547,31.5968017578125,31.500743865966797,31.53426170349121,31.60980796813965,31.57997703552246,31.642423629760742,31.613574981689453,31.656957626342773,31.757083892822266,31.859439849853516,32.01432800292969,32.075260162353516,32.1864013671875,32.28703308105469,32.37887191772461,32.53506851196289,32.596763610839844,32.8276481628418,32.948814392089844,32.99574661254883,33.10647964477539,33.183292388916016,33.297054290771484,33.384395599365234,2022-05-20,39.075,36.18333333333333,33.85454545454546,32.583333333333336,test
2022-05-28,33.72621536254883,33.552032470703125,33.38677978515625,32.6618766784668,32.41279602050781,32.324493408203125,32.18965530395508,32.087158203125,32.028446197509766,31.853116989135742,31.847747802734375,31.76263427734375,31.873363494873047,31.952510833740234,32.15122604370117,32.304664611816406,32.397586822509766,32.45843505859375,32.574371337890625,32.6618766784668,32.83369064331055,32.89619064331055,32.914127349853516,33.04629898071289,33.11111068725586,33.216766357421875,33.278724670410156,33.38677978515625,33.47713851928711,33.46928787231445,33.50789260864258,33.552032470703125,33.63801574707031,33.72621536254883,2022-05-27,39.075,36.18333333333333,34.66666666666667,32.75454545454546,test
2022-06-01,34.08385467529297,33.948638916015625,33.53205108642578,33.1724853515625,33.25986099243164,32.65438461303711,32.233489990234375,32.09808349609375,32.1087760925293,32.16677474975586,32.343441009521484,32.43997573852539,32.57823944091797,32.63346481323242,32.72254180908203,32.8819694519043,32.93098449707031,32.96135330200195,33.03010177612305,33.068641662597656,33.1724853515625,33.257957458496094,33.3144645690918,33.40727996826172,33.43540954589844,33.44717025756836,33.448768615722656,33.53205108642578,33.65536880493164,33.757591247558594,33.874961853027344,33.948638916015625,34.03872299194336,34.08385467529297,2022-05-31,39.075,36.18333333333333,33.791666666666664,32.75454545454546,test
2022-06-07,34.4609375,34.36798858642578,34.08448028564453,33.532264709472656,32.881507873535156,32.88637161254883,32.9217414855957,33.02163314819336,33.10851287841797,33.1553955078125,33.23652267456055,33.19893264770508,33.17686462402344,33.19271469116211,33.24243927001953,33.37709426879883,33.45315170288086,33.462791442871094,33.51163864135742,33.532264709472656,33.56934356689453,33.67182159423828,33.75871658325195,33.914405822753906,33.964454650878906,33.985107421875,33.99039840698242,34.08448028564453,34.158973693847656,34.276832580566406,34.341163635253906,34.36798858642578,34.3819465637207,34.4609375,2022-06-06,39.075,36.18333333333333,33.791666666666664,33.11666666666667,test
2022-06-14,34.73822784423828,34.67169189453125,34.46519088745117,33.93537521362305,31.27293586730957,32.02431869506836,32.68211364746094,33.06736755371094,33.25412368774414,33.31953811645508,33.398338317871094,33.39904022216797,33.37721633911133,33.38633346557617,33.44511795043945,33.56195068359375,33.65833282470703,33.711143493652344,33.831581115722656,33.93537521362305,34.00414276123047,34.13286590576172,34.19736099243164,34.27915573120117,34.34797668457031,34.359928131103516,34.365684509277344,34.46519088745117,34.521484375,34.58588409423828,34.62726593017578,34.67780685424805,34.67169189453125,34.73822784423828,2022-06-13,34.725,34.66666666666667,33.75000000000001,33.12500000000001,test
2022-06-21,34.8587760925293,34.800479888916016,34.55034637451172,34.25254440307617,31.764781951904297,32.191165924072266,32.5863151550293,32.897518157958984,33.09563064575195,33.30694580078125,33.51313781738281,33.62742614746094,33.69376754760742,33.77501678466797,33.8881721496582,33.991798400878906,34.01552963256836,34.086761474609375,34.19283676147461,34.25254440307617,34.33465576171875,34.40821075439453,34.39935302734375,34.46023941040039,34.453125,34.488990783691406,34.49666976928711,34.55034637451172,34.648101806640625,34.7576789855957,34.800479888916016,34.82110595703125,34.79428482055664,34.8587760925293,2022-06-20,36.87500000000001,35.45,33.80833333333333,33.333333333333336,test
2022-06-28,34.98813247680664,34.98379135131836,34.84764099121094,34.42097091674805,33.89482879638672,33.97575378417969,34.00395202636719,33.999874114990234,33.94070816040039,33.966461181640625,34.06175231933594,34.09487533569336,34.12043380737305,34.17525863647461,34.254249572753906,34.299739837646484,34.31242370605469,34.375282287597656,34.42097091674805,34.40050506591797,34.52140808105469,34.64777374267578,34.68159103393555,34.766090393066406,34.74346923828125,34.793212890625,34.79322052001953,34.84764099121094,34.889991760253906,34.98813247680664,34.98232650756836,34.98379135131836,34.930625915527344,34.98455047607422,2022-06-27,36.87500000000001,35.84166666666666,34.725,33.45,test
2022-07-01,34.974456787109375,34.91160583496094,34.795127868652344,34.5260009765625,33.89523696899414,34.00787353515625,33.9816780090332,33.965354919433594,33.96208190917969,34.029319763183594,34.15410232543945,34.18021011352539,34.19688034057617,34.210445404052734,34.26549530029297,34.28763961791992,34.30168151855469,34.390663146972656,34.478702545166016,34.5260009765625,34.574859619140625,34.63191223144531,34.61699676513672,34.691444396972656,34.71112060546875,34.76520538330078,34.7587890625,34.795127868652344,34.819061279296875,34.91160583496094,34.89307403564453,34.931243896484375,34.90776824951172,34.974456787109375,2022-06-30,37.28333333333333,36.39166666666667,35.45,33.791666666666664,test
2022-07-07,35.05632400512695,35.02058410644531,34.91570281982422,34.50657653808594,33.446044921875,33.641571044921875,33.789913177490234,33.90987014770508,33.98326110839844,34.01702117919922,34.130828857421875,34.22333908081055,34.25069046020508,34.285179138183594,34.32195281982422,34.379364013671875,34.34941864013672,34.36203384399414,34.43882751464844,34.50907897949219,34.50657653808594,34.60408401489258,34.65272521972656,34.718544006347656,34.71656036376953,34.828521728515625,34.844181060791016,34.91570281982422,34.96442794799805,35.05632400512695,35.02058410644531,35.0345344543457,34.98849868774414,34.98731231689453,2022-07-06,37.28333333333333,36.39166666666667,35.99999999999999,34.725,test
2022-07-14,34.96366500854492,34.93135452270508,34.88875961303711,34.649742126464844,33.68833541870117,33.82307815551758,33.93547439575195,34.07658767700195,34.09321594238281,34.075233459472656,34.17530822753906,34.26006317138672,34.289405822753906,34.32861328125,34.395713806152344,34.52054214477539,34.5268440246582,34.54888153076172,34.60736083984375,34.649742126464844,34.705833435058594,34.85272979736328,34.96131896972656,34.96366500854492,34.90141296386719,34.93135452270508,34.86279296875,34.86168670654297,34.87992477416992,34.928340911865234,34.89899826049805,34.88875961303711,34.77351760864258,34.74131774902344,2022-07-13,37.28333333333333,36.39166666666667,35.99999999999999,34.85833333333334,test
2022-07-21,35.09906005859375,35.03964614868164,34.946815490722656,34.848731994628906,34.90149688720703,34.74016571044922,34.577091217041016,34.56774139404297,34.60850524902344,34.648475646972656,34.825660705566406,34.84462356567383,34.848731994628906,34.89698791503906,34.99924850463867,35.09906005859375,35.03964614868164,34.99456787109375,34.92266845703125,34.90589904785156,34.874412536621094,34.94097900390625,34.994407653808594,35.07468795776367,34.946815490722656,34.9319953918457,34.83710479736328,34.768226623535156,34.72224426269531,34.79976272583008,34.73363494873047,34.664344787597656,34.50553512573242,34.435951232910156,2022-07-20,37.28333333333333,36.38333333333333,35.90833333333334,34.325,test
2022-07-28,36.067649841308594,35.56330871582031,35.34477615356445,34.96210861206055,36.067649841308594,35.770999908447266,35.56330871582031,35.54764175415039,35.53361511230469,35.38493728637695,35.34477615356445,35.2310676574707,35.11735153198242,35.04376220703125,35.103084564208984,35.14472579956055,35.10529708862305,35.03483963012695,34.96210861206055,34.859840393066406,34.788063049316406,34.865028381347656,34.894996643066406,34.95166015625,34.81755447387695,34.78440475463867,34.66682052612305,34.58762741088867,34.59776306152344,34.720035552978516,34.631141662597656,34.53548049926758,34.43488311767578,34.33075714111328,2022-07-27,37.28333333333333,36.74166666666667,35.99999999999999,34.49166666666667,test
2022-08-01,35.01780700683594,34.991798400878906,34.84584426879883,34.72064971923828,34.44605255126953,34.67013931274414,34.82756423950195,34.96107864379883,34.991798400878906,34.89018249511719,34.998512268066406,35.01780700683594,34.95965576171875,34.82296371459961,34.84584426879883,34.80879592895508,34.751380920410156,34.72064971923828,34.74729919433594,34.7705192565918,34.70691680908203,34.73371887207031,34.663394927978516,34.64403533935547,34.59154510498047,34.685420989990234,34.65231704711914,34.53129959106445,34.44672393798828,34.447265625,34.326011657714844,34.292789459228516,34.261474609375,34.284828186035156,2022-07-31,37.88333333333333,37.199999999999996,36.06666666666667,34.71666666666667,test
2022-08-07,35.2832145690918,35.18090057373047,35.005306243896484,34.803470611572266,35.2832145690918,35.23674011230469,35.18090057373047,35.15432357788086,35.137489318847656,34.983638763427734,35.03470230102539,35.005306243896484,34.9793701171875,34.931026458740234,34.92658233642578,34.8657341003418,34.803470611572266,34.787681579589844,34.806297302246094,34.84632110595703,34.78537368774414,34.78387451171875,34.70518493652344,34.63683319091797,34.517181396484375,34.509525299072266,34.44905090332031,34.39692306518555,34.3217658996582,34.38575744628906,34.263484954833984,34.1860466003418,34.13871383666992,34.10416030883789,2022-08-06,37.88333333333333,37.199999999999996,35.475,34.300000000000004,test
2022-08-14,34.347782135009766,34.300559997558594,34.1508903503418,33.98225402832031,32.98395919799805,33.48469543457031,33.88735580444336,34.05901336669922,34.1508903503418,34.081756591796875,34.19786834716797,34.28297424316406,34.3354377746582,34.347782135009766,34.300559997558594,34.23949432373047,34.15072250366211,34.113853454589844,34.122501373291016,34.097373962402344,33.98225402832031,34.03253173828125,33.95088195800781,33.98211669921875,33.875885009765625,33.932586669921875,33.85984420776367,33.779388427734375,33.59123992919922,33.61269760131836,33.47298049926758,33.40543746948242,33.374412536621094,33.29912185668945,2022-08-13,37.88333333333333,37.199999999999996,35.475,34.09166666666667,test
2022-08-21,34.69096374511719,34.62584686279297,34.17890930175781,34.055686950683594,34.69096374511719,34.67341232299805,34.62584686279297,34.46380615234375,34.355560302734375,34.17890930175781,34.185367584228516,34.155887603759766,34.13597106933594,34.151363372802734,34.142799377441406,34.09892654418945,34.0672492980957,34.05755615234375,34.055686950683594,34.027488708496094,33.87010192871094,33.81479263305664,33.67658615112305,33.65962219238281,33.53364562988281,33.52857971191406,33.507530212402344,33.425228118896484,33.281227111816406,33.33332061767578,33.17997741699219,33.10369110107422,33.00177001953125,32.927940368652344,2022-08-20,37.88333333333333,37.199999999999996,35.475,33.74999999999999,test
2022-08-28,35.098968505859375,34.84571838378906,34.462547302246094,33.84667205810547,35.098968505859375,34.991920471191406,34.84571838378906,34.70752716064453,34.632232666015625,34.50360107421875,34.462547302246094,34.39234161376953,34.30244445800781,34.233001708984375,34.09775924682617,33.9850959777832,33.907264709472656,33.89397430419922,33.84667205810547,33.825950622558594,33.740333557128906,33.71345138549805,33.6722412109375,33.59632873535156,33.46430587768555,33.40489196777344,33.36688232421875,33.2394905090332,33.04310607910156,33.02253723144531,32.815330505371094,32.71818923950195,32.60303497314453,32.489463806152344,2022-08-27,37.88333333333333,37.199999999999996,34.65,33.30833333333333,test
2022-09-01,34.7821044921875,34.59575653076172,34.14888000488281,33.560611724853516,34.7821044921875,34.68360900878906,34.59575653076172,34.53057098388672,34.42966079711914,34.286216735839844,34.14888000488281,34.035526275634766,33.96659469604492,33.85724639892578,33.77054977416992,33.7027473449707,33.63412857055664,33.62887954711914,33.560611724853516,33.507877349853516,33.39299011230469,33.357173919677734,33.32537078857422,33.25307846069336,33.12575912475586,33.02494430541992,32.93516540527344,32.77222442626953,32.57649612426758,32.56285095214844,32.36027145385742,32.23369598388672,32.12674331665039,31.961837768554688,2022-08-31,35.166666666666664,34.71666666666666,34.40833333333334,33.24166666666667,test
2022-09-07,33.063175201416016,32.96596145629883,32.827911376953125,32.471588134765625,32.13755798339844,32.48357009887695,32.827911376953125,32.973636627197266,33.063175201416016,32.96125411987305,32.959476470947266,32.96596145629883,32.872650146484375,32.81169128417969,32.76396942138672,32.73628234863281,32.66056823730469,32.61518859863281,32.507049560546875,32.471588134765625,32.290504455566406,32.26673889160156,32.23593521118164,32.17039489746094,31.98705291748047,31.87924575805664,31.722328186035156,31.57051658630371,31.399059295654297,31.421567916870117,31.29503059387207,31.16916275024414,31.04794692993164,30.833148956298828,2022-09-06,35.166666666666664,34.71666666666666,33.96666666666666,32.74999999999999,test
2022-09-14,33.0997428894043,33.069915771484375,32.88291931152344,32.15169143676758,32.74131774902344,32.88291931152344,32.99961853027344,33.06739807128906,33.0997428894043,33.069915771484375,33.091148376464844,32.991554260253906,32.80255889892578,32.681087493896484,32.60478210449219,32.5565185546875,32.394065856933594,32.31733703613281,32.15169143676758,32.02203369140625,31.835115432739258,31.802669525146484,31.787841796875,31.72756004333496,31.523319244384766,31.4326171875,31.280029296875,31.12656593322754,30.955411911010742,30.88286590576172,30.73609161376953,30.557737350463867,30.40140151977539,30.171539306640625,2022-09-13,35.166666666666664,34.71666666666666,33.583333333333336,31.191666666666666,test
2022-09-21,31.603174209594727,31.569595336914062,31.273494720458984,30.90648651123047,30.90648651123047,31.13826560974121,31.311080932617188,31.46155548095703,31.603174209594727,31.57172393798828,31.569595336914062,31.453598022460938,31.263408660888672,31.215396881103516,31.273494720458984,31.18404769897461,31.092113494873047,31.09588623046875,31.010557174682617,30.86994171142578,30.694625854492188,30.603506088256836,30.548208236694336,30.37464141845703,30.154321670532227,30.002979278564453,29.795684814453125,29.674104690551758,29.55219841003418,29.39772605895996,29.211135864257812,29.012487411499023,28.813318252563477,28.54983901977539,2022-09-20,35.166666666666664,34.71666666666666,33.583333333333336,30.808333333333334,test
2022-09-28,33.73170852661133,32.55542755126953,31.714553833007812,30.339548110961914,33.73170852661133,33.0831184387207,32.55542755126953,32.24845886230469,32.045623779296875,31.855195999145508,31.714553833007812,31.538305282592773,31.335433959960938,31.177566528320312,31.069578170776367,30.86548614501953,30.691537857055664,30.55605125427246,30.339548110961914,30.118423461914062,29.9302921295166,29.810062408447266,29.74685287475586,29.60055160522461,29.43978500366211,29.246702194213867,29.073322296142578,28.927490234375,28.751131057739258,28.59476089477539,28.386411666870117,28.218017578125,28.021934509277344,27.83941650390625,2022-09-27,34.71666666666666,33.583333333333336,32.300000000000004,28.433333333333334,test
2022-10-01,33.70746612548828,32.533390045166016,31.561614990234375,30.05537986755371,33.70746612548828,33.05188751220703,32.533390045166016,32.19618225097656,31.935321807861328,31.705135345458984,31.561614990234375,31.391555786132812,31.180347442626953,31.00311279296875,30.824548721313477,30.585071563720703,30.407779693603516,30.246540069580078,30.05537986755371,29.946840286254883,29.752220153808594,29.62602996826172,29.510751724243164,29.331979751586914,29.20274543762207,29.051029205322266,28.92050552368164,28.75868797302246,28.532306671142578,28.322721481323242,28.12693977355957,28.039335250854492,27.947429656982422,27.78367805480957,2022-09-30,34.49166666666667,32.88333333333333,30.808333333333334,27.649999999999995,test
2022-10-07,30.860506057739258,30.69874382019043,30.123756408691406,29.21599578857422,30.860506057739258,30.74892807006836,30.69874382019043,30.606647491455078,30.437232971191406,30.26806640625,30.123756408691406,29.978830337524414,29.822132110595703,29.78970718383789,29.673974990844727,29.5333194732666,29.450788497924805,29.322505950927734,29.21599578857422,29.14910888671875,28.942569732666016,28.738405227661133,28.585081100463867,28.374584197998047,28.256441116333008,28.111547470092773,27.963804244995117,27.882116317749023,27.610206604003906,27.374927520751953,27.071369171142578,26.79619026184082,26.594158172607422,26.363670349121094,2022-10-06,31.858333333333334,28.783333333333335,28.433333333333334,27.191666666666663,test
2022-10-14,28.206348419189453,28.08395767211914,28.053466796875,27.398298263549805,27.398298263549805,27.736324310302734,28.08395767211914,28.206348419189453,28.186492919921875,28.056259155273438,28.053466796875,28.057510375976562,28.025043487548828,28.057710647583008,28.011228561401367,27.8243465423584,27.629053115844727,27.55925750732422,27.41157341003418,27.269922256469727,27.131162643432617,26.95958709716797,26.762889862060547,26.45241928100586,26.176523208618164,25.893293380737305,25.700946807861328,25.626277923583984,25.47624397277832,25.274524688720703,24.986717224121094,24.750957489013672,24.563764572143555,24.363704681396484,2022-10-13,31.858333333333334,28.716666666666665,27.633333333333336,26.441666666666666,test
2022-10-21,27.809473037719727,27.692962646484375,27.471004486083984,26.059955596923828,27.522228240966797,27.709665298461914,27.809473037719727,27.692962646484375,27.56623077392578,27.40283203125,27.43605613708496,27.4903564453125,27.471004486083984,27.44440269470215,27.251909255981445,26.905498504638672,26.581846237182617,26.3363094329834,26.059955596923828,25.806983947753906,25.601055145263672,25.411828994750977,25.243846893310547,24.928726196289062,24.7039737701416,24.542444229125977,24.380115509033203,24.217775344848633,24.059919357299805,23.877437591552734,23.653554916381836,23.455215454101562,23.255531311035156,23.023727416992188,2022-10-20,29.108333333333334,27.641666666666666,26.70909090909091,25.224999999999998,test
2022-10-28,27.07576560974121,26.842411041259766,25.96137237548828,24.605792999267578,26.817352294921875,27.022197723388672,27.07576560974121,26.842411041259766,26.531898498535156,26.131813049316406,25.96137237548828,25.76549530029297,25.656246185302734,25.56684684753418,25.446269989013672,25.239532470703125,24.98499298095703,24.82772445678711,24.605792999267578,24.363080978393555,24.190134048461914,23.99007225036621,23.81603240966797,23.460634231567383,23.199499130249023,23.006175994873047,22.855806350708008,22.715181350708008,22.528987884521484,22.34071159362793,22.182140350341797,22.07415771484375,21.842445373535156,21.516361236572266,2022-10-27,28.466666666666665,27.633333333333336,25.733333333333334,24.391666666666666,test
2022-11-01,25.983959197998047,25.76704978942871,25.515737533569336,24.177154541015625,25.983959197998047,25.816858291625977,25.76704978942871,25.637102127075195,25.57062339782715,25.516868591308594,25.515737533569336,25.3915958404541,25.228593826293945,25.149532318115234,25.005319595336914,24.795427322387695,24.647293090820312,24.45285415649414,24.177154541015625,23.7357234954834,23.45915412902832,23.284130096435547,23.18683433532715,22.991992950439453,22.828886032104492,22.7032527923584,22.56216812133789,22.424299240112305,22.206256866455078,21.93117904663086,21.77123260498047,21.67241096496582,21.532852172851562,21.318317413330078,2022-10-31,28.008333333333336,25.766666666666666,25.224999999999998,23.975000000000005,test
2022-11-07,25.327720642089844,24.961742401123047,24.359622955322266,22.875877380371094,25.327720642089844,25.158023834228516,24.961742401123047,24.72079849243164,24.57015609741211,24.459680557250977,24.359622955322266,24.29264259338379,24.125778198242188,23.91469955444336,23.621410369873047,23.398775100708008,23.234657287597656,23.1012020111084,22.875877380371094,22.672054290771484,22.496231079101562,22.312753677368164,22.202220916748047,21.97405242919922,21.83155059814453,21.617752075195312,21.503543853759766,21.410179138183594,21.26879119873047,21.10259437561035,20.956890106201172,20.7735538482666,20.65342140197754,20.473936080932617,2022-11-06,28.008333333333336,25.483333333333334,24.25833333333333,22.749999999999996,test
2022-11-14,24.915369033813477,24.14624786376953,23.047489166259766,21.825111389160156,24.915369033813477,24.579872131347656,24.14624786376953,23.63431167602539,23.340625762939453,23.151105880737305,23.047489166259766,22.928110122680664,22.81342887878418,22.676788330078125,22.463539123535156,22.24764633178711,22.128582000732422,22.049144744873047,21.825111389160156,21.582775115966797,21.380306243896484,21.15570068359375,21.008384704589844,20.845109939575195,20.742399215698242,20.54849624633789,20.484283447265625,20.28474998474121,20.11418342590332,19.98918342590332,20.00094985961914,19.98371124267578,19.825847625732422,19.630897521972656,2022-11-13,28.008333333333336,25.25,23.275000000000002,22.03333333333333,test
2022-11-21,24.18337631225586,23.214385986328125,22.29464340209961,20.716432571411133,24.18337631225586,23.662240982055664,23.214385986328125,22.867637634277344,22.66273307800293,22.415531158447266,22.29464340209961,22.14130973815918,21.936166763305664,21.73041534423828,21.51572608947754,21.24687385559082,21.069929122924805,20.910350799560547,20.716432571411133,20.541000366210938,20.39847755432129,20.172378540039062,20.16484260559082,20.06520652770996,20.01871681213379,19.837020874023438,19.803823471069336,19.576269149780273,19.441116333007812,19.267498016357422,19.194175720214844,19.148906707763672,18.956064224243164,18.751419067382812,2022-11-20,28.008333333333336,23.275000000000002,23.07272727272727,22.03333333333333,test
2022-11-28,21.146289825439453,21.005826950073242,20.409439086914062,19.363571166992188,20.950786590576172,21.141115188598633,21.146289825439453,21.005826950073242,20.832416534423828,20.57743263244629,20.409439086914062,20.231979370117188,20.06692123413086,19.81098175048828,19.626972198486328,19.445823669433594,19.48278045654297,19.495595932006836,19.363571166992188,19.20206642150879,19.075374603271484,18.91553497314453,18.911357879638672,18.775691986083984,18.770057678222656,18.562984466552734,18.4427490234375,18.22702407836914,18.061723709106445,17.883201599121094,17.916305541992188,17.950477600097656,17.847530364990234,17.773517608642578,2022-11-27,23.24166666666667,23.191666666666663,22.636363636363637,21.40833333333333,test
2022-12-01,21.772808074951172,21.050844192504883,20.13614845275879,19.10446548461914,21.772808074951172,21.40740966796875,21.050844192504883,20.752349853515625,20.519559860229492,20.322492599487305,20.13614845275879,19.91122817993164,19.80132484436035,19.76572036743164,19.725299835205078,19.685741424560547,19.573230743408203,19.367691040039062,19.10446548461914,18.9334659576416,18.94779396057129,18.878570556640625,18.79435920715332,18.549623489379883,18.385395050048828,18.100360870361328,17.974994659423828,17.921037673950195,17.918258666992188,17.89780044555664,17.926746368408203,17.83665657043457,17.6253719329834,17.524391174316406,2022-11-30,23.24166666666667,23.191666666666663,22.549999999999997,20.758333333333333,test
2022-12-07,20.03927230834961,19.98970603942871,19.766918182373047,18.50450897216797,19.858732223510742,19.98970603942871,20.03927230834961,20.014156341552734,19.970680236816406,19.890939712524414,19.766918182373047,19.591716766357422,19.47071075439453,19.378440856933594,19.31698989868164,19.241249084472656,19.020816802978516,18.80010223388672,18.50450897216797,18.324386596679688,18.194948196411133,18.130355834960938,18.183748245239258,18.010887145996094,17.98801612854004,17.813106536865234,17.815685272216797,17.729591369628906,17.688392639160156,17.602516174316406,17.55337142944336,17.46208953857422,17.255020141601562,17.22359848022461,2022-12-06,23.24166666666667,23.07272727272727,22.233333333333334,19.34166666666667,test
2022-12-14,20.5991153717041,20.421133041381836,19.442575454711914,18.466205596923828,20.5991153717041,20.527040481567383,20.421133041381836,20.25922393798828,20.06549072265625,19.77583885192871,19.442575454711914,19.224655151367188,19.07046890258789,18.939044952392578,18.899192810058594,18.833995819091797,18.787172317504883,18.66607666015625,18.466205596923828,18.31043243408203,18.26494026184082,18.201921463012695,18.265193939208984,18.12448501586914,18.10195541381836,17.935054779052734,17.947914123535156,17.930110931396484,17.914649963378906,17.89010238647461,17.853591918945312,17.756702423095703,17.54740333557129,17.460224151611328,2022-12-13,23.241666666666664,22.636363636363637,19.908333333333335,17.208333333333336,test
2022-12-21,19.63161277770996,19.551027297973633,18.999961853027344,18.17730712890625,19.628158569335938,19.63161277770996,19.551027297973633,19.38559341430664,19.283035278320312,19.16495132446289,18.999961853027344,18.796977996826172,18.670326232910156,18.584060668945312,18.541202545166016,18.461610794067383,18.473838806152344,18.33985137939453,18.08043670654297,18.049842834472656,18.091026306152344,18.103364944458008,18.17730712890625,18.10796356201172,18.082815170288086,17.81665802001953,17.807405471801758,17.76327133178711,17.771026611328125,17.753599166870117,17.745914459228516,17.640182495117188,17.48223876953125,17.43967056274414,2022-12-20,19.724999999999998,19.34166666666667,17.833333333333332,16.816666666666666,test
2022-12-28,17.49205207824707,17.35698699951172,17.18718719482422,16.955106735229492,16.258655548095703,16.782651901245117,17.103303909301758,17.18718719482422,17.3606014251709,17.49205207824707,17.35698699951172,17.162586212158203,17.171924591064453,17.1461181640625,17.21996307373047,17.288827896118164,17.30615997314453,17.14605140686035,16.945693969726562,16.828187942504883,16.806312561035156,16.955106735229492,17.061447143554688,16.960433959960938,16.869060516357422,16.624935150146484,16.615882873535156,16.472579956054688,16.391510009765625,16.568492889404297,16.618736267089844,16.460464477539062,16.285823822021484,16.2960205078125,2022-12-27,22.058333333333334,20.816666666666666,19.26666666666667,17.216666666666665,test
2023-01-01,17.161108016967773,17.075916290283203,16.974199295043945,16.791839599609375,16.791839599609375,17.072341918945312,17.161108016967773,16.974199295043945,16.92985725402832,16.96088218688965,16.991302490234375,17.075916290283203,17.144859313964844,17.071327209472656,16.93902587890625,16.900928497314453,16.93491554260254,16.94287109375,16.8958740234375,16.7499942779541,16.58303451538086,16.483617782592773,16.432411193847656,16.240875244140625,16.240407943725586,16.131738662719727,16.212703704833984,16.141254425048828,16.00359344482422,16.029190063476562,16.05368423461914,16.113204956054688,16.173095703125,16.273448944091797,2022-12-31,25.866666666666664,22.058333333333334,19.724999999999998,17.933333333333334,test
2023-01-07,17.513015747070312,17.33567237854004,17.137693405151367,16.537906646728516,17.33567237854004,17.513015747070312,17.469045639038086,17.2540283203125,17.13534927368164,17.1584529876709,17.137693405151367,17.10695457458496,17.169696807861328,17.048383712768555,16.83897590637207,16.688364028930664,16.617233276367188,16.535804748535156,16.446712493896484,16.342988967895508,16.20733642578125,16.095592498779297,16.106792449951172,16.006591796875,16.157875061035156,16.193912506103516,16.35614776611328,16.3760986328125,16.34793472290039,16.38556671142578,16.405031204223633,16.453365325927734,16.537906646728516,16.5492000579834,2023-01-06,25.866666666666664,22.058333333333334,19.724999999999998,17.933333333333334,test
2023-01-14,16.649818420410156,16.51131820678711,16.4083194732666,16.308603286743164,16.51131820678711,16.649818420410156,16.604496002197266,16.466880798339844,16.351726531982422,16.316547393798828,16.21279525756836,16.217693328857422,16.236236572265625,16.201826095581055,16.021625518798828,16.031707763671875,16.11138916015625,16.15390396118164,16.2125301361084,16.323144912719727,16.258167266845703,16.222816467285156,16.268735885620117,16.134033203125,16.311542510986328,16.380229949951172,16.467607498168945,16.466209411621094,16.339630126953125,16.311382293701172,16.278438568115234,16.236064910888672,16.308603286743164,16.4083194732666,2023-01-13,25.866666666666664,22.058333333333334,19.724999999999998,17.833333333333332,test
2023-01-21,20.73332405090332,18.759578704833984,17.719276428222656,17.399311065673828,20.73332405090332,19.631561279296875,18.759578704833984,18.11640167236328,17.752883911132812,17.632369995117188,17.477025985717773,17.514585494995117,17.645906448364258,17.647720336914062,17.502429962158203,17.399311065673828,17.280399322509766,17.25210189819336,17.30072021484375,17.338573455810547,17.327850341796875,17.159231185913086,17.10639190673828,16.98360824584961,16.98841667175293,16.993322372436523,17.155330657958984,17.251808166503906,17.266864776611328,17.310014724731445,17.396820068359375,17.490108489990234,17.719276428222656,17.832801818847656,2023-01-20,25.866666666666664,20.941666666666666,19.641666666666666,15.674999999999999,test
2023-01-28,21.372554779052734,19.82642936706543,18.764320373535156,18.267616271972656,21.372554779052734,20.497591018676758,19.82642936706543,19.176136016845703,18.69680404663086,18.267616271972656,17.98818588256836,18.12517547607422,18.2943058013916,18.288818359375,18.035226821899414,17.896224975585938,17.80462074279785,17.677148818969727,17.677734375,17.785438537597656,17.860597610473633,17.81470489501953,17.797672271728516,17.858118057250977,17.977218627929688,17.99310302734375,18.251155853271484,18.501922607421875,18.628692626953125,18.714462280273438,18.762985229492188,18.764320373535156,18.96955680847168,18.998634338378906,2023-01-27,25.866666666666664,20.125,18.308333333333334,15.674999999999999,test
2023-02-01,19.264427185058594,18.969867706298828,18.479196548461914,17.489208221435547,14.728515625,15.36660099029541,16.116146087646484,16.432884216308594,16.721332550048828,16.737117767333984,16.496078491210938,16.529727935791016,16.64228057861328,16.724590301513672,16.8354549407959,16.973846435546875,17.158504486083984,17.180644989013672,17.295713424682617,17.489208221435547,17.608354568481445,17.754199981689453,17.868915557861328,18.00152587890625,18.147705078125,18.2322998046875,18.39613914489746,18.479196548461914,18.60968589782715,18.781301498413086,18.93090057373047,18.969867706298828,19.171875,19.264427185058594,2023-01-31,30.474999999999998,26.933333333333334,18.491666666666667,16.958333333333332,test
2023-02-07,19.449644088745117,19.43443489074707,19.05328369140625,17.748340606689453,14.307440757751465,14.866565704345703,15.460468292236328,15.704276084899902,15.936532974243164,16.11914825439453,16.126253128051758,16.22549819946289,16.44719696044922,16.672298431396484,16.847442626953125,17.031156539916992,17.273069381713867,17.45755386352539,17.646482467651367,17.748340606689453,17.897342681884766,18.077686309814453,18.26704216003418,18.339536666870117,18.538555145263672,18.665355682373047,18.877079010009766,19.05328369140625,19.2180233001709,19.346529006958008,19.449644088745117,19.36241912841797,19.442058563232422,19.43443489074707,2023-02-06,33.25833333333333,28.75,25.150000000000002,18.25,test
2023-02-14,18.97706413269043,18.856840133666992,18.540332794189453,18.024293899536133,14.561338424682617,14.947266578674316,15.328445434570312,15.6327543258667,15.989060401916504,16.27984619140625,16.361312866210938,16.52381134033203,16.715187072753906,16.918224334716797,17.078365325927734,17.33871078491211,17.561277389526367,17.734909057617188,17.903533935546875,18.024293899536133,18.237571716308594,18.4599666595459,18.540332794189453,18.500457763671875,18.4881534576416,18.420196533203125,18.456897735595703,18.527484893798828,18.614303588867188,18.762630462646484,18.856840133666992,18.81529426574707,18.883710861206055,18.97706413269043,2023-02-13,33.25833333333333,28.75,26.383333333333336,19.99166666666667,test
2023-02-21,21.083656311035156,20.811553955078125,19.814804077148438,18.63943099975586,17.63727569580078,17.697574615478516,17.676799774169922,17.593772888183594,17.69634246826172,17.769027709960938,17.746498107910156,17.865888595581055,18.062936782836914,18.21035385131836,18.411514282226562,18.52020835876465,18.626413345336914,18.63164520263672,18.628211975097656,18.63943099975586,18.6911678314209,18.730133056640625,18.882537841796875,19.015727996826172,19.212940216064453,19.332843780517578,19.588024139404297,19.814804077148438,20.03319549560547,20.255558013916016,20.59496307373047,20.811553955078125,21.062198638916016,21.083656311035156,2023-02-20,33.25833333333333,28.75,26.383333333333336,20.508333333333336,test
2023-02-28,24.030000686645508,22.943296432495117,22.30768394470215,20.80320167541504,24.030000686645508,22.30768394470215,21.273801803588867,20.80320167541504,20.4274959564209,19.910507202148438,19.431365966796875,19.259212493896484,19.322059631347656,19.353200912475586,19.372995376586914,19.550825119018555,19.67655372619629,19.78264617919922,19.891332626342773,20.000261306762695,20.277292251586914,20.45679473876953,20.74601173400879,21.06524085998535,21.365413665771484,21.502239227294922,21.690616607666016,21.942121505737305,22.206100463867188,22.458221435546875,22.703821182250977,22.883241653442383,23.02301597595215,22.943296432495117,2023-02-27,33.25833333333333,28.75,26.799999999999997,22.900000000000002,test
2023-03-01,24.497051239013672,23.15692138671875,22.775035858154297,21.425060272216797,24.497051239013672,23.077373504638672,22.148366928100586,21.537988662719727,20.876983642578125,20.24371337890625,19.83974838256836,19.77698516845703,19.79960823059082,19.7823429107666,19.865678787231445,19.960308074951172,20.013479232788086,20.028406143188477,20.203472137451172,20.40662956237793,20.653858184814453,20.852096557617188,21.133094787597656,21.425060272216797,21.61148452758789,21.646484375,21.927967071533203,22.2503604888916,22.554500579833984,22.775035858154297,23.000322341918945,23.144216537475586,23.255428314208984,23.15692138671875,2023-02-28,33.25833333333333,28.75,26.383333333333336,22.175,test
2023-03-07,24.047534942626953,23.84241485595703,23.31490135192871,21.743728637695312,21.53714370727539,21.069826126098633,20.828094482421875,20.582862854003906,20.409452438354492,20.197689056396484,19.88568115234375,19.891027450561523,20.13259506225586,20.363746643066406,20.651615142822266,20.97341537475586,21.20995330810547,21.39630699157715,21.589054107666016,21.743728637695312,21.969478607177734,22.142581939697266,22.378997802734375,22.584720611572266,22.85902214050293,22.98048973083496,23.16024398803711,23.31490135192871,23.356170654296875,23.477588653564453,23.689632415771484,23.84241485595703,24.024444580078125,24.047534942626953,2023-03-06,31.71666666666667,27.724999999999998,24.400000000000002,21.23333333333333,test
2023-03-14,25.746055603027344,25.387645721435547,24.65349769592285,23.828262329101562,23.828262329101562,23.149551391601562,22.850215911865234,22.702362060546875,22.781166076660156,22.928834915161133,22.917469024658203,22.970802307128906,23.080678939819336,23.123611450195312,23.301851272583008,23.51041603088379,23.65580177307129,23.670541763305664,23.724733352661133,23.74987030029297,23.8560733795166,23.919206619262695,24.003564834594727,24.141273498535156,24.240131378173828,24.284486770629883,24.462440490722656,24.65349769592285,24.773839950561523,24.972814559936523,25.203157424926758,25.387645721435547,25.6185302734375,25.746055603027344,2023-03-13,34.59166666666667,32.49166666666667,27.724999999999998,21.675,test
2023-03-21,26.30584716796875,26.10637664794922,25.136268615722656,24.138797760009766,16.15294075012207,18.567081451416016,20.533649444580078,21.743408203125,22.574508666992188,22.83435821533203,22.846696853637695,22.86746597290039,23.01533317565918,23.006391525268555,23.31843376159668,23.464632034301758,23.675312042236328,23.740060806274414,23.964426040649414,24.138797760009766,24.324169158935547,24.374622344970703,24.528017044067383,24.653919219970703,24.706621170043945,24.78563117980957,24.911108016967773,25.136268615722656,25.395740509033203,25.52851104736328,25.920907974243164,26.10637664794922,26.30584716796875,26.301631927490234,2023-03-20,34.59166666666667,32.833333333333336,31.41666666666666,23.625,test
2023-03-28,26.91864776611328,26.738723754882812,26.460411071777344,24.79743194580078,22.214801788330078,22.53852081298828,22.65530014038086,23.06761932373047,23.681848526000977,23.833030700683594,23.775236129760742,23.795639038085938,23.966684341430664,24.038179397583008,24.242185592651367,24.337696075439453,24.505422592163086,24.553203582763672,24.695049285888672,24.79743194580078,25.062318801879883,25.240331649780273,25.53891944885254,25.75582504272461,25.906147003173828,26.076435089111328,26.27943992614746,26.460411071777344,26.584148406982422,26.647825241088867,26.71240234375,26.738723754882812,26.8229923248291,26.91864776611328,2023-03-27,34.59166666666667,32.833333333333336,31.41666666666666,25.358333333333334,test
2023-04-01,27.654455184936523,27.277652740478516,26.644128799438477,25.62566566467285,18.53036117553711,20.787187576293945,22.139671325683594,22.95464324951172,23.541128158569336,23.63465118408203,23.606563568115234,23.652315139770508,23.902620315551758,24.06119728088379,24.243879318237305,24.384754180908203,24.657474517822266,24.91331672668457,25.311628341674805,25.62566566467285,25.897205352783203,26.013202667236328,26.215925216674805,26.318910598754883,26.378095626831055,26.433107376098633,26.52487564086914,26.644128799438477,26.828401565551758,26.9410400390625,27.116281509399414,27.277652740478516,27.488319396972656,27.654455184936523,2023-03-31,34.59166666666667,32.833333333333336,31.41666666666666,25.666666666666668,test
2023-04-07,28.453550338745117,28.125720977783203,27.757110595703125,26.66080093383789,22.89388656616211,23.66405487060547,24.11417007446289,24.323413848876953,24.523700714111328,24.71058464050293,24.965198516845703,25.208086013793945,25.532114028930664,25.813257217407227,26.036766052246094,26.170900344848633,26.30039405822754,26.380332946777344,26.531829833984375,26.66080093383789,26.790546417236328,26.811914443969727,26.922033309936523,27.05354118347168,27.20330810546875,27.38349151611328,27.578001022338867,27.757110595703125,27.858102798461914,27.911043167114258,27.992128372192383,28.125720977783203,28.312477111816406,28.453550338745117,2023-04-06,36.93333333333334,34.449999999999996,32.49166666666667,26.466666666666665,test
2023-04-14,29.626113891601562,29.156997680664062,28.452423095703125,27.458040237426758,21.734954833984375,23.57843017578125,24.55341339111328,25.010147094726562,25.41573143005371,25.67143440246582,25.84310531616211,25.909252166748047,26.1209716796875,26.254350662231445,26.430892944335938,26.51956558227539,26.671159744262695,26.83554458618164,27.164499282836914,27.458040237426758,27.597808837890625,27.68963050842285,27.778827667236328,27.87039566040039,27.993499755859375,28.153839111328125,28.28215217590332,28.452423095703125,28.644405364990234,28.791536331176758,28.963224411010742,29.156997680664062,29.440153121948242,29.626113891601562,2023-04-13,36.93333333333334,34.40833333333333,31.058333333333334,26.416666666666668,test
2023-04-21,30.428180694580078,30.135021209716797,29.94430923461914,28.458824157714844,24.267112731933594,24.98322868347168,25.42244529724121,25.77233123779297,26.09490966796875,26.304555892944336,26.630348205566406,26.970396041870117,27.38612937927246,27.637035369873047,27.8659610748291,27.91142463684082,27.955690383911133,28.04497718811035,28.265241622924805,28.458824157714844,28.672508239746094,28.84877586364746,29.009841918945312,29.111093521118164,29.352890014648438,29.66390609741211,29.826204299926758,29.94430923461914,30.01148223876953,29.998138427734375,30.02269744873047,30.135021209716797,30.35147476196289,30.428180694580078,2023-04-20,37.46666666666666,35.76666666666667,31.53333333333333,26.416666666666668,test
2023-04-28,31.313861846923828,30.953441619873047,30.581768035888672,30.108287811279297,28.700090408325195,28.955297470092773,29.00652503967285,28.893476486206055,28.849842071533203,28.805622100830078,28.829675674438477,28.806854248046875,28.961124420166016,29.181720733642578,29.36026382446289,29.43484115600586,29.519359588623047,29.70036506652832,29.960647583007812,30.108287811279297,30.215726852416992,30.165672302246094,30.140029907226562,30.2289981842041,30.22573471069336,30.315826416015625,30.42208480834961,30.581768035888672,30.687646865844727,30.800186157226562,30.841751098632812,30.953441619873047,31.174179077148438,31.313861846923828,2023-04-27,37.46666666666666,35.76666666666667,33.95833333333333,30.033333333333335,test
2023-05-01,31.26299476623535,31.066211700439453,30.55490493774414,29.87803077697754,23.694988250732422,25.24460792541504,26.238115310668945,26.921663284301758,27.466957092285156,27.7906494140625,28.133028030395508,28.355140686035156,28.621509552001953,28.79346466064453,29.075620651245117,29.31268310546875,29.522579193115234,29.65301513671875,29.80972671508789,29.87803077697754,29.89975357055664,29.9857234954834,30.1070613861084,30.242469787597656,30.322959899902344,30.396615982055664,30.41792869567871,30.55490493774414,30.710445404052734,30.88277816772461,30.968460083007812,31.066211700439453,31.195510864257812,31.26299476623535,2023-04-30,37.46666666666666,35.76666666666667,33.95833333333333,30.525000000000002,test
2023-05-07,31.919288635253906,31.81568145751953,31.443132400512695,30.450647354125977,25.953990936279297,27.16086769104004,28.075193405151367,28.615407943725586,29.127370834350586,29.473047256469727,29.691617965698242,29.773637771606445,29.85799789428711,29.93222999572754,30.03854751586914,30.171306610107422,30.2558536529541,30.275163650512695,30.362037658691406,30.450647354125977,30.5521183013916,30.62125015258789,30.837566375732422,30.986474990844727,31.14811134338379,31.30678939819336,31.340362548828125,31.443132400512695,31.529415130615234,31.619110107421875,31.719619750976562,31.81568145751953,31.889568328857422,31.919288635253906,2023-05-06,41.050000000000004,37.449999999999996,34.13333333333333,30.933333333333334,test
2023-05-14,32.464656829833984,32.310176849365234,31.87765121459961,31.144512176513672,26.86287498474121,28.290273666381836,29.116321563720703,29.466064453125,29.73421287536621,29.79801368713379,29.83331298828125,29.882535934448242,29.99277687072754,30.099048614501953,30.237812042236328,30.419469833374023,30.593931198120117,30.742324829101562,30.93950080871582,31.144512176513672,31.22043228149414,31.280563354492188,31.424968719482422,31.519027709960938,31.62902069091797,31.74372673034668,31.775936126708984,31.87765121459961,31.960689544677734,32.09645462036133,32.18303680419922,32.310176849365234,32.416351318359375,32.464656829833984,2023-05-13,41.050000000000004,37.449999999999996,34.800000000000004,31.53333333333333,test
2023-05-21,32.764625549316406,32.55790710449219,32.05537414550781,31.374879837036133,26.65868377685547,28.0787353515625,28.818531036376953,29.182445526123047,29.545578002929688,29.783573150634766,29.98912811279297,30.213180541992188,30.468122482299805,30.612638473510742,30.760637283325195,30.880840301513672,30.986635208129883,31.06117057800293,31.200687408447266,31.374879837036133,31.427410125732422,31.516143798828125,31.66039276123047,31.727123260498047,31.839073181152344,31.9221134185791,31.95795440673828,32.05537414550781,32.19305419921875,32.32582473754883,32.43714141845703,32.55790710449219,32.656856536865234,32.764625549316406,2023-05-20,41.050000000000004,37.449999999999996,34.13333333333333,31.40833333333333,test
2023-05-28,33.861881256103516,33.59754943847656,33.319915771484375,32.59800338745117,33.861881256103516,33.05256652832031,32.37008285522461,32.04900360107422,31.9534969329834,31.9659423828125,31.979021072387695,31.973390579223633,31.98589324951172,32.049198150634766,32.08687973022461,32.23878860473633,32.30239486694336,32.404518127441406,32.486419677734375,32.517913818359375,32.5734977722168,32.59800338745117,32.67718505859375,32.790435791015625,32.897735595703125,33.020896911621094,33.11944580078125,33.24932098388672,33.319915771484375,33.44630813598633,33.472015380859375,33.55085754394531,33.59754943847656,33.699893951416016,2023-05-27,41.050000000000004,37.449999999999996,34.05833333333333,31.90833333333333,test
2023-06-01,33.90176010131836,33.80624771118164,33.441104888916016,32.72834014892578,32.011383056640625,32.04768753051758,31.882652282714844,31.66680145263672,31.604957580566406,31.62649154663086,31.744548797607422,31.8458309173584,32.00877380371094,32.16133117675781,32.2894401550293,32.353702545166016,32.419029235839844,32.5200309753418,32.649723052978516,32.72834014892578,32.822731018066406,32.93867111206055,33.04169464111328,33.18457794189453,33.23202896118164,33.28550720214844,33.360931396484375,33.441104888916016,33.54409408569336,33.6978645324707,33.751773834228516,33.80624771118164,33.82802963256836,33.90176010131836,2023-05-31,41.050000000000004,37.449999999999996,34.05833333333333,32.3,test
2023-06-07,34.214778900146484,34.16707229614258,33.93416976928711,33.418514251708984,31.207324981689453,31.88142204284668,32.31568145751953,32.38045120239258,32.337120056152344,32.31095886230469,32.43437194824219,32.533660888671875,32.63475799560547,32.7999382019043,32.91503143310547,33.0576171875,33.140830993652344,33.223167419433594,33.32817840576172,33.418514251708984,33.484676361083984,33.53496551513672,33.58205032348633,33.69296646118164,33.7596435546875,33.83000183105469,33.89009094238281,33.93416976928711,33.99858856201172,34.117069244384766,34.15165710449219,34.16874313354492,34.16707229614258,34.214778900146484,2023-06-06,38.300000000000004,35.708333333333336,34.266666666666666,32.875,test
2023-06-14,34.36139678955078,34.28216552734375,34.137264251708984,33.72236633300781,29.97085189819336,31.043819427490234,31.772506713867188,32.17217254638672,32.472190856933594,32.62678146362305,32.78826904296875,32.815704345703125,32.882850646972656,32.98305892944336,33.11784362792969,33.23298263549805,33.317771911621094,33.43307113647461,33.59157943725586,33.72236633300781,33.80198669433594,33.848026275634766,33.87097930908203,33.97285461425781,34.017723083496094,34.08281707763672,34.07219696044922,34.137264251708984,34.22684097290039,34.30199432373047,34.282100677490234,34.27931594848633,34.28216552734375,34.36139678955078,2023-06-13,38.300000000000004,36.791666666666664,34.266666666666666,33.00833333333333,test
2023-06-21,34.440673828125,34.37322998046875,34.0739631652832,33.92551803588867,30.85865020751953,31.691137313842773,32.193397521972656,32.40283203125,32.62135314941406,32.8426399230957,33.045196533203125,33.18659591674805,33.32950210571289,33.41681671142578,33.55824279785156,33.63302993774414,33.62646484375,33.7265625,33.85216522216797,33.92551803588867,33.969268798828125,34.04144287109375,34.02250671386719,34.058128356933594,34.001991271972656,34.04736328125,34.05448913574219,34.0739631652832,34.158477783203125,34.25567626953125,34.34600830078125,34.37921142578125,34.37322998046875,34.440673828125,2023-06-20,39.075,37.86666666666666,37.0,33.641666666666666,test
2023-06-28,34.79640197753906,34.785797119140625,34.57991409301758,34.18035125732422,33.68745422363281,33.79130935668945,33.817832946777344,33.82358932495117,33.83174133300781,33.82569122314453,33.868282318115234,33.93479919433594,34.00390625,34.066246032714844,34.124900817871094,34.1305046081543,34.087364196777344,34.09682846069336,34.12633514404297,34.18035125732422,34.23094177246094,34.317962646484375,34.31916046142578,34.41987228393555,34.41935348510742,34.495479583740234,34.530826568603516,34.57991409301758,34.67205047607422,34.784244537353516,34.785797119140625,34.79640197753906,34.7363395690918,34.79428482055664,2023-06-27,39.53333333333334,38.86666666666667,38.325,36.791666666666664,test
2023-07-01,34.68382263183594,34.5902214050293,34.53886795043945,34.2464485168457,32.95201110839844,33.343143463134766,33.535667419433594,33.59608459472656,33.634300231933594,33.6922492980957,33.83068084716797,33.90643310546875,33.92374038696289,33.90046691894531,33.89311599731445,33.91337966918945,33.94557189941406,34.07912826538086,34.18898010253906,34.257965087890625,34.2464485168457,34.28138732910156,34.2874641418457,34.387733459472656,34.421913146972656,34.51704406738281,34.53490447998047,34.53886795043945,34.542823791503906,34.57320022583008,34.56456756591797,34.612876892089844,34.5902214050293,34.68382263183594,2023-06-30,39.53333333333334,38.86666666666667,38.44166666666667,36.87500000000001,test
2023-07-07,34.81954574584961,34.77817153930664,34.763031005859375,34.614707946777344,33.37831115722656,33.6713981628418,33.80569076538086,33.88351058959961,33.88426971435547,33.925960540771484,34.06272506713867,34.1750373840332,34.2555046081543,34.31673812866211,34.375732421875,34.425086975097656,34.41677474975586,34.45840072631836,34.56672286987305,34.614707946777344,34.65545654296875,34.706451416015625,34.683563232421875,34.725276947021484,34.718406677246094,34.772857666015625,34.763031005859375,34.75788116455078,34.77817153930664,34.81954574584961,34.769264221191406,34.774898529052734,34.72956848144531,34.79840850830078,2023-07-06,39.53333333333334,38.86666666666667,38.44166666666667,37.0,test
2023-07-14,35.762855529785156,35.01167297363281,34.979400634765625,34.90203857421875,35.762855529785156,35.24546432495117,34.84194564819336,34.692073822021484,34.619686126708984,34.611968994140625,34.71941375732422,34.75577163696289,34.84916687011719,34.89922332763672,34.9071159362793,34.90203857421875,34.88411331176758,34.95209884643555,34.979400634765625,35.00544357299805,35.01167297363281,34.998069763183594,34.9655647277832,35.007080078125,34.92367172241211,34.9482536315918,34.93062973022461,34.932594299316406,34.882904052734375,34.90000534057617,34.828041076660156,34.84309768676758,34.795074462890625,34.81644821166992,2023-07-13,39.53333333333334,38.86666666666667,38.44166666666667,37.06666666666667,test
2023-07-21,37.319297790527344,36.450008392333984,35.75753402709961,35.67405700683594,37.319297790527344,36.8061637878418,36.450008392333984,36.18625259399414,35.93360137939453,35.78054428100586,35.75753402709961,35.6850700378418,35.69251251220703,35.74152755737305,35.70782470703125,35.68027877807617,35.661495208740234,35.706451416015625,35.65155029296875,35.712589263916016,35.67405700683594,35.652591705322266,35.59938049316406,35.63226318359375,35.560455322265625,35.54530334472656,35.53792190551758,35.51798629760742,35.3769416809082,35.3974609375,35.25647735595703,35.18569564819336,35.14400100708008,35.15181350708008,2023-07-20,39.53333333333334,38.62499999999999,37.78333333333333,36.10833333333333,test
2023-07-28,38.56561279296875,37.32866287231445,36.466339111328125,36.02672576904297,38.56561279296875,37.783565521240234,37.32866287231445,37.03757095336914,36.72549057006836,36.53505325317383,36.466339111328125,36.33466339111328,36.28026580810547,36.29261016845703,36.221923828125,36.15079116821289,36.115570068359375,36.101715087890625,36.019126892089844,36.02672576904297,35.95014572143555,35.87427520751953,35.802085876464844,35.828948974609375,35.71595764160156,35.68982696533203,35.71623992919922,35.673858642578125,35.53257369995117,35.60374450683594,35.45857620239258,35.38985061645508,35.35955047607422,35.32499694824219,2023-07-27,38.62499999999999,37.56666666666667,36.225,34.90833333333334,test
2023-08-01,36.394989013671875,36.1392822265625,35.92268753051758,35.56088638305664,36.394989013671875,36.18828582763672,36.1392822265625,36.11426544189453,35.99882125854492,35.92268753051758,35.947208404541016,35.86886215209961,35.772125244140625,35.754486083984375,35.750545501708984,35.74290084838867,35.677032470703125,35.61109924316406,35.56088638305664,35.53848648071289,35.42161560058594,35.42052459716797,35.39223098754883,35.45321273803711,35.355064392089844,35.24553298950195,35.1197395324707,35.09575271606445,35.02228546142578,35.099361419677734,34.971920013427734,34.86639404296875,34.76660919189453,34.65386962890625,2023-07-31,37.78333333333333,37.06666666666667,35.73333333333333,34.833333333333336,test
2023-08-07,36.21125793457031,35.76921081542969,35.520835876464844,35.314300537109375,36.21125793457031,35.911808013916016,35.76921081542969,35.69279479980469,35.56950378417969,35.516990661621094,35.58390808105469,35.520835876464844,35.50297164916992,35.433837890625,35.38180160522461,35.37579345703125,35.37844467163086,35.34733581542969,35.314300537109375,35.24305725097656,35.1424674987793,35.09618377685547,35.01329040527344,35.042510986328125,34.92428207397461,34.85890197753906,34.74357986450195,34.59765625,34.49152755737305,34.620792388916016,34.52388000488281,34.39446258544922,34.267940521240234,34.180484771728516,2023-08-06,37.78333333333333,36.891666666666666,35.391666666666666,34.766666666666666,test
2023-08-14,37.01239013671875,36.10657501220703,35.60076141357422,34.93002700805664,37.01239013671875,36.46282196044922,36.10657501220703,35.92936706542969,35.749000549316406,35.638885498046875,35.60076141357422,35.417213439941406,35.34367752075195,35.27128601074219,35.27384948730469,35.186946868896484,35.10977554321289,35.08611297607422,34.93002700805664,34.76248550415039,34.6142692565918,34.566017150878906,34.50112533569336,34.48347854614258,34.27470779418945,34.20109939575195,34.15422058105469,34.03367233276367,33.9024658203125,33.9693717956543,33.84282684326172,33.680877685546875,33.52407455444336,33.37885284423828,2023-08-13,41.36666666666667,37.525,35.73333333333333,34.775,test
2023-08-21,34.668338775634766,34.55436325073242,34.337833404541016,33.91847610473633,34.00843811035156,34.24382400512695,34.49573516845703,34.66077423095703,34.668338775634766,34.55436325073242,34.534934997558594,34.409767150878906,34.337833404541016,34.252220153808594,34.24223327636719,34.15137481689453,34.08835983276367,34.03080368041992,33.91847610473633,33.84325408935547,33.69782257080078,33.644447326660156,33.59429168701172,33.5644416809082,33.448760986328125,33.37809371948242,33.26481628417969,33.122337341308594,32.93939208984375,32.94910430908203,32.808677673339844,32.683502197265625,32.50491714477539,32.3062858581543,2023-08-20,41.36666666666667,37.525,35.73333333333333,34.03333333333333,test
2023-08-28,34.066444396972656,34.01106643676758,33.84700012207031,33.35267639160156,33.931434631347656,33.95835494995117,34.023868560791016,34.066444396972656,34.01106643676758,33.900814056396484,33.84700012207031,33.742374420166016,33.73013687133789,33.62479019165039,33.57807922363281,33.539649963378906,33.51377868652344,33.480716705322266,33.35267639160156,33.248138427734375,33.07505416870117,33.046451568603516,32.987586975097656,32.963539123535156,32.82268142700195,32.67900848388672,32.57366943359375,32.41456985473633,32.24951934814453,32.23138427734375,32.07527160644531,31.93887710571289,31.790742874145508,31.649967193603516,2023-08-27,41.36666666666667,37.525,35.475,33.283333333333324,test
2023-09-01,35.326019287109375,34.391685485839844,33.618099212646484,32.88529968261719,35.326019287109375,34.79368209838867,34.391685485839844,34.171939849853516,33.95609664916992,33.74916458129883,33.618099212646484,33.528221130371094,33.52639389038086,33.4404296875,33.307212829589844,33.137420654296875,32.98286437988281,32.973777770996094,32.88529968261719,32.798919677734375,32.663848876953125,32.61323547363281,32.521270751953125,32.41964340209961,32.27802658081055,32.18583679199219,32.18168640136719,32.106849670410156,31.947864532470703,31.887649536132812,31.720308303833008,31.561426162719727,31.457599639892578,31.298213958740234,2023-08-31,41.36666666666667,37.525,35.291666666666664,33.291666666666664,test
2023-09-07,35.322242736816406,34.04730224609375,33.147769927978516,32.533531188964844,35.322242736816406,34.48128128051758,34.04730224609375,33.79634094238281,33.540870666503906,33.272308349609375,33.147769927978516,33.01459884643555,33.06301498413086,33.01301956176758,32.87188720703125,32.7320442199707,32.643611907958984,32.63468551635742,32.533531188964844,32.37803649902344,32.283050537109375,32.233463287353516,32.19872283935547,32.0635871887207,31.905414581298828,31.768146514892578,31.745651245117188,31.675539016723633,31.534164428710938,31.468544006347656,31.304533004760742,31.181406021118164,31.04417610168457,30.868423461914062,2023-09-06,41.36666666666667,36.81666666666666,34.50833333333333,32.74166666666667,test
2023-09-14,32.111473083496094,31.940704345703125,31.758100509643555,31.221052169799805,29.836593627929688,30.94482421875,31.758100509643555,32.03781509399414,32.111473083496094,31.940704345703125,31.84108543395996,31.774646759033203,31.758602142333984,31.64563751220703,31.662025451660156,31.646099090576172,31.549346923828125,31.45246696472168,31.36722183227539,31.34471893310547,31.221052169799805,31.20028305053711,31.159276962280273,30.954097747802734,30.758188247680664,30.723682403564453,30.612789154052734,30.40125846862793,30.155792236328125,29.958341598510742,29.790653228759766,29.67930793762207,29.58219337463379,29.456165313720703,2023-09-13,35.225,33.875,33.225,31.63333333333333,test
2023-09-21,31.570659637451172,31.554800033569336,31.430788040161133,30.804176330566406,31.148283004760742,31.378145217895508,31.53882598876953,31.567922592163086,31.570659637451172,31.542560577392578,31.554800033569336,31.48225975036621,31.430788040161133,31.357818603515625,31.31557273864746,31.176517486572266,31.019752502441406,30.939138412475586,30.804176330566406,30.6551513671875,30.47389030456543,30.266298294067383,30.057022094726562,29.883230209350586,29.775583267211914,29.7587833404541,29.77027130126953,29.628665924072266,29.456640243530273,29.312467575073242,29.14093780517578,29.013050079345703,28.87299919128418,28.71910858154297,2023-09-20,35.225,33.875,32.975,29.09166666666667,test
2023-09-28,32.68689727783203,32.14238739013672,31.47162628173828,30.261146545410156,32.68689727783203,32.380027770996094,32.14238739013672,31.86427879333496,31.6843204498291,31.539165496826172,31.47162628173828,31.350404739379883,31.11760711669922,30.934799194335938,30.74755859375,30.509000778198242,30.414411544799805,30.36078453063965,30.261146545410156,30.13885498046875,29.99665641784668,29.902198791503906,29.7911376953125,29.690826416015625,29.480735778808594,29.325035095214844,29.28719711303711,29.142440795898438,29.000497817993164,28.886062622070312,28.684505462646484,28.44882583618164,28.240116119384766,28.127578735351562,2023-09-27,35.225,35.04166666666667,31.683333333333326,29.09166666666667,test
2023-10-01,31.936580657958984,31.705646514892578,31.123779296875,29.98810386657715,31.936580657958984,31.789165496826172,31.705646514892578,31.56486701965332,31.43219757080078,31.264739990234375,31.123779296875,30.93783187866211,30.60948944091797,30.422565460205078,30.312530517578125,30.22216796875,30.225263595581055,30.201419830322266,29.98810386657715,29.78575325012207,29.567413330078125,29.412416458129883,29.356111526489258,29.291399002075195,29.23296546936035,29.132495880126953,29.040544509887695,28.758657455444336,28.42933464050293,28.312484741210938,28.149520874023438,28.06143569946289,27.88945960998535,27.6297607421875,2023-09-30,35.21818181818182,32.75454545454546,30.8,28.775000000000002,test
2023-10-07,29.750577926635742,29.665918350219727,29.565216064453125,28.757564544677734,29.478553771972656,29.663528442382812,29.750577926635742,29.694913864135742,29.638019561767578,29.63794708251953,29.665918350219727,29.565216064453125,29.431621551513672,29.31155014038086,29.15967559814453,28.983919143676758,28.924528121948242,28.8951416015625,28.757564544677734,28.6153621673584,28.44563102722168,28.165857315063477,28.01744842529297,27.825538635253906,27.750917434692383,27.65333366394043,27.533403396606445,27.28942108154297,27.014484405517578,26.742382049560547,26.495376586914062,26.384674072265625,26.153419494628906,25.96971321105957,2023-10-06,35.21818181818182,32.75454545454546,30.8,29.266666666666666,test
2023-10-14,28.786949157714844,28.66599464416504,28.563325881958008,27.281301498413086,28.665111541748047,28.786949157714844,28.761259078979492,28.66599464416504,28.596479415893555,28.572446823120117,28.563325881958008,28.45562171936035,28.33176040649414,28.146942138671875,28.00131607055664,27.729570388793945,27.563831329345703,27.488492965698242,27.281301498413086,27.10223960876465,26.89861488342285,26.6966609954834,26.505077362060547,26.25282859802246,26.05312156677246,25.816699981689453,25.566043853759766,25.292522430419922,25.108680725097656,24.898719787597656,24.77546501159668,24.682090759277344,24.6048583984375,24.474910736083984,2023-10-13,35.21818181818182,32.75454545454546,30.036363636363635,29.318181818181817,test
2023-10-21,28.139806747436523,27.974729537963867,27.204227447509766,25.694990158081055,28.139806747436523,28.109874725341797,27.974729537963867,27.771875381469727,27.5396671295166,27.319921493530273,27.204227447509766,27.09488296508789,26.982036590576172,26.803184509277344,26.620515823364258,26.33867645263672,26.098648071289062,25.93476104736328,25.694990158081055,25.480615615844727,25.261869430541992,25.06891441345215,24.867259979248047,24.644481658935547,24.58924102783203,24.43855857849121,24.38275909423828,24.32539939880371,24.303911209106445,24.25605583190918,24.150470733642578,24.08915901184082,23.98003578186035,23.79250144958496,2023-10-20,35.21818181818182,32.75454545454546,30.363636363636363,29.527272727272724,test
2023-10-28,31.645029067993164,29.230056762695312,27.145036697387695,24.911035537719727,31.645029067993164,30.326358795166016,29.230056762695312,28.4382266998291,27.8924617767334,27.467798233032227,27.145036697387695,26.863967895507812,26.5653076171875,26.20875358581543,25.952547073364258,25.611270904541016,25.413219451904297,25.207504272460938,24.911035537719727,24.690040588378906,24.631301879882812,24.60006332397461,24.664987564086914,24.578771591186523,24.545825958251953,24.39509391784668,24.326457977294922,24.23278045654297,24.10971450805664,23.92037010192871,23.648658752441406,23.47162437438965,23.26205825805664,22.92885398864746,2023-10-27,31.818181818181817,30.363636363636363,29.63636363636363,28.563636363636363,test
2023-11-01,29.015722274780273,27.771240234375,26.072612762451172,24.905384063720703,29.015722274780273,28.31352996826172,27.771240234375,27.231420516967773,26.805498123168945,26.361082077026367,26.072612762451172,25.802898406982422,25.52779769897461,25.266653060913086,25.11271858215332,24.931915283203125,25.0065860748291,24.997005462646484,24.905384063720703,24.828279495239258,24.740184783935547,24.62448501586914,24.5484619140625,24.380388259887695,24.223556518554688,23.952159881591797,23.714122772216797,23.42504119873047,23.20452880859375,23.02373504638672,22.805198669433594,22.612686157226562,22.31784439086914,22.084224700927734,2023-10-31,31.818181818181817,29.845454545454547,29.527272727272724,25.027272727272727,test
2023-11-07,28.45589256286621,27.164514541625977,26.07596206665039,24.559429168701172,28.45589256286621,27.727018356323242,27.164514541625977,26.767698287963867,26.44565200805664,26.18853759765625,26.07596206665039,25.963115692138672,25.81328582763672,25.472524642944336,25.214420318603516,24.87913703918457,24.848066329956055,24.79244613647461,24.559429168701172,24.21672248840332,23.857942581176758,23.46107292175293,23.274938583374023,22.962371826171875,22.743432998657227,22.44676971435547,22.280147552490234,22.192686080932617,22.24274444580078,22.19754409790039,22.130592346191406,21.909839630126953,21.533899307250977,21.157987594604492,2023-11-06,30.363636363636363,29.527272727272724,27.599999999999998,24.245454545454546,test
2023-11-14,28.79167366027832,27.451425552368164,26.10419464111328,23.68435287475586,28.79167366027832,28.062835693359375,27.451425552368164,26.8917236328125,26.571542739868164,26.296260833740234,26.10419464111328,25.857709884643555,25.46975326538086,25.036182403564453,24.772293090820312,24.423730850219727,24.310686111450195,24.106708526611328,23.68435287475586,23.346824645996094,23.195693969726562,23.01968002319336,22.980182647705078,22.847614288330078,22.60721206665039,22.40860939025879,22.33357048034668,22.231868743896484,22.187049865722656,22.022253036499023,21.86802864074707,21.6868896484375,21.554523468017578,21.271907806396484,2023-11-13,28.336363636363636,25.689999999999998,24.37272727272727,22.672727272727272,test
2023-11-21,22.567399978637695,22.375484466552734,22.037063598632812,21.195955276489258,19.85515022277832,21.195955276489258,22.057214736938477,22.375484466552734,22.567399978637695,22.465173721313477,22.357707977294922,22.19278335571289,22.037063598632812,21.852294921875,21.963224411010742,21.86063003540039,21.76529312133789,21.546844482421875,21.329753875732422,21.23660659790039,21.185787200927734,21.13099479675293,21.009353637695312,20.762985229492188,20.646562576293945,20.603534698486328,20.48856544494629,20.279644012451172,20.234527587890625,20.11932945251465,20.029098510742188,19.876251220703125,19.721824645996094,19.509552001953125,2023-11-20,28.336363636363636,25.027272727272727,22.972727272727273,21.57272727272727,test
2023-11-28,21.10036277770996,20.963672637939453,20.71599006652832,20.134342193603516,19.591068267822266,20.096471786499023,20.57669448852539,20.876182556152344,21.10036277770996,21.083425521850586,20.963672637939453,20.876632690429688,20.836769104003906,20.71599006652832,20.677780151367188,20.433563232421875,20.302295684814453,20.124279022216797,20.134342193603516,20.177370071411133,20.24074935913086,20.151378631591797,20.103900909423828,19.906206130981445,19.729848861694336,19.503925323486328,19.38266944885254,19.248685836791992,19.21802520751953,19.06464958190918,18.933589935302734,18.719528198242188,18.528282165527344,18.322063446044922,2023-11-27,28.336363636363636,23.7,22.40909090909091,20.600000000000005,test
2023-12-01,21.830177307128906,21.683250427246094,21.237096786499023,20.2069091796875,21.799880981445312,21.830177307128906,21.683250427246094,21.45714569091797,21.33230972290039,21.246957778930664,21.237096786499023,21.178930282592773,21.044158935546875,20.775794982910156,20.57555389404297,20.424896240234375,20.48086929321289,20.41299057006836,20.2069091796875,19.9903564453125,19.866355895996094,19.637588500976562,19.531341552734375,19.310871124267578,19.2222843170166,19.101064682006836,19.053768157958984,18.92552375793457,18.784236907958984,18.632049560546875,18.49307632446289,18.396133422851562,18.319982528686523,18.17448616027832,2023-11-30,28.336363636363636,23.7,22.40909090909091,20.572727272727274,test
2023-12-07,20.50465965270996,20.33594512939453,20.045772552490234,18.902191162109375,20.02741813659668,20.405345916748047,20.50465965270996,20.33594512939453,20.205810546875,20.141361236572266,20.112869262695312,20.045772552490234,20.025320053100586,19.84540557861328,19.722911834716797,19.584880828857422,19.453140258789062,19.162227630615234,18.902191162109375,18.783809661865234,18.717893600463867,18.64246368408203,18.667972564697266,18.43520736694336,18.29674530029297,18.087261199951172,17.925941467285156,17.83013916015625,17.90106964111328,17.84768295288086,17.805328369140625,17.63431167602539,17.41727066040039,17.302173614501953,2023-12-06,23.7,22.754545454545454,21.154545454545453,19.81666666666667,test
2023-12-14,19.270326614379883,19.11697769165039,18.685321807861328,17.642078399658203,17.782024383544922,18.421188354492188,18.921859741210938,19.158336639404297,19.270326614379883,19.11697769165039,19.01104736328125,18.834060668945312,18.685321807861328,18.484561920166016,18.47859764099121,18.246734619140625,18.0786075592041,17.846050262451172,17.642078399658203,17.514537811279297,17.53445053100586,17.481590270996094,17.53668212890625,17.38139533996582,17.25343894958496,17.1185302734375,16.97980499267578,16.77381134033203,16.808624267578125,16.711658477783203,16.670146942138672,16.620542526245117,16.645706176757812,16.549697875976562,2023-12-13,24.408333333333335,23.375,21.191666666666666,19.78333333333333,test
2023-12-21,19.891870498657227,19.318164825439453,18.27689552307129,17.309057235717773,19.891870498657227,19.6773738861084,19.318164825439453,19.00128936767578,18.72653579711914,18.45805549621582,18.27689552307129,18.179466247558594,18.110193252563477,17.942337036132812,17.791004180908203,17.620738983154297,17.512340545654297,17.423450469970703,17.309057235717773,17.20136833190918,17.118070602416992,17.024539947509766,16.98050308227539,16.818729400634766,16.847505569458008,16.843338012695312,16.798921585083008,16.685327529907227,16.67637825012207,16.574947357177734,16.624000549316406,16.713790893554688,16.713624954223633,16.703083038330078,2023-12-20,24.408333333333335,21.46666666666667,20.889999999999997,19.341666666666665,test
2023-12-28,20.093116760253906,19.045894622802734,18.094837188720703,17.431297302246094,20.093116760253906,19.5622501373291,19.045894622802734,18.671062469482422,18.405494689941406,18.229114532470703,18.094837188720703,17.97521209716797,17.98696517944336,17.8944091796875,17.81104278564453,17.635574340820312,17.504539489746094,17.47245216369629,17.431297302246094,17.2977294921875,17.164939880371094,17.055809020996094,16.995803833007812,16.89189338684082,16.958839416503906,16.882680892944336,16.918834686279297,16.933658599853516,16.929485321044922,16.89759063720703,16.95317840576172,16.969375610351562,16.92108726501465,16.84298324584961,2023-12-27,24.408333333333335,23.639999999999997,21.05,19.083333333333332,test
2024-01-01,19.402856826782227,18.89727210998535,17.998477935791016,17.229137420654297,19.402856826782227,19.170330047607422,18.89727210998535,18.515518188476562,18.319561004638672,18.14659881591797,17.998477935791016,17.842952728271484,17.791492462158203,17.72337532043457,17.65949249267578,17.522829055786133,17.44080352783203,17.341951370239258,17.229137420654297,17.173908233642578,17.159645080566406,17.154253005981445,17.225608825683594,17.16777801513672,17.205230712890625,17.09577751159668,17.147388458251953,17.159799575805664,17.114259719848633,17.098663330078125,17.02387809753418,16.885753631591797,16.788724899291992,16.636842727661133,2023-12-31,24.408333333333335,23.639999999999997,21.05,18.208333333333332,test
2024-01-07,19.86461067199707,18.414180755615234,17.698070526123047,17.49411392211914,19.86461067199707,19.062419891357422,18.414180755615234,18.02325439453125,17.867156982421875,17.819595336914062,17.698070526123047,17.56182098388672,17.542648315429688,17.471134185791016,17.473770141601562,17.516727447509766,17.62163543701172,17.621871948242188,17.61526107788086,17.499425888061523,17.49411392211914,17.304595947265625,17.233903884887695,17.081254959106445,17.081388473510742,16.92891502380371,16.888824462890625,16.851442337036133,16.857051849365234,16.826757431030273,16.82123565673828,16.800691604614258,16.820388793945312,16.822994232177734,2024-01-06,24.408333333333335,23.639999999999997,20.889999999999997,16.95,test
2024-01-14,18.266380310058594,17.698017120361328,17.459312438964844,16.975326538085938,18.266380310058594,17.727458953857422,17.459312438964844,17.476478576660156,17.63201141357422,17.698017120361328,17.572566986083984,17.435060501098633,17.339324951171875,17.195343017578125,17.11993408203125,17.00714874267578,16.986618041992188,16.879396438598633,16.789649963378906,16.729602813720703,16.729644775390625,16.674253463745117,16.746185302734375,16.630069732666016,16.617223739624023,16.56993865966797,16.656373977661133,16.689712524414062,16.725988388061523,16.783447265625,16.81683349609375,16.867565155029297,16.975326538085938,17.060619354248047,2024-01-13,23.82,22.8,20.37272727272727,17.1,test
2024-01-21,21.46476173400879,19.22945785522461,17.748966217041016,17.452543258666992,21.46476173400879,20.099767684936523,19.22945785522461,18.619735717773438,18.186634063720703,17.956439971923828,17.719505310058594,17.598731994628906,17.557090759277344,17.452543258666992,17.411113739013672,17.368694305419922,17.34857177734375,17.267425537109375,17.19784164428711,17.102693557739258,17.187959671020508,17.14371109008789,17.145347595214844,17.073204040527344,17.147178649902344,17.107250213623047,17.245792388916016,17.3028621673584,17.38490104675293,17.504274368286133,17.743709564208984,17.748966217041016,17.695919036865234,17.60961151123047,2024-01-20,23.82,23.518181818181823,19.418181818181818,16.44545454545454,test
2024-01-28,17.71844482421875,17.62590789794922,17.222837448120117,16.79617691040039,13.551657676696777,14.613465309143066,15.587323188781738,16.05426025390625,16.3385009765625,16.328691482543945,16.268020629882812,16.333934783935547,16.45465850830078,16.52713394165039,16.6510066986084,16.53656005859375,16.53499412536621,16.481048583984375,16.65089225769043,16.79617691040039,16.894168853759766,16.9360408782959,17.07712173461914,17.12249183654785,17.20391082763672,17.133346557617188,17.22199821472168,17.222837448120117,17.298864364624023,17.381378173828125,17.561752319335938,17.62590789794922,17.68276596069336,17.71844482421875,2024-01-27,23.518181818181823,21.963636363636365,19.418181818181818,17.563636363636366,test
2024-02-01,17.834247589111328,17.626266479492188,17.397579193115234,17.044328689575195,14.83275318145752,15.42320728302002,15.864952087402344,16.032455444335938,16.195514678955078,16.271381378173828,16.234046936035156,16.239215850830078,16.33038330078125,16.439525604248047,16.564208984375,16.608867645263672,16.685752868652344,16.751522064208984,16.93289566040039,17.071887969970703,17.110252380371094,17.068714141845703,17.05878448486328,17.044328689575195,17.140132904052734,17.193096160888672,17.344730377197266,17.397579193115234,17.47443389892578,17.50091552734375,17.569725036621094,17.626266479492188,17.7313232421875,17.834247589111328,2024-01-31,23.708333333333332,22.40909090909091,20.400000000000002,18.563636363636363,test
2024-02-07,18.997756958007812,18.71442985534668,17.931678771972656,17.311058044433594,16.215070724487305,16.151439666748047,16.29883575439453,16.417428970336914,16.582660675048828,16.7012939453125,16.777515411376953,16.945209503173828,17.208646774291992,17.32361602783203,17.307769775390625,17.153352737426758,17.070377349853516,17.06698989868164,17.117820739746094,17.157272338867188,17.311058044433594,17.3442325592041,17.415042877197266,17.395530700683594,17.483760833740234,17.605392456054688,17.797454833984375,17.931678771972656,18.159008026123047,18.323509216308594,18.584209442138672,18.71442985534668,18.84777069091797,18.997756958007812,2024-02-06,24.433333333333334,23.518181818181823,21.963636363636365,19.31666666666667,test
2024-02-14,22.19504165649414,20.520763397216797,20.281963348388672,18.891244888305664,22.19504165649414,21.46430206298828,20.520763397216797,19.52408218383789,18.891244888305664,18.62419891357422,18.449588775634766,18.32888412475586,18.321014404296875,18.267059326171875,18.250865936279297,18.22808837890625,18.1475772857666,18.051273345947266,18.054269790649414,18.098068237304688,18.341978073120117,18.476459503173828,18.70691680908203,18.760967254638672,18.98514175415039,19.153125762939453,19.44162368774414,19.788928985595703,20.019742965698242,20.187358856201172,20.294647216796875,20.281963348388672,20.41722297668457,20.44643783569336,2024-02-13,27.28333333333333,24.433333333333334,21.963636363636365,19.658333333333335,test
2024-02-21,21.080102920532227,20.779979705810547,20.339893341064453,19.356834411621094,17.4290771484375,17.484310150146484,17.64226531982422,17.752426147460938,17.82158088684082,17.831615447998047,17.73055076599121,17.774581909179688,17.881675720214844,18.046361923217773,18.32681655883789,18.5991268157959,18.872129440307617,19.016429901123047,19.18138885498047,19.356834411621094,19.643632888793945,19.763607025146484,19.997547149658203,20.068572998046875,20.1530818939209,20.10396385192871,20.24069595336914,20.339893341064453,20.40956687927246,20.526798248291016,20.679384231567383,20.779979705810547,20.957286834716797,21.080102920532227,2024-02-20,27.28333333333333,26.275000000000002,23.016666666666666,20.73333333333333,test
2024-02-28,21.500896453857422,21.356216430664062,20.976940155029297,19.96371078491211,18.16059112548828,18.2613468170166,18.40471839904785,18.528438568115234,18.724328994750977,18.918119430541992,18.970722198486328,19.12204360961914,19.351211547851562,19.471925735473633,19.636049270629883,19.793106079101562,19.922210693359375,19.868831634521484,19.90683364868164,19.96371078491211,20.095073699951172,20.13656234741211,20.22142791748047,20.312070846557617,20.52664566040039,20.687244415283203,20.881649017333984,20.976940155029297,21.06918716430664,21.13620948791504,21.262144088745117,21.356216430664062,21.433063507080078,21.500896453857422,2024-02-27,32.34166666666667,27.28333333333333,24.433333333333334,21.03333333333333,test
2024-03-01,22.278194427490234,21.91294288635254,21.332359313964844,20.68448829650879,21.16429328918457,20.97390365600586,20.56669044494629,20.11610221862793,19.91674041748047,19.941120147705078,20.000356674194336,20.1564884185791,20.318233489990234,20.31638526916504,20.34821128845215,20.32024383544922,20.35413932800293,20.31848907470703,20.420705795288086,20.48642349243164,20.636585235595703,20.68448829650879,20.783205032348633,20.859466552734375,21.01711082458496,21.091323852539062,21.247283935546875,21.332359313964844,21.483200073242188,21.635597229003906,21.796323776245117,21.91294288635254,22.11770248413086,22.278194427490234,2024-02-29,32.34166666666667,28.483333333333334,26.275000000000002,21.03333333333334,test
2024-03-07,23.57480239868164,23.156949996948242,22.316987991333008,21.50440216064453,20.40691566467285,20.660511016845703,20.749202728271484,20.66985511779785,20.603515625,20.58326530456543,20.57846450805664,20.59319496154785,20.684114456176758,20.658878326416016,20.778980255126953,20.887224197387695,21.107376098632812,21.238351821899414,21.409862518310547,21.50440216064453,21.61166763305664,21.567970275878906,21.612173080444336,21.700895309448242,21.889007568359375,22.029462814331055,22.193130493164062,22.316987991333008,22.466007232666016,22.701990127563477,22.948413848876953,23.156949996948242,23.431758880615234,23.57480239868164,2024-03-06,32.34166666666667,30.975000000000005,29.3,23.750000000000004,test
2024-03-14,25.31048583984375,24.770347595214844,24.290555953979492,22.87842559814453,24.41754913330078,22.87842559814453,22.0834903717041,21.869478225708008,21.982454299926758,22.145421981811523,22.164718627929688,22.175037384033203,22.2584228515625,22.263805389404297,22.23703384399414,22.240291595458984,22.383241653442383,22.45166015625,22.552173614501953,22.60459327697754,22.84234046936035,22.92501449584961,23.10965347290039,23.279727935791016,23.43236541748047,23.624513626098633,23.9233341217041,24.119327545166016,24.290555953979492,24.422380447387695,24.613327026367188,24.770347595214844,25.10605239868164,25.31048583984375,2024-03-13,32.34166666666667,30.975000000000005,29.3,24.38333333333333,test
2024-03-21,26.597576141357422,26.067058563232422,25.568824768066406,23.542198181152344,22.807281494140625,22.616043090820312,22.051801681518555,21.514999389648438,21.35162925720215,21.40099334716797,21.406692504882812,21.451171875,21.65581512451172,21.84572982788086,22.122024536132812,22.380094528198242,22.640636444091797,22.863162994384766,23.200565338134766,23.542198181152344,23.875032424926758,24.036890029907227,24.18209457397461,24.374732971191406,24.609899520874023,24.93496322631836,25.326000213623047,25.568824768066406,25.69642448425293,25.78306770324707,25.923294067382812,26.067058563232422,26.330867767333984,26.597576141357422,2024-03-20,34.16666666666667,31.941666666666666,29.625,26.275000000000002,test
2024-03-28,27.1473331451416,26.78336524963379,26.335508346557617,25.310895919799805,26.335508346557617,24.612268447875977,23.54779052734375,23.125314712524414,23.144243240356445,23.326976776123047,23.510822296142578,23.74029541015625,24.02522087097168,24.275163650512695,24.4215087890625,24.521177291870117,24.582687377929688,24.677967071533203,24.89265251159668,25.12059211730957,25.34296417236328,25.310895919799805,25.38702392578125,25.501300811767578,25.660335540771484,25.776113510131836,26.00685691833496,26.27164077758789,26.423391342163086,26.59059715270996,26.699810028076172,26.78336524963379,26.93915367126465,27.1473331451416,2024-03-27,39.25833333333333,34.4,30.975000000000005,28.483333333333334,test
2024-04-01,28.48316764831543,28.15691566467285,27.758588790893555,26.54418182373047,27.347881317138672,26.219711303710938,25.58631706237793,25.30537223815918,25.179271697998047,25.183664321899414,25.18911361694336,25.214805603027344,25.350433349609375,25.487682342529297,25.66555404663086,25.871360778808594,25.9981689453125,26.025606155395508,26.114643096923828,26.290863037109375,26.54418182373047,26.680023193359375,26.938549041748047,27.165761947631836,27.30832290649414,27.448312759399414,27.6058292388916,27.758588790893555,27.86703872680664,27.966449737548828,28.07184600830078,28.15691566467285,28.306556701660156,28.48316764831543,2024-03-31,39.25833333333333,34.4,30.025000000000006,27.96666666666667,test
2024-04-07,29.45648956298828,29.179088592529297,28.617145538330078,27.493539810180664,23.526599884033203,24.28815269470215,24.799671173095703,25.24051856994629,25.64278793334961,25.822982788085938,25.842164993286133,25.866336822509766,25.99951171875,26.23322296142578,26.453516006469727,26.655567169189453,26.852901458740234,26.931739807128906,27.136947631835938,27.493539810180664,27.68613052368164,27.755802154541016,27.988908767700195,28.11809730529785,28.180274963378906,28.229759216308594,28.3996524810791,28.617145538330078,28.769418716430664,28.929800033569336,29.0636043548584,29.179088592529297,29.34358787536621,29.45648956298828,2024-04-06,39.25833333333333,34.4,29.041666666666668,26.924999999999997,test
2024-04-14,30.028881072998047,29.750873565673828,29.206581115722656,28.118526458740234,25.11392593383789,25.4871883392334,25.849666595458984,26.063982009887695,26.175640106201172,26.349328994750977,26.525564193725586,26.61907958984375,26.835247039794922,27.064756393432617,27.28709602355957,27.517475128173828,27.65312385559082,27.7459659576416,27.882688522338867,28.118526458740234,28.374181747436523,28.47652816772461,28.570926666259766,28.69157600402832,28.763628005981445,28.847835540771484,29.000886917114258,29.206581115722656,29.411972045898438,29.570531845092773,29.662933349609375,29.750873565673828,29.922006607055664,30.028881072998047,2024-04-13,39.25833333333333,37.38333333333333,29.625,28.15833333333333,test
2024-04-21,30.92675018310547,30.68563461303711,30.22772979736328,29.362590789794922,29.109235763549805,28.74928092956543,28.311086654663086,28.07406234741211,28.176008224487305,28.320287704467773,28.337312698364258,28.35271644592285,28.543489456176758,28.77021598815918,28.91787338256836,28.989669799804688,29.025928497314453,29.073251724243164,29.21184730529785,29.362590789794922,29.518985748291016,29.624540328979492,29.709447860717773,29.754039764404297,29.78458023071289,29.84798812866211,29.999801635742188,30.22772979736328,30.399627685546875,30.54112434387207,30.612934112548828,30.68563461303711,30.820720672607422,30.92675018310547,2024-04-20,39.25833333333333,37.38333333333333,34.4,28.15833333333333,test
2024-04-28,31.42673683166504,31.331880569458008,31.03500747680664,30.086301803588867,27.823253631591797,28.513694763183594,28.811153411865234,28.781410217285156,28.852500915527344,28.88924789428711,28.925458908081055,28.93919563293457,29.055410385131836,29.232219696044922,29.44327735900879,29.558456420898438,29.64809799194336,29.675121307373047,29.849668502807617,30.086301803588867,30.25685691833496,30.354215621948242,30.509658813476562,30.60157012939453,30.635761260986328,30.734704971313477,30.854934692382812,31.03500747680664,31.137638092041016,31.22806739807129,31.275508880615234,31.331880569458008,31.37207794189453,31.42673683166504,2024-04-27,38.25833333333333,36.966666666666676,34.61666666666667,28.66666666666667,test
2024-05-01,31.748279571533203,31.4583740234375,31.159671783447266,30.357664108276367,27.560382843017578,28.075708389282227,28.491369247436523,28.737855911254883,28.93441390991211,29.0457706451416,29.229759216308594,29.347129821777344,29.438987731933594,29.51756477355957,29.618743896484375,29.696956634521484,29.84581184387207,29.977514266967773,30.159452438354492,30.357664108276367,30.476970672607422,30.544456481933594,30.6796817779541,30.82608413696289,30.889122009277344,31.001361846923828,31.071182250976562,31.159671783447266,31.20539093017578,31.2615909576416,31.30710220336914,31.4583740234375,31.613258361816406,31.748279571533203,2024-04-30,38.25833333333333,36.966666666666676,34.61666666666667,28.675,test
2024-05-07,32.35942077636719,32.06577682495117,31.58769989013672,30.879247665405273,24.93451499938965,26.8677921295166,27.986431121826172,28.428239822387695,28.743576049804688,28.908893585205078,29.181066513061523,29.51660919189453,29.749183654785156,29.9166202545166,30.159521102905273,30.30203628540039,30.39666175842285,30.49333953857422,30.667142868041992,30.879247665405273,30.95256805419922,30.986663818359375,31.041364669799805,31.095577239990234,31.133258819580078,31.280677795410156,31.431163787841797,31.58769989013672,31.7503719329834,31.835643768310547,31.939224243164062,32.06577682495117,32.228912353515625,32.35942077636719,2024-05-06,38.25833333333333,36.966666666666676,35.800000000000004,31.89166666666667,test
2024-05-14,32.680694580078125,32.40255355834961,32.009483337402344,31.356311798095703,26.980731964111328,28.32097816467285,29.11465072631836,29.587411880493164,29.997310638427734,30.15635871887207,30.319034576416016,30.498821258544922,30.635347366333008,30.721416473388672,30.824169158935547,30.834360122680664,30.827993392944336,30.906015396118164,31.102529525756836,31.356311798095703,31.511878967285156,31.615779876708984,31.679107666015625,31.70104217529297,31.715473175048828,31.795188903808594,31.862777709960938,32.009483337402344,32.12029266357422,32.19341278076172,32.26463317871094,32.40255355834961,32.56950378417969,32.680694580078125,2024-05-13,39.608333333333334,38.07500000000001,36.32727272727273,33.85454545454545,test
2024-05-21,35.22853469848633,33.65877914428711,33.509891510009766,32.58271789550781,35.22853469848633,33.65877914428711,32.4193115234375,31.7250919342041,31.3835391998291,31.234920501708984,31.32529640197754,31.499229431152344,31.68927574157715,31.940828323364258,32.036014556884766,32.10719299316406,32.07261276245117,32.184295654296875,32.33722686767578,32.422306060791016,32.49257278442383,32.58271789550781,32.692840576171875,32.74489212036133,32.85321807861328,32.933624267578125,32.995506286621094,33.21847915649414,33.38418197631836,33.5328254699707,33.509891510009766,33.54449462890625,33.604515075683594,33.71099853515625,2024-05-20,41.00909090909091,40.60909090909092,37.90833333333334,35.800000000000004,test
2024-05-28,35.178462982177734,34.00569152832031,33.81877136230469,33.24319839477539,35.178462982177734,33.50817108154297,32.394290924072266,32.014442443847656,31.90782356262207,31.882850646972656,31.995777130126953,32.12522888183594,32.1825065612793,32.37184143066406,32.40922927856445,32.58943557739258,32.651432037353516,32.74922180175781,32.84748458862305,33.020755767822266,33.14155197143555,33.24319839477539,33.40068817138672,33.466835021972656,33.48847198486328,33.477699279785156,33.54727554321289,33.718048095703125,33.81877136230469,33.874755859375,33.873085021972656,33.93557357788086,34.00569152832031,34.145992279052734,2024-05-27,41.00909090909091,40.60909090909092,37.07272727272727,36.13636363636363,test
2024-06-01,34.24821853637695,34.069820404052734,33.75126266479492,33.26553726196289,30.783254623413086,31.2392578125,31.492887496948242,31.61250877380371,31.744741439819336,31.907325744628906,32.1367301940918,32.30218505859375,32.40975570678711,32.537925720214844,32.62348175048828,32.80694580078125,32.93336868286133,33.05120849609375,33.17613983154297,33.28542709350586,33.26553726196289,33.31747817993164,33.40037155151367,33.489280700683594,33.5257682800293,33.58905029296875,33.64309310913086,33.75126266479492,33.819583892822266,33.93326950073242,34.012874603271484,34.069820404052734,34.159725189208984,34.24821853637695,2024-05-31,41.00909090909091,40.60909090909092,37.17272727272727,36.475,test
2024-06-07,36.43060302734375,34.979270935058594,34.809364318847656,34.22486114501953,36.43060302734375,35.081993103027344,34.02248764038086,33.60392761230469,33.45439147949219,33.52042770385742,33.624366760253906,33.71201705932617,33.80937957763672,33.87129211425781,33.830570220947266,33.879329681396484,33.88242721557617,33.9588623046875,34.001487731933594,34.04407501220703,34.145748138427734,34.22486114501953,34.288177490234375,34.422637939453125,34.46088409423828,34.538299560546875,34.60696792602539,34.710289001464844,34.75920104980469,34.809364318847656,34.841148376464844,34.867835998535156,34.879905700683594,34.979270935058594,2024-06-06,41.00909090909091,40.60909090909092,37.17272727272727,36.5,test
2024-06-14,38.03443908691406,35.71599578857422,35.63179397583008,35.270729064941406,38.03443908691406,36.302242279052734,35.270729064941406,34.92095947265625,34.680015563964844,34.627323150634766,34.69926834106445,34.652034759521484,34.57659912109375,34.64533615112305,34.668914794921875,34.82757568359375,34.897552490234375,35.00386047363281,35.06586456298828,35.13752365112305,35.13385772705078,35.19190216064453,35.280853271484375,35.360591888427734,35.36616897583008,35.40765380859375,35.422855377197266,35.50310516357422,35.533756256103516,35.63179397583008,35.653045654296875,35.67790603637695,35.67576599121094,35.71599578857422,2024-06-13,41.00909090909091,39.22727272727272,37.45454545454545,36.50909090909091,test
2024-06-21,36.128204345703125,36.09904479980469,36.03177261352539,35.818992614746094,35.88279724121094,35.438045501708984,35.37583541870117,35.42873001098633,35.39430618286133,35.37627029418945,35.438209533691406,35.452003479003906,35.43642044067383,35.491146087646484,35.52261734008789,35.57301330566406,35.55026626586914,35.59785079956055,35.69948196411133,35.79847717285156,35.818992614746094,35.92043685913086,35.927181243896484,36.03177261352539,36.010284423828125,35.986995697021484,35.99480056762695,36.022640228271484,36.03706741333008,36.099334716796875,36.09904479980469,36.09524154663086,36.076446533203125,36.128204345703125,2024-06-20,39.22727272727272,39.15454545454545,37.40833333333334,36.5,test
2024-06-28,36.89463806152344,36.35844039916992,36.33170700073242,36.267696380615234,36.89463806152344,36.280216217041016,36.002052307128906,35.90032958984375,35.758338928222656,35.72509765625,35.86045837402344,35.91459274291992,35.896949768066406,35.98490905761719,36.051307678222656,36.140708923339844,36.189178466796875,36.23478698730469,36.25998306274414,36.26927947998047,36.24687957763672,36.28697967529297,36.229217529296875,36.33246994018555,36.31092071533203,36.333744049072266,36.35844039916992,36.33170700073242,36.31247329711914,36.41038513183594,36.3494758605957,36.31859588623047,36.267696380615234,36.27518081665039,2024-06-27,39.22727272727272,39.15454545454545,37.45454545454545,36.654545454545456,test
2024-07-01,36.254371643066406,36.21625900268555,36.17091751098633,36.026611328125,34.79752731323242,34.92024230957031,35.08733367919922,35.293575286865234,35.412925720214844,35.45783996582031,35.56049728393555,35.600494384765625,35.69359588623047,35.832515716552734,35.9571647644043,36.002960205078125,35.993099212646484,36.017940521240234,36.02277374267578,36.05406951904297,36.061065673828125,36.17091751098633,36.14324188232422,36.254371643066406,36.15592956542969,36.21625900268555,36.19117736816406,36.17204284667969,36.17809295654297,36.23663330078125,36.14679718017578,36.07176971435547,36.026611328125,36.0626220703125,2024-06-30,39.22727272727272,39.15454545454545,37.45454545454545,36.43636363636363,test
2024-07-07,36.13998031616211,36.084808349609375,36.00465393066406,35.96109390258789,33.51323699951172,34.1549072265625,34.796180725097656,35.20540237426758,35.369449615478516,35.35652160644531,35.50078582763672,35.57946014404297,35.64009475708008,35.7176628112793,35.86061096191406,35.96109390258789,35.97869873046875,35.985347747802734,36.00001525878906,36.04883575439453,36.00921630859375,36.11091232299805,36.084808349609375,36.13998031616211,35.95570373535156,36.00465393066406,35.98005676269531,35.959495544433594,35.983795166015625,36.05770492553711,35.99223327636719,35.98191452026367,35.88128662109375,35.83550262451172,2024-07-06,39.22727272727272,39.15454545454545,37.40833333333334,36.43333333333334,test
2024-07-14,36.717525482177734,36.70347595214844,36.68634033203125,36.62956619262695,36.23172378540039,36.354469299316406,36.56382369995117,36.70347595214844,36.717525482177734,36.636322021484375,36.69696807861328,36.665794372558594,36.64521789550781,36.62956619262695,36.678470611572266,36.68634033203125,36.642677307128906,36.57236862182617,36.60360336303711,36.66746139526367,36.656639099121094,36.69158172607422,36.69947052001953,36.71238708496094,36.534523010253906,36.599510192871094,36.53541564941406,36.49504852294922,36.424468994140625,36.41936111450195,36.2889518737793,36.18048095703125,36.0905876159668,36.06913375854492,2024-07-13,37.75833333333333,37.40833333333334,36.875,35.84166666666666,test
2024-07-21,37.44403839111328,36.963314056396484,36.5136833190918,36.40117263793945,37.44403839111328,37.18281173706055,36.963314056396484,36.79582977294922,36.56462478637695,36.42201232910156,36.4381217956543,36.39161682128906,36.40704345703125,36.43097686767578,36.49750900268555,36.5136833190918,36.5174446105957,36.461509704589844,36.40117263793945,36.413352966308594,36.392913818359375,36.39360046386719,36.3382682800293,36.33486557006836,36.175418853759766,36.161155700683594,36.093589782714844,36.022911071777344,35.89948272705078,35.91355895996094,35.79608154296875,35.72983932495117,35.59907531738281,35.59749984741211,2024-07-20,37.78181818181818,37.36666666666667,36.78333333333333,35.68181818181818,test
2024-07-28,36.407318115234375,36.340240478515625,36.27503204345703,36.013526916503906,35.871986389160156,36.013526916503906,36.150455474853516,36.27503204345703,36.3026237487793,36.23609924316406,36.26667022705078,36.19070816040039,36.238494873046875,36.30741500854492,36.396480560302734,36.407318115234375,36.340240478515625,36.29889678955078,36.237518310546875,36.19538116455078,36.0079460144043,35.90394592285156,35.77562713623047,35.720985412597656,35.4652099609375,35.450042724609375,35.385276794433594,35.35379409790039,35.317298889160156,35.39213180541992,35.21729278564453,35.08842086791992,34.975589752197266,35.02507019042969,2024-07-27,37.89090909090908,37.36666666666667,36.291666666666664,35.53636363636363,test
2024-08-01,36.59062576293945,36.31721496582031,36.19048309326172,35.96547317504883,36.59062576293945,36.48487091064453,36.30897521972656,36.19048309326172,36.13809585571289,36.1640510559082,36.31721496582031,36.27777099609375,36.2553596496582,36.17134094238281,36.09268569946289,36.07917022705078,35.99861526489258,35.997840881347656,35.96547317504883,35.91054916381836,35.69087600708008,35.58264923095703,35.54013442993164,35.56848907470703,35.485843658447266,35.52762985229492,35.460147857666016,35.36300277709961,35.20850372314453,35.26536560058594,35.16935348510742,35.178794860839844,35.154624938964844,35.145225524902344,2024-07-31,37.89090909090908,37.36666666666667,36.291666666666664,35.50833333333333,test
2024-08-07,36.09130859375,36.00953674316406,35.89481735229492,35.3597412109375,36.089752197265625,36.09130859375,36.00953674316406,35.960655212402344,35.91343688964844,35.89481735229492,35.946266174316406,35.812522888183594,35.76766586303711,35.62983703613281,35.52681350708008,35.40271759033203,35.3597412109375,35.39559555053711,35.38399124145508,35.34159851074219,35.1844596862793,35.130001068115234,35.06526184082031,35.15312194824219,35.036190032958984,35.10053253173828,35.06544494628906,35.019683837890625,34.88740539550781,34.858062744140625,34.7054328918457,34.659912109375,34.594390869140625,34.58573532104492,2024-08-06,37.89090909090908,36.8909090909091,35.72727272727273,35.13636363636363,test
2024-08-14,35.87544250488281,35.61384582519531,35.258270263671875,34.82465744018555,35.87544250488281,35.83578872680664,35.61384582519531,35.43892288208008,35.281654357910156,35.23472595214844,35.32910919189453,35.2164421081543,35.258270263671875,35.11556625366211,34.984153747558594,34.87709045410156,34.82524871826172,34.82465744018555,34.80221939086914,34.85076904296875,34.77749252319336,34.69743728637695,34.61173629760742,34.57648849487305,34.44245529174805,34.500152587890625,34.502540588378906,34.416343688964844,34.246681213378906,34.238094329833984,34.066650390625,33.92095947265625,33.72932052612305,33.743892669677734,2024-08-13,37.89090909090908,37.475,35.63636363636363,34.86363636363636,test
2024-08-21,35.219181060791016,35.14426803588867,34.87234878540039,34.28901290893555,35.14426803588867,35.219181060791016,35.15196228027344,35.04212951660156,34.9422607421875,34.83244705200195,34.898399353027344,34.81047439575195,34.87234878540039,34.76948928833008,34.61023712158203,34.426937103271484,34.33323669433594,34.28901290893555,34.28501892089844,34.29792785644531,34.197105407714844,34.14622116088867,34.0433235168457,33.982547760009766,33.81714630126953,33.767337799072266,33.72052001953125,33.60770797729492,33.47145080566406,33.40666198730469,33.273338317871094,33.209014892578125,33.062232971191406,33.08299255371094,2024-08-20,37.89090909090908,36.89090909090909,35.13636363636363,33.78181818181818,test
2024-08-28,35.53660583496094,35.07454299926758,34.705718994140625,34.139766693115234,35.53660583496094,35.23811340332031,35.07454299926758,34.9792594909668,34.84771728515625,34.70947265625,34.705718994140625,34.65293884277344,34.685237884521484,34.64616012573242,34.555057525634766,34.469078063964844,34.37299346923828,34.276275634765625,34.139766693115234,34.0567626953125,33.954715728759766,33.92148971557617,33.86320877075195,33.74392318725586,33.61207962036133,33.57814025878906,33.45586395263672,33.338233947753906,33.19816970825195,33.21555709838867,33.1231689453125,33.09311294555664,32.97795867919922,32.90076446533203,2024-08-27,37.475,35.00000000000001,34.518181818181816,32.75454545454546,test
2024-09-01,34.005733489990234,33.921913146972656,33.72045135498047,33.16571044921875,33.252262115478516,33.526466369628906,33.763023376464844,33.921913146972656,34.005733489990234,33.95951843261719,33.92011260986328,33.82132339477539,33.72045135498047,33.5750732421875,33.44012451171875,33.42879104614258,33.30910110473633,33.27113723754883,33.16571044921875,33.04519271850586,32.828773498535156,32.83738708496094,32.83304977416992,32.71152877807617,32.59999084472656,32.56270980834961,32.495033264160156,32.45343780517578,32.3407096862793,32.35983657836914,32.23057174682617,32.12458801269531,31.937400817871094,31.840801239013672,2024-08-31,37.475,35.00000000000001,34.518181818181816,32.50000000000001,test
2024-09-07,33.30559158325195,33.278873443603516,33.21329879760742,32.58072280883789,33.19940185546875,33.25413513183594,33.25083541870117,33.23908233642578,33.28409194946289,33.278873443603516,33.30559158325195,33.21329879760742,33.12238311767578,33.01662826538086,32.89005661010742,32.76696014404297,32.699485778808594,32.68077087402344,32.58072280883789,32.4649658203125,32.325374603271484,32.26122283935547,32.19173049926758,32.132598876953125,31.984514236450195,31.922914505004883,31.829275131225586,31.72248077392578,31.537792205810547,31.43707275390625,31.281660079956055,31.13238525390625,30.968873977661133,30.844423294067383,2024-09-06,37.475,35.00000000000001,34.47272727272727,31.391666666666666,test
2024-09-14,33.77374267578125,33.35828399658203,32.88101577758789,32.20781326293945,33.77374267578125,33.52741622924805,33.35828399658203,33.18065643310547,33.07321548461914,32.96354675292969,32.88101577758789,32.753604888916016,32.61106872558594,32.582550048828125,32.522647857666016,32.42064666748047,32.393733978271484,32.37190628051758,32.20781326293945,32.063899993896484,31.94990348815918,31.86632537841797,31.80095100402832,31.67236328125,31.445886611938477,31.304973602294922,31.16522789001465,30.982458114624023,30.7156925201416,30.545454025268555,30.43980598449707,30.27545166015625,30.042888641357422,29.851511001586914,2024-09-13,34.699999999999996,32.6,31.518181818181816,30.45,test
2024-09-21,33.58391189575195,32.81657791137695,32.630699157714844,31.223657608032227,33.58391189575195,33.110740661621094,32.81657791137695,32.73323440551758,32.72663116455078,32.65774154663086,32.630699157714844,32.41008758544922,32.299530029296875,32.37059783935547,32.248748779296875,31.978923797607422,31.783424377441406,31.593408584594727,31.223657608032227,30.874881744384766,30.63518524169922,30.488250732421875,30.381488800048828,30.321048736572266,30.062223434448242,29.86700439453125,29.68380355834961,29.456512451171875,29.254301071166992,29.20391845703125,29.179779052734375,29.09457015991211,28.82607078552246,28.62201690673828,2024-09-20,32.65,31.816666666666666,30.76666666666667,30.049999999999997,test
2024-09-28,32.09970474243164,31.70732879638672,31.265567779541016,29.97586441040039,32.09970474243164,31.858081817626953,31.70732879638672,31.569547653198242,31.478336334228516,31.390377044677734,31.265567779541016,31.015888214111328,30.826366424560547,30.73507308959961,30.644947052001953,30.488906860351562,30.349836349487305,30.23918342590332,29.97586441040039,29.67609405517578,29.448820114135742,29.264936447143555,29.203523635864258,29.1385555267334,28.876665115356445,28.615583419799805,28.329689025878906,28.06999969482422,27.869295120239258,27.784353256225586,27.768478393554688,27.799327850341797,27.795303344726562,27.70724868774414,2024-09-27,32.6,30.76666666666667,30.383333333333336,29.366666666666664,test
2024-10-01,30.902379989624023,30.775737762451172,30.5581111907959,29.298065185546875,30.711278915405273,30.87765121459961,30.902379989624023,30.775737762451172,30.69424819946289,30.614017486572266,30.5581111907959,30.505258560180664,30.392602920532227,30.292896270751953,30.114774703979492,29.835674285888672,29.617504119873047,29.514820098876953,29.298065185546875,29.093820571899414,28.926860809326172,28.801626205444336,28.639047622680664,28.433549880981445,28.194900512695312,28.048791885375977,27.975736618041992,27.92295265197754,27.799585342407227,27.65315818786621,27.529521942138672,27.381662368774414,27.189098358154297,26.987768173217773,2024-09-30,31.525000000000006,30.658333333333335,30.25,28.974999999999998,test
2024-10-07,30.040294647216797,29.957015991210938,29.479854583740234,27.986351013183594,29.91966438293457,30.035863876342773,30.040294647216797,29.957015991210938,29.833799362182617,29.638492584228516,29.479854583740234,29.277210235595703,29.01681137084961,28.882997512817383,28.819204330444336,28.638212203979492,28.450706481933594,28.298742294311523,27.986351013183594,27.75472068786621,27.540937423706055,27.53421401977539,27.484859466552734,27.402324676513672,27.2424373626709,27.06006622314453,26.876155853271484,26.639869689941406,26.488304138183594,26.400808334350586,26.29993438720703,26.171518325805664,25.984651565551758,25.741859436035156,2024-10-06,31.525000000000006,30.491666666666664,29.41666666666666,27.86666666666667,test
2024-10-14,29.560169219970703,28.98490333557129,28.338314056396484,27.174104690551758,29.560169219970703,29.249805450439453,28.98490333557129,28.814908981323242,28.6864013671875,28.498369216918945,28.338314056396484,28.084665298461914,27.83653450012207,27.7823429107666,27.775182723999023,27.70758628845215,27.633848190307617,27.47813606262207,27.174104690551758,26.92107391357422,26.753801345825195,26.702363967895508,26.656238555908203,26.506973266601562,26.317386627197266,26.028764724731445,25.77938461303711,25.488208770751953,25.296358108520508,25.17493438720703,25.10784912109375,25.05158805847168,24.813980102539062,24.490617752075195,2024-10-13,31.525000000000006,29.041666666666668,28.024999999999995,25.933333333333334,test
2024-10-21,28.11689567565918,27.234331130981445,27.105396270751953,25.88330841064453,28.11689567565918,27.548784255981445,27.124248504638672,27.105396270751953,27.169771194458008,27.234331130981445,27.153717041015625,26.930856704711914,26.615520477294922,26.432621002197266,26.269868850708008,26.07321548461914,26.063692092895508,26.041139602661133,25.88330841064453,25.701763153076172,25.314165115356445,25.098712921142578,25.157140731811523,25.198701858520508,25.182159423828125,24.97464942932129,24.694198608398438,24.431156158447266,24.256046295166016,24.200029373168945,24.12114143371582,23.969646453857422,23.726119995117188,23.54231071472168,2024-10-20,28.974999999999998,27.725000000000005,26.425,24.391666666666666,test
2024-10-28,27.570512771606445,26.32394027709961,25.779094696044922,25.069549560546875,27.570512771606445,26.77016830444336,26.32394027709961,26.10960578918457,25.934829711914062,25.858448028564453,25.779094696044922,25.67131805419922,25.45672035217285,25.264240264892578,25.1690731048584,25.069549560546875,25.34838104248047,25.57042121887207,25.476490020751953,24.967594146728516,24.26947021484375,23.957136154174805,23.999008178710938,24.15358543395996,24.013511657714844,23.67812156677246,23.449493408203125,23.393333435058594,23.486526489257812,23.51355743408203,23.49776840209961,23.2232723236084,22.964771270751953,22.760665893554688,2024-10-27,28.974999999999998,26.583333333333332,25.3,24.375,test
2024-11-01,25.60385513305664,25.43415641784668,25.116783142089844,23.536630630493164,25.071582794189453,25.12994956970215,25.208608627319336,25.116783142089844,24.99599838256836,24.854379653930664,24.927814483642578,25.15696907043457,25.43415641784668,25.60385513305664,25.50503921508789,24.807390213012695,24.088951110839844,23.60796546936035,23.479238510131836,23.536630630493164,23.472137451171875,23.476171493530273,23.483102798461914,23.431358337402344,23.459375381469727,23.393939971923828,23.244670867919922,23.04039764404297,23.00126075744629,22.946449279785156,22.844635009765625,22.55009651184082,22.24449920654297,21.958637237548828,2024-10-31,27.725000000000005,25.883333333333336,25.133333333333336,23.96666666666667,test
2024-11-07,26.743127822875977,25.7963809967041,24.314695358276367,23.25415802001953,26.743127822875977,26.125871658325195,25.7963809967041,25.578954696655273,25.321399688720703,24.845827102661133,24.314695358276367,23.871084213256836,23.68351173400879,23.705720901489258,23.657075881958008,23.427751541137695,23.4016056060791,23.32920265197754,23.25415802001953,23.063106536865234,22.81989288330078,22.633739471435547,22.456933975219727,22.221162796020508,22.102745056152344,21.970571517944336,21.84136199951172,21.694252014160156,21.591331481933594,21.444225311279297,21.43710708618164,21.336185455322266,21.08740997314453,20.889429092407227,2024-11-06,26.425,25.25833333333333,24.375,22.708333333333332,test
2024-11-14,23.693283081054688,23.273059844970703,22.84462547302246,21.484054565429688,23.693283081054688,23.314136505126953,23.273059844970703,23.22093391418457,23.03226089477539,22.780166625976562,22.597347259521484,22.6549129486084,22.84462547302246,22.887287139892578,22.66325569152832,22.160316467285156,21.850160598754883,21.484054565429688,21.403717041015625,21.42975616455078,21.490915298461914,21.397666931152344,21.24225616455078,20.964351654052734,20.977773666381836,20.922239303588867,20.780948638916016,20.57577896118164,20.503469467163086,20.32661247253418,20.189105987548828,19.906524658203125,19.676530838012695,19.665679931640625,2024-11-13,25.133333333333336,24.391666666666666,23.10833333333333,21.008333333333333,test
2024-11-21,22.812210083007812,22.547237396240234,21.5657901763916,21.08820343017578,22.46668243408203,22.653324127197266,22.812210083007812,22.547237396240234,22.19516372680664,21.817964553833008,21.548484802246094,21.481977462768555,21.534175872802734,21.5657901763916,21.52437973022461,21.20928192138672,21.193115234375,21.13758087158203,21.08820343017578,20.932445526123047,20.90069007873535,20.78065299987793,20.65838623046875,20.2985782623291,19.934038162231445,19.645870208740234,19.75035858154297,19.92203712463379,20.100431442260742,20.03643035888672,19.880844116210938,19.694795608520508,19.561565399169922,19.505931854248047,2024-11-20,25.133333333333336,23.574999999999992,21.825,19.750000000000004,test
2024-11-28,20.413177490234375,20.267797470092773,19.99648666381836,19.195419311523438,18.482393264770508,19.560514450073242,20.304624557495117,20.413177490234375,20.267797470092773,20.143802642822266,20.127532958984375,20.047117233276367,19.99648666381836,19.867778778076172,19.866098403930664,19.77491569519043,19.615737915039062,19.288410186767578,18.97036361694336,18.822481155395508,19.00444793701172,19.191303253173828,19.28811264038086,19.087587356567383,19.116552352905273,19.135013580322266,19.19146728515625,19.195419311523438,19.028871536254883,18.61111831665039,18.378950119018555,18.241201400756836,18.07573127746582,17.975826263427734,2024-11-27,22.708333333333332,22.075,20.88333333333333,19.39166666666667,test
2024-12-01,19.854633331298828,19.75090789794922,19.560728073120117,18.94475555419922,19.71927833557129,19.7138729095459,19.75090789794922,19.84836769104004,19.854633331298828,19.7293701171875,19.560728073120117,19.36639976501465,19.222518920898438,19.078655242919922,19.021127700805664,18.94475555419922,18.97989273071289,19.032821655273438,18.969219207763672,18.832962036132812,18.74252700805664,18.759449005126953,18.876663208007812,18.830997467041016,18.89812469482422,18.685827255249023,18.501049041748047,18.23593521118164,18.130754470825195,17.870656967163086,17.752975463867188,17.749099731445312,17.642108917236328,17.633838653564453,2024-11-30,22.708333333333332,22.075,20.88333333333333,19.383333333333336,test
2024-12-07,21.850860595703125,20.424816131591797,19.505252838134766,18.883377075195312,21.850860595703125,21.020570755004883,20.424816131591797,20.021560668945312,19.788776397705078,19.60113525390625,19.505252838134766,19.42464828491211,19.386688232421875,19.321531295776367,19.219762802124023,19.073789596557617,19.013912200927734,19.01837158203125,18.883377075195312,18.668380737304688,18.613237380981445,18.55611801147461,18.51811981201172,18.318702697753906,18.212797164916992,18.078758239746094,18.12865447998047,18.097434997558594,18.081607818603516,18.01620101928711,17.98707389831543,17.914295196533203,17.820371627807617,17.728790283203125,2024-12-06,22.358333333333334,21.866666666666664,20.88333333333333,18.983333333333334,test
2024-12-14,19.436939239501953,19.24692153930664,19.031375885009766,18.207279205322266,19.436939239501953,19.33761978149414,19.24692153930664,19.19493865966797,19.140701293945312,19.083791732788086,19.02542495727539,19.031375885009766,18.919700622558594,18.813236236572266,18.727581024169922,18.58328628540039,18.489299774169922,18.29059600830078,18.1292667388916,18.0843505859375,18.08999252319336,18.131956100463867,18.207279205322266,18.078811645507812,18.070011138916016,17.863906860351562,17.787757873535156,17.70472526550293,17.73799705505371,17.75442886352539,17.726806640625,17.66486167907715,17.5057373046875,17.469966888427734,2024-12-13,21.866666666666664,20.88333333333333,19.39166666666667,18.566666666666666,test
2024-12-21,17.872495651245117,17.81233787536621,17.652942657470703,17.322738647460938,16.73813247680664,17.201496124267578,17.57602310180664,17.81233787536621,17.872495651245117,17.828433990478516,17.67818260192871,17.663665771484375,17.642593383789062,17.652942657470703,17.662967681884766,17.584278106689453,17.649093627929688,17.523378372192383,17.309795379638672,17.234100341796875,17.252273559570312,17.318660736083984,17.39012908935547,17.244766235351562,17.321773529052734,17.243810653686523,17.19232177734375,17.14223861694336,17.277511596679688,17.24936294555664,17.322738647460938,17.350831985473633,17.22655487060547,17.13707733154297,2024-12-20,21.866666666666664,21.150000000000002,19.65833333333333,18.566666666666666,test
2024-12-28,17.646724700927734,17.507190704345703,17.437835693359375,17.34508514404297,16.096294403076172,16.564987182617188,16.905879974365234,17.201961517333984,17.507190704345703,17.646724700927734,17.48021125793457,17.419334411621094,17.37546157836914,17.331932067871094,17.24370002746582,17.287349700927734,17.397327423095703,17.32979965209961,17.320968627929688,17.32883071899414,17.374431610107422,17.437835693359375,17.574628829956055,17.423934936523438,17.459531784057617,17.396591186523438,17.221168518066406,17.018972396850586,17.099185943603516,17.224246978759766,17.34508514404297,17.336383819580078,17.357845306396484,17.453350067138672,2024-12-27,21.866666666666664,21.150000000000002,19.65833333333333,18.366666666666667,test
2025-01-01,17.517398834228516,17.48378562927246,17.36308479309082,17.168846130371094,15.506142616271973,16.514263153076172,16.89370346069336,17.01345443725586,17.064041137695312,17.136253356933594,17.01759910583496,16.93145751953125,17.00126838684082,17.067035675048828,17.089481353759766,17.08333969116211,17.164825439453125,17.402250289916992,17.48378562927246,17.517398834228516,17.407054901123047,17.265167236328125,17.168846130371094,16.962825775146484,17.104026794433594,17.22433853149414,17.313751220703125,17.216327667236328,17.277610778808594,17.39825439453125,17.36308479309082,17.30520248413086,17.348896026611328,17.487140655517578,2024-12-31,21.866666666666664,21.59166666666667,19.941666666666666,18.48333333333333,test
2025-01-07,17.530654907226562,17.488475799560547,17.42705535888672,17.327972412109375,17.0500431060791,17.213064193725586,17.326873779296875,17.312374114990234,17.35812759399414,17.369338989257812,17.262672424316406,17.273839950561523,17.33767318725586,17.31281089782715,17.251968383789062,17.192617416381836,17.150310516357422,17.10294532775879,17.103633880615234,17.122722625732422,17.17814826965332,17.172719955444336,17.343917846679688,17.408042907714844,17.452232360839844,17.42705535888672,17.488475799560547,17.46529769897461,17.387939453125,17.327972412109375,17.37923812866211,17.429519653320312,17.512409210205078,17.530654907226562,2025-01-06,21.608333333333334,21.208333333333336,19.941666666666666,18.583333333333332,test
2025-01-14,19.542343139648438,18.409334182739258,18.273773193359375,18.018245697021484,19.542343139648438,18.839183807373047,18.273773193359375,17.89154624938965,17.75423240661621,17.697052001953125,17.610885620117188,17.659835815429688,17.791080474853516,17.852872848510742,17.79825210571289,17.87517547607422,17.993953704833984,18.018646240234375,17.965057373046875,17.882667541503906,17.977590560913086,17.986412048339844,18.045143127441406,18.021318435668945,18.018245697021484,17.960838317871094,18.056447982788086,18.12575340270996,18.20484161376953,18.241188049316406,18.306482315063477,18.325176239013672,18.365558624267578,18.409334182739258,2025-01-13,21.608333333333334,21.208333333333336,19.71666666666667,18.341666666666665,test
2025-01-21,18.763341903686523,18.558643341064453,18.44818687438965,18.287837982177734,18.44818687438965,18.558361053466797,18.558643341064453,18.382625579833984,18.287837982177734,18.206872940063477,18.024370193481445,17.823883056640625,17.707477569580078,17.81635284423828,17.839645385742188,17.84942626953125,17.95322036743164,18.013303756713867,17.992267608642578,17.94231414794922,18.1558780670166,18.113971710205078,18.221864700317383,18.24283790588379,18.38115692138672,18.3135929107666,18.327091217041016,18.320438385009766,18.372982025146484,18.427967071533203,18.504947662353516,18.548927307128906,18.64696502685547,18.763341903686523,2025-01-20,21.608333333333334,21.208333333333336,19.791666666666668,18.325,test
2025-01-28,19.63960838317871,19.328113555908203,19.10492515563965,18.57208251953125,17.738412857055664,17.85081672668457,17.904075622558594,17.815237045288086,17.874130249023438,17.950546264648438,18.055727005004883,18.119083404541016,18.19088363647461,18.38233184814453,18.521085739135742,18.56006622314453,18.57208251953125,18.658897399902344,18.701231002807617,18.60592269897461,18.62782096862793,18.546669006347656,18.558025360107422,18.505748748779297,18.647438049316406,18.792856216430664,19.003238677978516,19.10492515563965,19.196712493896484,19.248260498046875,19.296710968017578,19.328113555908203,19.456802368164062,19.63960838317871,2025-01-27,21.608333333333334,21.208333333333336,19.71666666666667,15.733333333333333,test
2025-02-01,20.59351348876953,20.287879943847656,19.765913009643555,19.1519775390625,17.94993019104004,18.257659912109375,18.61418914794922,18.58755874633789,18.54016876220703,18.611188888549805,18.776777267456055,19.120162963867188,19.198413848876953,19.229698181152344,19.359081268310547,19.232467651367188,19.015317916870117,18.726694107055664,18.73977279663086,18.73904800415039,18.960201263427734,18.995288848876953,19.093563079833984,19.1519775390625,19.204296112060547,19.418254852294922,19.68777084350586,19.765913009643555,19.926315307617188,20.113338470458984,20.287879943847656,20.272846221923828,20.402488708496094,20.59351348876953,2025-01-31,21.283333333333335,20.316666666666666,19.525000000000002,15.733333333333333,test
2025-02-07,20.842239379882812,20.78150177001953,20.279455184936523,18.990230560302734,13.59961223602295,15.932570457458496,17.539600372314453,18.110872268676758,18.460956573486328,18.415372848510742,18.094751358032227,17.95083236694336,18.03264617919922,18.105810165405273,18.152254104614258,18.24059295654297,18.472484588623047,18.558359146118164,18.816505432128906,18.990230560302734,19.219390869140625,19.258827209472656,19.47077751159668,19.674814224243164,19.905241012573242,19.972944259643555,20.151988983154297,20.279455184936523,20.5150089263916,20.71572494506836,20.800201416015625,20.734607696533203,20.78150177001953,20.842239379882812,2025-02-06,21.833333333333332,20.316666666666666,19.483333333333334,15.733333333333333,test
2025-02-14,21.607154846191406,20.856285095214844,20.59638023376465,20.04253387451172,15.58376407623291,16.723739624023438,17.298778533935547,17.460220336914062,17.719459533691406,17.981666564941406,18.079654693603516,18.248004913330078,18.481365203857422,18.529720306396484,18.586488723754883,18.873260498046875,19.407306671142578,19.841554641723633,20.04253387451172,19.956968307495117,20.07611846923828,20.2337589263916,20.414348602294922,20.52405548095703,20.52237892150879,20.418121337890625,20.46904182434082,20.59638023376465,20.648475646972656,20.708024978637695,20.745508193969727,20.856285095214844,21.220964431762695,21.607154846191406,2025-02-13,29.191666666666666,28.541666666666668,21.283333333333335,18.90833333333333,test
2025-02-21,22.258840560913086,21.914470672607422,21.43918800354004,20.34959602355957,16.4427490234375,17.832103729248047,18.4695987701416,18.620100021362305,18.992183685302734,19.461605072021484,19.605789184570312,19.81627655029297,20.071609497070312,20.147493362426758,20.23661994934082,20.34959602355957,20.40965461730957,20.288677215576172,20.237520217895508,20.19510269165039,20.305038452148438,20.42841148376465,20.576988220214844,20.62540626525879,20.935117721557617,21.208168029785156,21.390079498291016,21.43918800354004,21.55034637451172,21.795665740966797,21.914470672607422,21.801904678344727,21.99913787841797,22.258840560913086,2025-02-20,31.816666666666663,29.191666666666666,25.866666666666664,19.483333333333334,test
2025-02-28,22.6600284576416,22.537200927734375,21.188697814941406,21.082256317138672,18.59235954284668,18.981292724609375,19.211490631103516,19.59566307067871,20.1201229095459,20.422868728637695,20.12633514404297,19.822132110595703,19.91255760192871,20.05264663696289,20.154212951660156,20.401161193847656,20.576887130737305,20.748851776123047,20.984344482421875,21.082256317138672,21.116024017333984,21.104190826416016,21.186119079589844,21.13603973388672,21.188697814941406,21.143234252929688,21.149843215942383,21.184812545776367,21.283721923828125,21.747882843017578,22.239036560058594,22.537200927734375,22.649032592773438,22.6600284576416,2025-02-27,34.55,31.816666666666663,28.849999999999998,21.291666666666668,test
2025-03-01,22.704235076904297,22.387882232666016,21.2137508392334,20.919193267822266,17.5667724609375,18.511157989501953,19.189266204833984,19.758468627929688,20.03757095336914,19.954362869262695,19.738718032836914,19.72981071472168,19.85993194580078,20.001867294311523,20.116390228271484,20.25617027282715,20.542558670043945,20.766233444213867,20.91069793701172,20.919193267822266,21.068763732910156,21.096759796142578,21.130878448486328,21.059165954589844,21.04889678955078,21.060951232910156,21.13062286376953,21.2137508392334,21.472431182861328,21.998004913330078,22.327295303344727,22.387882232666016,22.524776458740234,22.704235076904297,2025-02-28,34.55,31.816666666666663,28.849999999999998,21.833333333333332,test
2025-03-07,23.311595916748047,22.949806213378906,21.803508758544922,20.69815444946289,17.299318313598633,18.477880477905273,19.131195068359375,19.48259735107422,19.648359298706055,19.685176849365234,19.869056701660156,20.1777286529541,20.37783432006836,20.229867935180664,20.314348220825195,20.475669860839844,20.561317443847656,20.5096492767334,20.620162963867188,20.69815444946289,20.845535278320312,20.897441864013672,21.121110916137695,21.29388427734375,21.56352424621582,21.666284561157227,21.68963623046875,21.803508758544922,22.13027572631836,22.32506561279297,22.677169799804688,22.949806213378906,23.258283615112305,23.311595916748047,2025-03-06,34.55,31.816666666666663,28.974999999999994,24.966666666666665,test
2025-03-14,26.990734100341797,25.887834548950195,25.327180862426758,23.796979904174805,26.990734100341797,25.266313552856445,23.699405670166016,23.000797271728516,22.758861541748047,22.76946258544922,22.754377365112305,22.71209716796875,22.79266929626465,22.80780792236328,22.886489868164062,23.19853973388672,23.46498680114746,23.544261932373047,23.583354949951172,23.524940490722656,23.647979736328125,23.796979904174805,24.09945297241211,24.296274185180664,24.617460250854492,24.883455276489258,25.025720596313477,25.227140426635742,25.327180862426758,25.423521041870117,25.474096298217773,25.628814697265625,25.887834548950195,26.032434463500977,2025-03-13,35.09166666666666,33.275,29.46666666666667,26.141666666666666,test
2025-03-21,26.40133285522461,26.161584854125977,25.73967742919922,24.481380462646484,17.991731643676758,20.077777862548828,21.18722152709961,21.646350860595703,22.044479370117188,22.2316837310791,22.427932739257812,22.585561752319336,22.670379638671875,22.74423599243164,23.045879364013672,23.3687744140625,23.6538028717041,23.757692337036133,24.16193962097168,24.481380462646484,24.683048248291016,24.86686134338379,25.1351318359375,25.256248474121094,25.498048782348633,25.752225875854492,25.73967742919922,25.635631561279297,25.654888153076172,25.821453094482422,26.072633743286133,26.161584854125977,26.31108283996582,26.40133285522461,2025-03-20,35.09166666666666,33.275,29.46666666666667,24.966666666666665,test
2025-03-28,29.795982360839844,28.010028839111328,27.167219161987305,26.738080978393555,29.795982360839844,27.607177734375,25.282730102539062,24.389446258544922,24.388219833374023,24.712282180786133,25.18851661682129,25.450756072998047,25.60196304321289,25.6359806060791,25.769655227661133,25.94441795349121,26.102275848388672,26.467912673950195,26.992799758911133,26.905364990234375,26.546295166015625,26.244600296020508,26.547122955322266,26.738080978393555,26.945964813232422,27.04088592529297,26.95558738708496,26.94765853881836,27.03428077697754,27.167219161987305,27.380250930786133,27.691301345825195,28.010028839111328,28.334508895874023,2025-03-27,39.45833333333333,35.09166666666666,30.54545454545455,26.78333333333333,test
2025-04-01,27.927881240844727,27.620250701904297,26.759124755859375,26.466941833496094,26.759124755859375,26.54436492919922,25.91777229309082,25.427112579345703,25.071313858032227,25.27055549621582,25.765064239501953,25.905792236328125,26.071575164794922,26.36248207092285,26.466941833496094,26.406267166137695,25.902835845947266,25.583158493041992,25.596872329711914,25.799373626708984,26.031124114990234,26.222244262695312,26.502723693847656,26.479148864746094,26.53717613220215,26.5949764251709,26.54369354248047,26.69087791442871,26.804410934448242,26.843338012695312,27.2939453125,27.620250701904297,27.71049690246582,27.927881240844727,2025-03-31,39.45833333333333,35.50833333333333,30.54545454545455,27.049999999999997,test
2025-04-07,30.52419662475586,30.140058517456055,28.9813232421875,27.62602996826172,30.52419662475586,28.510786056518555,27.04173469543457,26.9781494140625,26.721214294433594,26.30982208251953,26.06380844116211,26.102720260620117,26.342741012573242,26.455984115600586,26.552261352539062,26.8228702545166,27.044273376464844,27.229829788208008,27.285505294799805,27.357877731323242,27.492652893066406,27.62602996826172,27.956491470336914,28.182708740234375,28.34856605529785,28.39401626586914,28.49550437927246,28.785110473632812,28.9813232421875,29.06174659729004,29.422157287597656,29.90707015991211,30.140058517456055,30.256633758544922,2025-04-06,39.45833333333333,35.50833333333333,30.308333333333334,27.049999999999997,test
2025-04-14,30.6165714263916,30.29292869567871,29.55650520324707,27.953310012817383,21.565711975097656,23.379039764404297,24.58991813659668,25.494224548339844,26.104738235473633,26.295764923095703,26.525259017944336,26.582565307617188,26.649457931518555,26.747955322265625,27.051376342773438,27.28610610961914,27.483617782592773,27.628841400146484,27.828283309936523,27.953310012817383,28.090349197387695,28.221328735351562,28.53167152404785,28.856332778930664,29.08098602294922,29.299314498901367,29.36649513244629,29.55650520324707,29.711936950683594,29.85977554321289,30.086811065673828,30.29292869567871,30.47309684753418,30.6165714263916,2025-04-13,39.45833333333333,35.71666666666666,32.29166666666667,29.03636363636364,test
2025-04-21,31.837915420532227,31.504209518432617,31.009685516357422,29.501041412353516,27.957454681396484,27.649681091308594,27.481428146362305,27.466957092285156,27.499366760253906,27.65540313720703,27.878429412841797,27.98832130432129,28.124454498291016,28.23042106628418,28.446706771850586,28.77642250061035,29.001880645751953,29.241069793701172,29.419038772583008,29.501041412353516,29.712326049804688,29.823638916015625,30.061153411865234,30.26836585998535,30.43160057067871,30.650617599487305,30.795454025268555,31.009685516357422,31.125690460205078,31.226078033447266,31.32131004333496,31.504209518432617,31.735027313232422,31.837915420532227,2025-04-20,40.958333333333336,38.324999999999996,33.891666666666666,29.025000000000002,test
2025-04-28,32.97813415527344,32.539188385009766,31.93738555908203,30.70973014831543,27.422487258911133,27.878063201904297,28.19508171081543,28.500675201416016,29.01004409790039,29.181564331054688,29.181915283203125,29.211641311645508,29.297075271606445,29.39702796936035,29.62036895751953,29.947349548339844,30.154417037963867,30.231517791748047,30.459089279174805,30.70973014831543,30.990989685058594,31.101106643676758,31.179372787475586,31.361770629882812,31.56500816345215,31.735139846801758,31.82046127319336,31.93738555908203,32.07732391357422,32.14457321166992,32.311241149902344,32.539188385009766,32.85318374633789,32.97813415527344,2025-04-27,40.958333333333336,35.71666666666666,33.891666666666666,29.766666666666666,test
2025-05-01,33.24366760253906,33.19545364379883,32.92789077758789,31.528656005859375,33.139129638671875,31.404815673828125,30.158117294311523,29.660079956054688,29.562305450439453,29.63890838623047,29.802995681762695,30.076658248901367,30.449302673339844,30.699363708496094,30.562267303466797,30.766246795654297,31.095687866210938,31.47249984741211,31.528656005859375,31.331581115722656,31.343740463256836,31.543283462524414,31.987674713134766,32.061134338378906,32.06614685058594,32.23100280761719,32.369773864746094,32.68148422241211,32.92789077758789,33.130680084228516,33.15269088745117,33.19545364379883,33.2264404296875,33.24366760253906,2025-04-30,40.958333333333336,35.71666666666666,33.48333333333334,29.766666666666666,test
2025-05-07,33.337554931640625,33.11769485473633,32.585243225097656,31.63906478881836,29.461469650268555,30.094985961914062,30.510025024414062,30.681425094604492,30.599472045898438,30.55418586730957,30.695125579833984,30.790267944335938,30.89751434326172,30.9034423828125,31.014965057373047,31.166732788085938,31.310409545898438,31.461017608642578,31.621644973754883,31.63906478881836,31.686744689941406,31.75638198852539,31.954484939575195,32.20930480957031,32.32957458496094,32.45359802246094,32.512359619140625,32.585243225097656,32.68577194213867,32.75263595581055,32.97509002685547,33.11769485473633,33.263633728027344,33.337554931640625,2025-05-06,40.958333333333336,35.71666666666666,33.87500000000001,30.849999999999998,test
2025-05-14,34.163761138916016,34.003021240234375,33.75094985961914,32.97465133666992,32.9643440246582,32.4117546081543,31.88254165649414,31.626859664916992,31.696027755737305,31.896581649780273,32.03239059448242,32.12949752807617,32.22089385986328,32.2071647644043,32.281742095947266,32.50718307495117,32.64896011352539,32.82318115234375,32.96943664550781,32.97465133666992,32.99421691894531,33.02492904663086,33.167884826660156,33.29624557495117,33.40504455566406,33.50562286376953,33.62701416015625,33.75094985961914,33.81025314331055,33.87445831298828,33.9672966003418,34.003021240234375,34.080238342285156,34.163761138916016,2025-05-13,40.958333333333336,35.375,34.2,32.35,test
2025-05-21,34.280643463134766,34.17856216430664,33.82941818237305,33.224327087402344,28.754592895507812,29.761669158935547,30.72235107421875,31.497589111328125,32.10955810546875,32.333194732666016,32.414615631103516,32.44871520996094,32.47867202758789,32.43546676635742,32.5213737487793,32.650856018066406,32.821998596191406,32.95470428466797,33.112030029296875,33.224327087402344,33.33573532104492,33.40648651123047,33.415916442871094,33.48684310913086,33.54475021362305,33.61750793457031,33.70620346069336,33.82941818237305,33.908721923828125,34.01260757446289,34.10786819458008,34.17856216430664,34.24617385864258,34.280643463134766,2025-05-20,40.01666666666666,35.13333333333333,34.2,32.63333333333333,test
2025-05-28,34.692352294921875,34.55499267578125,34.15773391723633,33.70408630371094,29.81951904296875,30.937217712402344,31.82060432434082,32.482330322265625,33.201351165771484,33.58677291870117,33.55464553833008,33.47598648071289,33.49036407470703,33.47684860229492,33.467132568359375,33.48176574707031,33.59444046020508,33.6664924621582,33.70408630371094,33.68268585205078,33.714046478271484,33.830081939697266,33.91209030151367,34.011085510253906,34.101524353027344,34.15283203125,34.134456634521484,34.15773391723633,34.201934814453125,34.29403305053711,34.49639892578125,34.55499267578125,34.6422233581543,34.692352294921875,2025-05-27,35.375,34.92499999999999,33.99999999999999,33.041666666666664,test
2025-06-01,34.923126220703125,34.858089447021484,34.70942306518555,34.26909637451172,34.085838317871094,33.734195709228516,33.15331268310547,32.78474426269531,32.91471862792969,33.417198181152344,33.645164489746094,33.697967529296875,33.66812515258789,33.66858673095703,33.650238037109375,33.731815338134766,33.81391143798828,34.066349029541016,34.217105865478516,34.26909637451172,34.327552795410156,34.40925979614258,34.39768981933594,34.428897857666016,34.47410583496094,34.478153228759766,34.57189178466797,34.70942306518555,34.76824188232422,34.858089447021484,34.91664123535156,34.797637939453125,34.803749084472656,34.923126220703125,2025-05-31,37.291666666666664,36.208333333333336,34.92499999999999,33.416666666666664,test
